Build And Test iOS App	Generate, build, and run implementation checks	﻿2026-09-11T00:33:10.6499120Z ##[group]Run set -euo pipefail
Build And Test iOS App	Generate, build, and run implementation checks	2026-09-11T00:33:10.6499500Z [36;1mset -euo pipefail[0m
Build And Test iOS App	Generate, build, and run implementation checks	2026-09-11T00:33:10.6499760Z [36;1mBUILD_DIR="${RUNNER_TEMP}/ios-build"[0m
Build And Test iOS App	Generate, build, and run implementation checks	2026-09-11T00:33:10.6500300Z [36;1mSMOKE_DIR="${RUNNER_TEMP}/ios-smoke"[0m
Build And Test iOS App	Generate, build, and run implementation checks	2026-09-11T00:33:10.6500660Z [36;1mmkdir -p "$BUILD_DIR" "$SMOKE_DIR"[0m
Build And Test iOS App	Generate, build, and run implementation checks	2026-09-11T00:33:10.6500930Z [36;1m[0m
Build And Test iOS App	Generate, build, and run implementation checks	2026-09-11T00:33:10.6501330Z [36;1mautobyteus-ios/scripts/ios-release-contract-check.py 2>&1 | tee "$BUILD_DIR/ios-release-contract-check.log"[0m
Build And Test iOS App	Generate, build, and run implementation checks	2026-09-11T00:33:10.6501790Z [36;1m[0m
Build And Test iOS App	Generate, build, and run implementation checks	2026-09-11T00:33:10.6502130Z [36;1mautobyteus-ios/scripts/generate-project.sh 2>&1 | tee "$BUILD_DIR/generate-project.log"[0m
Build And Test iOS App	Generate, build, and run implementation checks	2026-09-11T00:33:10.6502530Z [36;1m[0m
Build And Test iOS App	Generate, build, and run implementation checks	2026-09-11T00:33:10.6502720Z [36;1mxcodebuild \[0m
Build And Test iOS App	Generate, build, and run implementation checks	2026-09-11T00:33:10.6503010Z [36;1m  -project autobyteus-ios/AutoByteusMobile.xcodeproj \[0m
Build And Test iOS App	Generate, build, and run implementation checks	2026-09-11T00:33:10.6503330Z [36;1m  -scheme "${IOS_APP_SCHEME}" \[0m
Build And Test iOS App	Generate, build, and run implementation checks	2026-09-11T00:33:10.6503660Z [36;1m  -destination "$IOS_SIMULATOR_DESTINATION" \[0m
Build And Test iOS App	Generate, build, and run implementation checks	2026-09-11T00:33:10.6504070Z [36;1m  IOS_BUNDLE_ID="$IOS_BUNDLE_ID" \[0m
Build And Test iOS App	Generate, build, and run implementation checks	2026-09-11T00:33:10.6504420Z [36;1m  IOS_SHARE_EXTENSION_BUNDLE_ID="$IOS_SHARE_EXTENSION_BUNDLE_ID" \[0m
Build And Test iOS App	Generate, build, and run implementation checks	2026-09-11T00:33:10.6504790Z [36;1m  MARKETING_VERSION="$MARKETING_VERSION" \[0m
Build And Test iOS App	Generate, build, and run implementation checks	2026-09-11T00:33:10.6505130Z [36;1m  CURRENT_PROJECT_VERSION="$CURRENT_PROJECT_VERSION" \[0m
Build And Test iOS App	Generate, build, and run implementation checks	2026-09-11T00:33:10.6505570Z [36;1m  build 2>&1 | tee "$BUILD_DIR/xcodebuild-simulator-build.log"[0m
Build And Test iOS App	Generate, build, and run implementation checks	2026-09-11T00:33:10.6505920Z [36;1m[0m
Build And Test iOS App	Generate, build, and run implementation checks	2026-09-11T00:33:10.6506170Z [36;1mrm -rf "$BUILD_DIR/AutoByteusMobileCoreTests.xcresult"[0m
Build And Test iOS App	Generate, build, and run implementation checks	2026-09-11T00:33:10.6506490Z [36;1mxcodebuild \[0m
Build And Test iOS App	Generate, build, and run implementation checks	2026-09-11T00:33:10.6506790Z [36;1m  -project autobyteus-ios/AutoByteusMobile.xcodeproj \[0m
Build And Test iOS App	Generate, build, and run implementation checks	2026-09-11T00:33:10.6507120Z [36;1m  -scheme "${IOS_APP_SCHEME}" \[0m
Build And Test iOS App	Generate, build, and run implementation checks	2026-09-11T00:33:10.6507440Z [36;1m  -destination "$IOS_SIMULATOR_DESTINATION" \[0m
Build And Test iOS App	Generate, build, and run implementation checks	2026-09-11T00:33:10.6507890Z [36;1m  -resultBundlePath "$BUILD_DIR/AutoByteusMobileCoreTests.xcresult" \[0m
Build And Test iOS App	Generate, build, and run implementation checks	2026-09-11T00:33:10.6508490Z [36;1m  -only-testing:AutoByteusMobileCoreTests \[0m
Build And Test iOS App	Generate, build, and run implementation checks	2026-09-11T00:33:10.6508800Z [36;1m  IOS_BUNDLE_ID="$IOS_BUNDLE_ID" \[0m
Build And Test iOS App	Generate, build, and run implementation checks	2026-09-11T00:33:10.6509240Z [36;1m  IOS_SHARE_EXTENSION_BUNDLE_ID="$IOS_SHARE_EXTENSION_BUNDLE_ID" \[0m
Build And Test iOS App	Generate, build, and run implementation checks	2026-09-11T00:33:10.6509710Z [36;1m  MARKETING_VERSION="$MARKETING_VERSION" \[0m
Build And Test iOS App	Generate, build, and run implementation checks	2026-09-11T00:33:10.6510090Z [36;1m  CURRENT_PROJECT_VERSION="$CURRENT_PROJECT_VERSION" \[0m
Build And Test iOS App	Generate, build, and run implementation checks	2026-09-11T00:33:10.6510480Z [36;1m  test 2>&1 | tee "$BUILD_DIR/xcodebuild-core-tests.log"[0m
Build And Test iOS App	Generate, build, and run implementation checks	2026-09-11T00:33:10.6510760Z [36;1m[0m
Build And Test iOS App	Generate, build, and run implementation checks	2026-09-11T00:33:10.6511140Z [36;1mautobyteus-ios/scripts/ios-simulator-smoke.sh "$SMOKE_DIR" 2>&1 | tee "$SMOKE_DIR/simulator-smoke.log"[0m
Build And Test iOS App	Generate, build, and run implementation checks	2026-09-11T00:33:10.6511570Z [36;1m[0m
Build And Test iOS App	Generate, build, and run implementation checks	2026-09-11T00:33:10.6512090Z [36;1mapp_path="$(find "$HOME/Library/Developer/Xcode/DerivedData" -path '*/Build/Products/Debug-iphonesimulator/AutoByteus.app' -type d | head -n 1 || true)"[0m
Build And Test iOS App	Generate, build, and run implementation checks	2026-09-11T00:33:10.6512710Z [36;1mif [[ -n "$app_path" && -d "$app_path" ]]; then[0m
Build And Test iOS App	Generate, build, and run implementation checks	2026-09-11T00:33:10.6513180Z [36;1m  ditto -c -k --keepParent "$app_path" "$BUILD_DIR/${IOS_ARTIFACT_PREFIX}-1.4.69-simulator-app.zip"[0m
Build And Test iOS App	Generate, build, and run implementation checks	2026-09-11T00:33:10.6513600Z [36;1mfi[0m
Build And Test iOS App	Generate, build, and run implementation checks	2026-09-11T00:33:10.6554390Z shell: /bin/bash --noprofile --norc -e -o pipefail {0}
Build And Test iOS App	Generate, build, and run implementation checks	2026-09-11T00:33:10.6554750Z env:
Build And Test iOS App	Generate, build, and run implementation checks	2026-09-11T00:33:10.6554990Z   IOS_APP_SCHEME: AutoByteusMobile
Build And Test iOS App	Generate, build, and run implementation checks	2026-09-11T00:33:10.6555280Z   IOS_BUNDLE_ID: org.autobyteus.mobile
Build And Test iOS App	Generate, build, and run implementation checks	2026-09-11T00:33:10.6555700Z   IOS_SHARE_EXTENSION_BUNDLE_ID: org.autobyteus.mobile.share
Build And Test iOS App	Generate, build, and run implementation checks	2026-09-11T00:33:10.6556140Z   IOS_ARTIFACT_PREFIX: AutoByteus_personal_ios
Build And Test iOS App	Generate, build, and run implementation checks	2026-09-11T00:33:10.6556530Z   IOS_XCODE_APP_PATH: /Applications/Xcode_26.3.app
Build And Test iOS App	Generate, build, and run implementation checks	2026-09-11T00:33:10.6556890Z   DEVELOPER_DIR: /Applications/Xcode_26.3.app/Contents/Developer
Build And Test iOS App	Generate, build, and run implementation checks	2026-09-11T00:33:10.6557380Z   IOS_SIMULATOR_DESTINATION: platform=iOS Simulator,id=5FEB61C5-E3F5-471D-AE23-8A07438D5E92
Build And Test iOS App	Generate, build, and run implementation checks	2026-09-11T00:33:10.6557790Z   MARKETING_VERSION: 1.4.69
Build And Test iOS App	Generate, build, and run implementation checks	2026-09-11T00:33:10.6558020Z   CURRENT_PROJECT_VERSION: 131
Build And Test iOS App	Generate, build, and run implementation checks	2026-09-11T00:33:10.6558850Z ##[endgroup]
Build And Test iOS App	Generate, build, and run implementation checks	2026-09-11T00:33:11.2195890Z iOS release contract checks passed.
Build And Test iOS App	Generate, build, and run implementation checks	2026-09-11T00:33:11.3205260Z ⚙️  Generating plists...
Build And Test iOS App	Generate, build, and run implementation checks	2026-09-11T00:33:11.3207960Z ⚙️  Generating project...
Build And Test iOS App	Generate, build, and run implementation checks	2026-09-11T00:33:11.3614990Z ⚙️  Writing project...
Build And Test iOS App	Generate, build, and run implementation checks	2026-09-11T00:33:11.3823530Z Created project at /Users/runner/work/autobyteus-workspace/autobyteus-workspace/autobyteus-ios/AutoByteusMobile.xcodeproj
Build And Test iOS App	Generate, build, and run implementation checks	2026-09-11T00:33:12.6098770Z Command line invocation:
Build And Test iOS App	Generate, build, and run implementation checks	2026-09-11T00:33:12.6216150Z     /Applications/Xcode_26.3.app/Contents/Developer/usr/bin/xcodebuild -project autobyteus-ios/AutoByteusMobile.xcodeproj -scheme AutoByteusMobile -destination "platform=iOS Simulator,id=5FEB61C5-E3F5-471D-AE23-8A07438D5E92" IOS_BUNDLE_ID=org.autobyteus.mobile IOS_SHARE_EXTENSION_BUNDLE_ID=org.autobyteus.mobile.share MARKETING_VERSION=1.4.69 CURRENT_PROJECT_VERSION=131 build
Build And Test iOS App	Generate, build, and run implementation checks	2026-09-11T00:33:12.6324170Z 
Build And Test iOS App	Generate, build, and run implementation checks	2026-09-11T00:33:12.6426430Z Build settings from command line:
Build And Test iOS App	Generate, build, and run implementation checks	2026-09-11T00:33:12.6533020Z     CURRENT_PROJECT_VERSION = 131
Build And Test iOS App	Generate, build, and run implementation checks	2026-09-11T00:33:12.6580750Z     IOS_BUNDLE_ID = org.autobyteus.mobile
Build And Test iOS App	Generate, build, and run implementation checks	2026-09-11T00:33:12.6595150Z     IOS_SHARE_EXTENSION_BUNDLE_ID = org.autobyteus.mobile.share
Build And Test iOS App	Generate, build, and run implementation checks	2026-09-11T00:33:12.6596190Z     MARKETING_VERSION = 1.4.69
Build And Test iOS App	Generate, build, and run implementation checks	2026-09-11T00:33:12.6606260Z 
Build And Test iOS App	Generate, build, and run implementation checks	2026-09-11T00:33:14.8978350Z --- xcodebuild: WARNING: Using the first of multiple matching destinations:
Build And Test iOS App	Generate, build, and run implementation checks	2026-09-11T00:33:14.8980230Z { platform:iOS Simulator, arch:arm64, id:5FEB61C5-E3F5-471D-AE23-8A07438D5E92, OS:26.2, name:iPhone 17 Pro }
Build And Test iOS App	Generate, build, and run implementation checks	2026-09-11T00:33:14.8981990Z { platform:iOS Simulator, arch:x86_64, id:5FEB61C5-E3F5-471D-AE23-8A07438D5E92, OS:26.2, name:iPhone 17 Pro }
Build And Test iOS App	Generate, build, and run implementation checks	2026-09-11T00:33:15.7216120Z ComputePackagePrebuildTargetDependencyGraph
Build And Test iOS App	Generate, build, and run implementation checks	2026-09-11T00:33:15.8599550Z 
Build And Test iOS App	Generate, build, and run implementation checks	2026-09-11T00:33:15.8626510Z Prepare packages
Build And Test iOS App	Generate, build, and run implementation checks	2026-09-11T00:33:15.8626920Z 
Build And Test iOS App	Generate, build, and run implementation checks	2026-09-11T00:33:15.8670800Z CreateBuildRequest
Build And Test iOS App	Generate, build, and run implementation checks	2026-09-11T00:33:15.8671440Z 
Build And Test iOS App	Generate, build, and run implementation checks	2026-09-11T00:33:15.8671820Z SendProjectDescription
Build And Test iOS App	Generate, build, and run implementation checks	2026-09-11T00:33:15.8766700Z 
Build And Test iOS App	Generate, build, and run implementation checks	2026-09-11T00:33:15.8771110Z CreateBuildOperation
Build And Test iOS App	Generate, build, and run implementation checks	2026-09-11T00:33:15.8811190Z 
Build And Test iOS App	Generate, build, and run implementation checks	2026-09-11T00:33:15.8832100Z ComputeTargetDependencyGraph
Build And Test iOS App	Generate, build, and run implementation checks	2026-09-11T00:33:15.9104710Z note: Building targets in dependency order
Build And Test iOS App	Generate, build, and run implementation checks	2026-09-11T00:33:15.9106880Z note: Target dependency graph (3 targets)
Build And Test iOS App	Generate, build, and run implementation checks	2026-09-11T00:33:15.9110040Z     Target 'AutoByteusMobile' in project 'AutoByteusMobile'
Build And Test iOS App	Generate, build, and run implementation checks	2026-09-11T00:33:15.9111070Z         ➜ Explicit dependency on target 'AutoByteusMobileCore' in project 'AutoByteusMobile'
Build And Test iOS App	Generate, build, and run implementation checks	2026-09-11T00:33:15.9111970Z         ➜ Explicit dependency on target 'AutoByteusMobileShareExtension' in project 'AutoByteusMobile'
Build And Test iOS App	Generate, build, and run implementation checks	2026-09-11T00:33:15.9113240Z     Target 'AutoByteusMobileShareExtension' in project 'AutoByteusMobile'
Build And Test iOS App	Generate, build, and run implementation checks	2026-09-11T00:33:15.9113910Z         ➜ Explicit dependency on target 'AutoByteusMobileCore' in project 'AutoByteusMobile'
Build And Test iOS App	Generate, build, and run implementation checks	2026-09-11T00:33:15.9114480Z     Target 'AutoByteusMobileCore' in project 'AutoByteusMobile' (no dependencies)
Build And Test iOS App	Generate, build, and run implementation checks	2026-09-11T00:33:15.9114880Z 
Build And Test iOS App	Generate, build, and run implementation checks	2026-09-11T00:33:16.1014880Z GatherProvisioningInputs
Build And Test iOS App	Generate, build, and run implementation checks	2026-09-11T00:33:16.1120010Z 
Build And Test iOS App	Generate, build, and run implementation checks	2026-09-11T00:33:16.1321890Z CreateBuildDescription
Build And Test iOS App	Generate, build, and run implementation checks	2026-09-11T00:33:16.1938830Z 
Build And Test iOS App	Generate, build, and run implementation checks	2026-09-11T00:33:16.2043430Z ExecuteExternalTool /Applications/Xcode_26.3.app/Contents/Developer/Toolchains/XcodeDefault.xctoolchain/usr/bin/clang -v -E -dM -arch arm64 -isysroot /Applications/Xcode_26.3.app/Contents/Developer/Platforms/iPhoneSimulator.platform/Developer/SDKs/iPhoneSimulator26.2.sdk -x c -c /dev/null
Build And Test iOS App	Generate, build, and run implementation checks	2026-09-11T00:33:16.5528350Z 
Build And Test iOS App	Generate, build, and run implementation checks	2026-09-11T00:33:16.5586240Z ExecuteExternalTool /Applications/Xcode_26.3.app/Contents/Developer/Toolchains/XcodeDefault.xctoolchain/usr/bin/clang -v -E -dM -isysroot /Applications/Xcode_26.3.app/Contents/Developer/Platforms/iPhoneSimulator.platform/Developer/SDKs/iPhoneSimulator26.2.sdk -x c -c /dev/null
Build And Test iOS App	Generate, build, and run implementation checks	2026-09-11T00:33:16.5598580Z 
Build And Test iOS App	Generate, build, and run implementation checks	2026-09-11T00:33:16.5599390Z ExecuteExternalTool /Applications/Xcode_26.3.app/Contents/Developer/Toolchains/XcodeDefault.xctoolchain/usr/bin/swiftc --version
Build And Test iOS App	Generate, build, and run implementation checks	2026-09-11T00:33:16.5600120Z 
Build And Test iOS App	Generate, build, and run implementation checks	2026-09-11T00:33:16.5601230Z ExecuteExternalTool /Applications/Xcode_26.3.app/Contents/Developer/usr/bin/actool --print-asset-tag-combinations --output-format xml1 /Users/runner/work/autobyteus-workspace/autobyteus-workspace/autobyteus-ios/AutoByteusMobile/Assets.xcassets
Build And Test iOS App	Generate, build, and run implementation checks	2026-09-11T00:33:20.4533080Z 
Build And Test iOS App	Generate, build, and run implementation checks	2026-09-11T00:33:20.4546890Z ExecuteExternalTool /Applications/Xcode_26.3.app/Contents/Developer/Toolchains/XcodeDefault.xctoolchain/usr/bin/ld -version_details
Build And Test iOS App	Generate, build, and run implementation checks	2026-09-11T00:33:20.4560700Z 
Build And Test iOS App	Generate, build, and run implementation checks	2026-09-11T00:33:20.4561760Z ExecuteExternalTool /Applications/Xcode_26.3.app/Contents/Developer/usr/bin/actool --version --output-format xml1
Build And Test iOS App	Generate, build, and run implementation checks	2026-09-11T00:33:20.4636630Z 
Build And Test iOS App	Generate, build, and run implementation checks	2026-09-11T00:33:20.5102770Z Build description signature: 789cb4a0a09fbc84f1aa9923a18fbaba
Build And Test iOS App	Generate, build, and run implementation checks	2026-09-11T00:33:20.5126140Z Build description path: /Users/runner/Library/Developer/Xcode/DerivedData/AutoByteusMobile-cswwofbhrcnggmfwuxfpbtrwjhrw/Build/Intermediates.noindex/XCBuildData/789cb4a0a09fbc84f1aa9923a18fbaba.xcbuilddata
Build And Test iOS App	Generate, build, and run implementation checks	2026-09-11T00:33:20.6836450Z CreateBuildDirectory /Users/runner/Library/Developer/Xcode/DerivedData/AutoByteusMobile-cswwofbhrcnggmfwuxfpbtrwjhrw/Build/Intermediates.noindex
Build And Test iOS App	Generate, build, and run implementation checks	2026-09-11T00:33:20.6937200Z     cd /Users/runner/work/autobyteus-workspace/autobyteus-workspace/autobyteus-ios/AutoByteusMobile.xcodeproj
Build And Test iOS App	Generate, build, and run implementation checks	2026-09-11T00:33:20.7037130Z     builtin-create-build-directory /Users/runner/Library/Developer/Xcode/DerivedData/AutoByteusMobile-cswwofbhrcnggmfwuxfpbtrwjhrw/Build/Intermediates.noindex
Build And Test iOS App	Generate, build, and run implementation checks	2026-09-11T00:33:20.7138360Z 
Build And Test iOS App	Generate, build, and run implementation checks	2026-09-11T00:33:20.7241370Z ClangStatCache /Applications/Xcode_26.3.app/Contents/Developer/Toolchains/XcodeDefault.xctoolchain/usr/bin/clang-stat-cache /Applications/Xcode_26.3.app/Contents/Developer/Platforms/iPhoneSimulator.platform/Developer/SDKs/iPhoneSimulator26.2.sdk /Users/runner/Library/Developer/Xcode/DerivedData/SDKStatCaches.noindex/iphonesimulator26.2-23C57-dc75598d0054f22ec865fa860f139d72e244bd9a5feaf902f95f61bf06266e52.sdkstatcache
Build And Test iOS App	Generate, build, and run implementation checks	2026-09-11T00:33:20.7310780Z     cd /Users/runner/work/autobyteus-workspace/autobyteus-workspace/autobyteus-ios/AutoByteusMobile.xcodeproj
Build And Test iOS App	Generate, build, and run implementation checks	2026-09-11T00:33:20.7313270Z     /Applications/Xcode_26.3.app/Contents/Developer/Toolchains/XcodeDefault.xctoolchain/usr/bin/clang-stat-cache /Applications/Xcode_26.3.app/Contents/Developer/Platforms/iPhoneSimulator.platform/Developer/SDKs/iPhoneSimulator26.2.sdk -o /Users/runner/Library/Developer/Xcode/DerivedData/SDKStatCaches.noindex/iphonesimulator26.2-23C57-dc75598d0054f22ec865fa860f139d72e244bd9a5feaf902f95f61bf06266e52.sdkstatcache
Build And Test iOS App	Generate, build, and run implementation checks	2026-09-11T00:33:24.6769480Z 
Build And Test iOS App	Generate, build, and run implementation checks	2026-09-11T00:33:24.6771920Z CreateBuildDirectory /Users/runner/Library/Developer/Xcode/DerivedData/AutoByteusMobile-cswwofbhrcnggmfwuxfpbtrwjhrw/Build/Products
Build And Test iOS App	Generate, build, and run implementation checks	2026-09-11T00:33:24.6774960Z     cd /Users/runner/work/autobyteus-workspace/autobyteus-workspace/autobyteus-ios/AutoByteusMobile.xcodeproj
Build And Test iOS App	Generate, build, and run implementation checks	2026-09-11T00:33:24.6776100Z     builtin-create-build-directory /Users/runner/Library/Developer/Xcode/DerivedData/AutoByteusMobile-cswwofbhrcnggmfwuxfpbtrwjhrw/Build/Products
Build And Test iOS App	Generate, build, and run implementation checks	2026-09-11T00:33:24.6776670Z 
Build And Test iOS App	Generate, build, and run implementation checks	2026-09-11T00:33:24.6777110Z CreateBuildDirectory /Users/runner/Library/Developer/Xcode/DerivedData/AutoByteusMobile-cswwofbhrcnggmfwuxfpbtrwjhrw/Build/Products/Debug-iphonesimulator
Build And Test iOS App	Generate, build, and run implementation checks	2026-09-11T00:33:24.6777990Z     cd /Users/runner/work/autobyteus-workspace/autobyteus-workspace/autobyteus-ios/AutoByteusMobile.xcodeproj
Build And Test iOS App	Generate, build, and run implementation checks	2026-09-11T00:33:24.6778930Z     builtin-create-build-directory /Users/runner/Library/Developer/Xcode/DerivedData/AutoByteusMobile-cswwofbhrcnggmfwuxfpbtrwjhrw/Build/Products/Debug-iphonesimulator
Build And Test iOS App	Generate, build, and run implementation checks	2026-09-11T00:33:24.6779580Z 
Build And Test iOS App	Generate, build, and run implementation checks	2026-09-11T00:33:24.6781220Z WriteAuxiliaryFile /Users/runner/Library/Developer/Xcode/DerivedData/AutoByteusMobile-cswwofbhrcnggmfwuxfpbtrwjhrw/Build/Intermediates.noindex/AutoByteusMobile.build/Debug-iphonesimulator/AutoByteusMobile-d09bd929cb8c8855c839362787f87620-VFS-iphonesimulator/all-product-headers.yaml
Build And Test iOS App	Generate, build, and run implementation checks	2026-09-11T00:33:24.6782440Z     cd /Users/runner/work/autobyteus-workspace/autobyteus-workspace/autobyteus-ios/AutoByteusMobile.xcodeproj
Build And Test iOS App	Generate, build, and run implementation checks	2026-09-11T00:33:24.6783840Z     write-file /Users/runner/Library/Developer/Xcode/DerivedData/AutoByteusMobile-cswwofbhrcnggmfwuxfpbtrwjhrw/Build/Intermediates.noindex/AutoByteusMobile.build/Debug-iphonesimulator/AutoByteusMobile-d09bd929cb8c8855c839362787f87620-VFS-iphonesimulator/all-product-headers.yaml
Build And Test iOS App	Generate, build, and run implementation checks	2026-09-11T00:33:24.6789550Z 
Build And Test iOS App	Generate, build, and run implementation checks	2026-09-11T00:33:24.6790270Z CreateBuildDirectory /Users/runner/Library/Developer/Xcode/DerivedData/AutoByteusMobile-cswwofbhrcnggmfwuxfpbtrwjhrw/Build/Intermediates.noindex/SwiftExplicitPrecompiledModules
Build And Test iOS App	Generate, build, and run implementation checks	2026-09-11T00:33:24.6791250Z     cd /Users/runner/work/autobyteus-workspace/autobyteus-workspace/autobyteus-ios/AutoByteusMobile.xcodeproj
Build And Test iOS App	Generate, build, and run implementation checks	2026-09-11T00:33:24.6792310Z     builtin-create-build-directory /Users/runner/Library/Developer/Xcode/DerivedData/AutoByteusMobile-cswwofbhrcnggmfwuxfpbtrwjhrw/Build/Intermediates.noindex/SwiftExplicitPrecompiledModules
Build And Test iOS App	Generate, build, and run implementation checks	2026-09-11T00:33:24.6793050Z 
Build And Test iOS App	Generate, build, and run implementation checks	2026-09-11T00:33:24.6793690Z CreateBuildDirectory /Users/runner/Library/Developer/Xcode/DerivedData/AutoByteusMobile-cswwofbhrcnggmfwuxfpbtrwjhrw/Build/Intermediates.noindex/ExplicitPrecompiledModules
Build And Test iOS App	Generate, build, and run implementation checks	2026-09-11T00:33:24.6794700Z     cd /Users/runner/work/autobyteus-workspace/autobyteus-workspace/autobyteus-ios/AutoByteusMobile.xcodeproj
Build And Test iOS App	Generate, build, and run implementation checks	2026-09-11T00:33:24.6795870Z     builtin-create-build-directory /Users/runner/Library/Developer/Xcode/DerivedData/AutoByteusMobile-cswwofbhrcnggmfwuxfpbtrwjhrw/Build/Intermediates.noindex/ExplicitPrecompiledModules
Build And Test iOS App	Generate, build, and run implementation checks	2026-09-11T00:33:24.6796610Z 
Build And Test iOS App	Generate, build, and run implementation checks	2026-09-11T00:33:24.6798120Z CreateBuildDirectory /Users/runner/Library/Developer/Xcode/DerivedData/AutoByteusMobile-cswwofbhrcnggmfwuxfpbtrwjhrw/Build/Intermediates.noindex/EagerLinkingTBDs/Debug-iphonesimulator
Build And Test iOS App	Generate, build, and run implementation checks	2026-09-11T00:33:24.6799220Z     cd /Users/runner/work/autobyteus-workspace/autobyteus-workspace/autobyteus-ios/AutoByteusMobile.xcodeproj
Build And Test iOS App	Generate, build, and run implementation checks	2026-09-11T00:33:24.6800230Z     builtin-create-build-directory /Users/runner/Library/Developer/Xcode/DerivedData/AutoByteusMobile-cswwofbhrcnggmfwuxfpbtrwjhrw/Build/Intermediates.noindex/EagerLinkingTBDs/Debug-iphonesimulator
Build And Test iOS App	Generate, build, and run implementation checks	2026-09-11T00:33:24.6802180Z 
Build And Test iOS App	Generate, build, and run implementation checks	2026-09-11T00:33:24.6803420Z WriteAuxiliaryFile /Users/runner/Library/Developer/Xcode/DerivedData/AutoByteusMobile-cswwofbhrcnggmfwuxfpbtrwjhrw/Build/Intermediates.noindex/AutoByteusMobile.build/Debug-iphonesimulator/AutoByteusMobileShareExtension.build/Objects-normal/arm64/AutoByteusMobileShareExtension_const_extract_protocols.json (in target 'AutoByteusMobileShareExtension' from project 'AutoByteusMobile')
Build And Test iOS App	Generate, build, and run implementation checks	2026-09-11T00:33:24.6805910Z     cd /Users/runner/work/autobyteus-workspace/autobyteus-workspace/autobyteus-ios
Build And Test iOS App	Generate, build, and run implementation checks	2026-09-11T00:33:24.6807300Z     write-file /Users/runner/Library/Developer/Xcode/DerivedData/AutoByteusMobile-cswwofbhrcnggmfwuxfpbtrwjhrw/Build/Intermediates.noindex/AutoByteusMobile.build/Debug-iphonesimulator/AutoByteusMobileShareExtension.build/Objects-normal/arm64/AutoByteusMobileShareExtension_const_extract_protocols.json
Build And Test iOS App	Generate, build, and run implementation checks	2026-09-11T00:33:24.6808370Z 
Build And Test iOS App	Generate, build, and run implementation checks	2026-09-11T00:33:24.6810520Z WriteAuxiliaryFile /Users/runner/Library/Developer/Xcode/DerivedData/AutoByteusMobile-cswwofbhrcnggmfwuxfpbtrwjhrw/Build/Intermediates.noindex/AutoByteusMobile.build/Debug-iphonesimulator/AutoByteusMobileShareExtension.build/Objects-normal/arm64/AutoByteusMobileShareExtension-OutputFileMap.json (in target 'AutoByteusMobileShareExtension' from project 'AutoByteusMobile')
Build And Test iOS App	Generate, build, and run implementation checks	2026-09-11T00:33:24.6812190Z     cd /Users/runner/work/autobyteus-workspace/autobyteus-workspace/autobyteus-ios
Build And Test iOS App	Generate, build, and run implementation checks	2026-09-11T00:33:24.6813390Z     write-file /Users/runner/Library/Developer/Xcode/DerivedData/AutoByteusMobile-cswwofbhrcnggmfwuxfpbtrwjhrw/Build/Intermediates.noindex/AutoByteusMobile.build/Debug-iphonesimulator/AutoByteusMobileShareExtension.build/Objects-normal/arm64/AutoByteusMobileShareExtension-OutputFileMap.json
Build And Test iOS App	Generate, build, and run implementation checks	2026-09-11T00:33:24.6814360Z 
Build And Test iOS App	Generate, build, and run implementation checks	2026-09-11T00:33:24.6815390Z WriteAuxiliaryFile /Users/runner/Library/Developer/Xcode/DerivedData/AutoByteusMobile-cswwofbhrcnggmfwuxfpbtrwjhrw/Build/Intermediates.noindex/AutoByteusMobile.build/Debug-iphonesimulator/AutoByteusMobileShareExtension.build/Objects-normal/arm64/AutoByteus\ Share.SwiftFileList (in target 'AutoByteusMobileShareExtension' from project 'AutoByteusMobile')
Build And Test iOS App	Generate, build, and run implementation checks	2026-09-11T00:33:24.6817130Z     cd /Users/runner/work/autobyteus-workspace/autobyteus-workspace/autobyteus-ios
Build And Test iOS App	Generate, build, and run implementation checks	2026-09-11T00:33:24.6819480Z     write-file /Users/runner/Library/Developer/Xcode/DerivedData/AutoByteusMobile-cswwofbhrcnggmfwuxfpbtrwjhrw/Build/Intermediates.noindex/AutoByteusMobile.build/Debug-iphonesimulator/AutoByteusMobileShareExtension.build/Objects-normal/arm64/AutoByteus\ Share.SwiftFileList
Build And Test iOS App	Generate, build, and run implementation checks	2026-09-11T00:33:24.6820480Z 
Build And Test iOS App	Generate, build, and run implementation checks	2026-09-11T00:33:24.6821640Z WriteAuxiliaryFile /Users/runner/Library/Developer/Xcode/DerivedData/AutoByteusMobile-cswwofbhrcnggmfwuxfpbtrwjhrw/Build/Intermediates.noindex/AutoByteusMobile.build/Debug-iphonesimulator/AutoByteusMobileShareExtension.build/Objects-normal/arm64/AutoByteus\ Share.SwiftConstValuesFileList (in target 'AutoByteusMobileShareExtension' from project 'AutoByteusMobile')
Build And Test iOS App	Generate, build, and run implementation checks	2026-09-11T00:33:24.6823300Z     cd /Users/runner/work/autobyteus-workspace/autobyteus-workspace/autobyteus-ios
Build And Test iOS App	Generate, build, and run implementation checks	2026-09-11T00:33:24.6824410Z     write-file /Users/runner/Library/Developer/Xcode/DerivedData/AutoByteusMobile-cswwofbhrcnggmfwuxfpbtrwjhrw/Build/Intermediates.noindex/AutoByteusMobile.build/Debug-iphonesimulator/AutoByteusMobileShareExtension.build/Objects-normal/arm64/AutoByteus\ Share.SwiftConstValuesFileList
Build And Test iOS App	Generate, build, and run implementation checks	2026-09-11T00:33:24.6825540Z 
Build And Test iOS App	Generate, build, and run implementation checks	2026-09-11T00:33:24.6826580Z WriteAuxiliaryFile /Users/runner/Library/Developer/Xcode/DerivedData/AutoByteusMobile-cswwofbhrcnggmfwuxfpbtrwjhrw/Build/Intermediates.noindex/AutoByteusMobile.build/Debug-iphonesimulator/AutoByteusMobileShareExtension.build/Objects-normal/arm64/AutoByteus\ Share.LinkFileList (in target 'AutoByteusMobileShareExtension' from project 'AutoByteusMobile')
Build And Test iOS App	Generate, build, and run implementation checks	2026-09-11T00:33:24.6827980Z     cd /Users/runner/work/autobyteus-workspace/autobyteus-workspace/autobyteus-ios
Build And Test iOS App	Generate, build, and run implementation checks	2026-09-11T00:33:24.6831110Z     write-file /Users/runner/Library/Developer/Xcode/DerivedData/AutoByteusMobile-cswwofbhrcnggmfwuxfpbtrwjhrw/Build/Intermediates.noindex/AutoByteusMobile.build/Debug-iphonesimulator/AutoByteusMobileShareExtension.build/Objects-normal/arm64/AutoByteus\ Share.LinkFileList
Build And Test iOS App	Generate, build, and run implementation checks	2026-09-11T00:33:24.6832210Z 
Build And Test iOS App	Generate, build, and run implementation checks	2026-09-11T00:33:24.6833310Z WriteAuxiliaryFile /Users/runner/Library/Developer/Xcode/DerivedData/AutoByteusMobile-cswwofbhrcnggmfwuxfpbtrwjhrw/Build/Intermediates.noindex/AutoByteusMobile.build/Debug-iphonesimulator/AutoByteusMobileShareExtension.build/DerivedSources/Entitlements-Simulated.plist (in target 'AutoByteusMobileShareExtension' from project 'AutoByteusMobile')
Build And Test iOS App	Generate, build, and run implementation checks	2026-09-11T00:33:24.6836340Z     cd /Users/runner/work/autobyteus-workspace/autobyteus-workspace/autobyteus-ios
Build And Test iOS App	Generate, build, and run implementation checks	2026-09-11T00:33:24.6837400Z     write-file /Users/runner/Library/Developer/Xcode/DerivedData/AutoByteusMobile-cswwofbhrcnggmfwuxfpbtrwjhrw/Build/Intermediates.noindex/AutoByteusMobile.build/Debug-iphonesimulator/AutoByteusMobileShareExtension.build/DerivedSources/Entitlements-Simulated.plist
Build And Test iOS App	Generate, build, and run implementation checks	2026-09-11T00:33:24.6838360Z 
Build And Test iOS App	Generate, build, and run implementation checks	2026-09-11T00:33:24.6839370Z WriteAuxiliaryFile /Users/runner/Library/Developer/Xcode/DerivedData/AutoByteusMobile-cswwofbhrcnggmfwuxfpbtrwjhrw/Build/Intermediates.noindex/AutoByteusMobile.build/Debug-iphonesimulator/AutoByteusMobileShareExtension.build/AutoByteus\ Share.hmap (in target 'AutoByteusMobileShareExtension' from project 'AutoByteusMobile')
Build And Test iOS App	Generate, build, and run implementation checks	2026-09-11T00:33:24.6840660Z     cd /Users/runner/work/autobyteus-workspace/autobyteus-workspace/autobyteus-ios
Build And Test iOS App	Generate, build, and run implementation checks	2026-09-11T00:33:24.6841880Z     write-file /Users/runner/Library/Developer/Xcode/DerivedData/AutoByteusMobile-cswwofbhrcnggmfwuxfpbtrwjhrw/Build/Intermediates.noindex/AutoByteusMobile.build/Debug-iphonesimulator/AutoByteusMobileShareExtension.build/AutoByteus\ Share.hmap
Build And Test iOS App	Generate, build, and run implementation checks	2026-09-11T00:33:24.6842720Z 
Build And Test iOS App	Generate, build, and run implementation checks	2026-09-11T00:33:24.6843780Z WriteAuxiliaryFile /Users/runner/Library/Developer/Xcode/DerivedData/AutoByteusMobile-cswwofbhrcnggmfwuxfpbtrwjhrw/Build/Intermediates.noindex/AutoByteusMobile.build/Debug-iphonesimulator/AutoByteusMobileShareExtension.build/AutoByteus\ Share.DependencyStaticMetadataFileList (in target 'AutoByteusMobileShareExtension' from project 'AutoByteusMobile')
Build And Test iOS App	Generate, build, and run implementation checks	2026-09-11T00:33:24.6846890Z     cd /Users/runner/work/autobyteus-workspace/autobyteus-workspace/autobyteus-ios
Build And Test iOS App	Generate, build, and run implementation checks	2026-09-11T00:33:24.6849390Z     write-file /Users/runner/Library/Developer/Xcode/DerivedData/AutoByteusMobile-cswwofbhrcnggmfwuxfpbtrwjhrw/Build/Intermediates.noindex/AutoByteusMobile.build/Debug-iphonesimulator/AutoByteusMobileShareExtension.build/AutoByteus\ Share.DependencyStaticMetadataFileList
Build And Test iOS App	Generate, build, and run implementation checks	2026-09-11T00:33:24.6850240Z 
Build And Test iOS App	Generate, build, and run implementation checks	2026-09-11T00:33:24.6852030Z WriteAuxiliaryFile /Users/runner/Library/Developer/Xcode/DerivedData/AutoByteusMobile-cswwofbhrcnggmfwuxfpbtrwjhrw/Build/Intermediates.noindex/AutoByteusMobile.build/Debug-iphonesimulator/AutoByteusMobileShareExtension.build/AutoByteus\ Share.DependencyMetadataFileList (in target 'AutoByteusMobileShareExtension' from project 'AutoByteusMobile')
Build And Test iOS App	Generate, build, and run implementation checks	2026-09-11T00:33:24.6853410Z     cd /Users/runner/work/autobyteus-workspace/autobyteus-workspace/autobyteus-ios
Build And Test iOS App	Generate, build, and run implementation checks	2026-09-11T00:33:24.6855500Z     write-file /Users/runner/Library/Developer/Xcode/DerivedData/AutoByteusMobile-cswwofbhrcnggmfwuxfpbtrwjhrw/Build/Intermediates.noindex/AutoByteusMobile.build/Debug-iphonesimulator/AutoByteusMobileShareExtension.build/AutoByteus\ Share.DependencyMetadataFileList
Build And Test iOS App	Generate, build, and run implementation checks	2026-09-11T00:33:24.6856410Z 
Build And Test iOS App	Generate, build, and run implementation checks	2026-09-11T00:33:24.6857410Z WriteAuxiliaryFile /Users/runner/Library/Developer/Xcode/DerivedData/AutoByteusMobile-cswwofbhrcnggmfwuxfpbtrwjhrw/Build/Intermediates.noindex/AutoByteusMobile.build/Debug-iphonesimulator/AutoByteusMobileShareExtension.build/AutoByteus\ Share-project-headers.hmap (in target 'AutoByteusMobileShareExtension' from project 'AutoByteusMobile')
Build And Test iOS App	Generate, build, and run implementation checks	2026-09-11T00:33:24.6858680Z     cd /Users/runner/work/autobyteus-workspace/autobyteus-workspace/autobyteus-ios
Build And Test iOS App	Generate, build, and run implementation checks	2026-09-11T00:33:24.6860380Z     write-file /Users/runner/Library/Developer/Xcode/DerivedData/AutoByteusMobile-cswwofbhrcnggmfwuxfpbtrwjhrw/Build/Intermediates.noindex/AutoByteusMobile.build/Debug-iphonesimulator/AutoByteusMobileShareExtension.build/AutoByteus\ Share-project-headers.hmap
Build And Test iOS App	Generate, build, and run implementation checks	2026-09-11T00:33:24.6861300Z 
Build And Test iOS App	Generate, build, and run implementation checks	2026-09-11T00:33:24.6862370Z WriteAuxiliaryFile /Users/runner/Library/Developer/Xcode/DerivedData/AutoByteusMobile-cswwofbhrcnggmfwuxfpbtrwjhrw/Build/Intermediates.noindex/AutoByteusMobile.build/Debug-iphonesimulator/AutoByteusMobileShareExtension.build/AutoByteus\ Share-own-target-headers.hmap (in target 'AutoByteusMobileShareExtension' from project 'AutoByteusMobile')
Build And Test iOS App	Generate, build, and run implementation checks	2026-09-11T00:33:24.6863760Z     cd /Users/runner/work/autobyteus-workspace/autobyteus-workspace/autobyteus-ios
Build And Test iOS App	Generate, build, and run implementation checks	2026-09-11T00:33:24.6864940Z     write-file /Users/runner/Library/Developer/Xcode/DerivedData/AutoByteusMobile-cswwofbhrcnggmfwuxfpbtrwjhrw/Build/Intermediates.noindex/AutoByteusMobile.build/Debug-iphonesimulator/AutoByteusMobileShareExtension.build/AutoByteus\ Share-own-target-headers.hmap
Build And Test iOS App	Generate, build, and run implementation checks	2026-09-11T00:33:24.6865830Z 
Build And Test iOS App	Generate, build, and run implementation checks	2026-09-11T00:33:24.6867250Z WriteAuxiliaryFile /Users/runner/Library/Developer/Xcode/DerivedData/AutoByteusMobile-cswwofbhrcnggmfwuxfpbtrwjhrw/Build/Intermediates.noindex/AutoByteusMobile.build/Debug-iphonesimulator/AutoByteusMobileShareExtension.build/AutoByteus\ Share-generated-files.hmap (in target 'AutoByteusMobileShareExtension' from project 'AutoByteusMobile')
Build And Test iOS App	Generate, build, and run implementation checks	2026-09-11T00:33:24.6868610Z     cd /Users/runner/work/autobyteus-workspace/autobyteus-workspace/autobyteus-ios
Build And Test iOS App	Generate, build, and run implementation checks	2026-09-11T00:33:24.6869670Z     write-file /Users/runner/Library/Developer/Xcode/DerivedData/AutoByteusMobile-cswwofbhrcnggmfwuxfpbtrwjhrw/Build/Intermediates.noindex/AutoByteusMobile.build/Debug-iphonesimulator/AutoByteusMobileShareExtension.build/AutoByteus\ Share-generated-files.hmap
Build And Test iOS App	Generate, build, and run implementation checks	2026-09-11T00:33:24.6870640Z 
Build And Test iOS App	Generate, build, and run implementation checks	2026-09-11T00:33:24.6871610Z WriteAuxiliaryFile /Users/runner/Library/Developer/Xcode/DerivedData/AutoByteusMobile-cswwofbhrcnggmfwuxfpbtrwjhrw/Build/Intermediates.noindex/AutoByteusMobile.build/Debug-iphonesimulator/AutoByteusMobileShareExtension.build/AutoByteus\ Share-all-target-headers.hmap (in target 'AutoByteusMobileShareExtension' from project 'AutoByteusMobile')
Build And Test iOS App	Generate, build, and run implementation checks	2026-09-11T00:33:24.6873980Z     cd /Users/runner/work/autobyteus-workspace/autobyteus-workspace/autobyteus-ios
Build And Test iOS App	Generate, build, and run implementation checks	2026-09-11T00:33:24.6875250Z     write-file /Users/runner/Library/Developer/Xcode/DerivedData/AutoByteusMobile-cswwofbhrcnggmfwuxfpbtrwjhrw/Build/Intermediates.noindex/AutoByteusMobile.build/Debug-iphonesimulator/AutoByteusMobileShareExtension.build/AutoByteus\ Share-all-target-headers.hmap
Build And Test iOS App	Generate, build, and run implementation checks	2026-09-11T00:33:24.6876120Z 
Build And Test iOS App	Generate, build, and run implementation checks	2026-09-11T00:33:24.6877200Z WriteAuxiliaryFile /Users/runner/Library/Developer/Xcode/DerivedData/AutoByteusMobile-cswwofbhrcnggmfwuxfpbtrwjhrw/Build/Intermediates.noindex/AutoByteusMobile.build/Debug-iphonesimulator/AutoByteusMobileShareExtension.build/AutoByteus\ Share-all-non-framework-target-headers.hmap (in target 'AutoByteusMobileShareExtension' from project 'AutoByteusMobile')
Build And Test iOS App	Generate, build, and run implementation checks	2026-09-11T00:33:24.6879150Z     cd /Users/runner/work/autobyteus-workspace/autobyteus-workspace/autobyteus-ios
Build And Test iOS App	Generate, build, and run implementation checks	2026-09-11T00:33:24.6880350Z     write-file /Users/runner/Library/Developer/Xcode/DerivedData/AutoByteusMobile-cswwofbhrcnggmfwuxfpbtrwjhrw/Build/Intermediates.noindex/AutoByteusMobile.build/Debug-iphonesimulator/AutoByteusMobileShareExtension.build/AutoByteus\ Share-all-non-framework-target-headers.hmap
Build And Test iOS App	Generate, build, and run implementation checks	2026-09-11T00:33:24.6881310Z 
Build And Test iOS App	Generate, build, and run implementation checks	2026-09-11T00:33:24.6883450Z WriteAuxiliaryFile /Users/runner/Library/Developer/Xcode/DerivedData/AutoByteusMobile-cswwofbhrcnggmfwuxfpbtrwjhrw/Build/Intermediates.noindex/AutoByteusMobile.build/Debug-iphonesimulator/AutoByteusMobileShareExtension.build/AutoByteus\ Share-DebugEntryPoint-normal-arm64.txt (in target 'AutoByteusMobileShareExtension' from project 'AutoByteusMobile')
Build And Test iOS App	Generate, build, and run implementation checks	2026-09-11T00:33:24.6884980Z     cd /Users/runner/work/autobyteus-workspace/autobyteus-workspace/autobyteus-ios
Build And Test iOS App	Generate, build, and run implementation checks	2026-09-11T00:33:24.6886390Z     write-file /Users/runner/Library/Developer/Xcode/DerivedData/AutoByteusMobile-cswwofbhrcnggmfwuxfpbtrwjhrw/Build/Intermediates.noindex/AutoByteusMobile.build/Debug-iphonesimulator/AutoByteusMobileShareExtension.build/AutoByteus\ Share-DebugEntryPoint-normal-arm64.txt
Build And Test iOS App	Generate, build, and run implementation checks	2026-09-11T00:33:24.6887540Z 
Build And Test iOS App	Generate, build, and run implementation checks	2026-09-11T00:33:24.6888660Z WriteAuxiliaryFile /Users/runner/Library/Developer/Xcode/DerivedData/AutoByteusMobile-cswwofbhrcnggmfwuxfpbtrwjhrw/Build/Intermediates.noindex/AutoByteusMobile.build/Debug-iphonesimulator/AutoByteusMobileShareExtension.build/AutoByteus\ Share-DebugDylibPath-normal-arm64.txt (in target 'AutoByteusMobileShareExtension' from project 'AutoByteusMobile')
Build And Test iOS App	Generate, build, and run implementation checks	2026-09-11T00:33:24.6890200Z     cd /Users/runner/work/autobyteus-workspace/autobyteus-workspace/autobyteus-ios
Build And Test iOS App	Generate, build, and run implementation checks	2026-09-11T00:33:24.6891280Z     write-file /Users/runner/Library/Developer/Xcode/DerivedData/AutoByteusMobile-cswwofbhrcnggmfwuxfpbtrwjhrw/Build/Intermediates.noindex/AutoByteusMobile.build/Debug-iphonesimulator/AutoByteusMobileShareExtension.build/AutoByteus\ Share-DebugDylibPath-normal-arm64.txt
Build And Test iOS App	Generate, build, and run implementation checks	2026-09-11T00:33:24.6892390Z 
Build And Test iOS App	Generate, build, and run implementation checks	2026-09-11T00:33:24.6893500Z WriteAuxiliaryFile /Users/runner/Library/Developer/Xcode/DerivedData/AutoByteusMobile-cswwofbhrcnggmfwuxfpbtrwjhrw/Build/Intermediates.noindex/AutoByteusMobile.build/Debug-iphonesimulator/AutoByteusMobileShareExtension.build/AutoByteus\ Share-DebugDylibInstallName-normal-arm64.txt (in target 'AutoByteusMobileShareExtension' from project 'AutoByteusMobile')
Build And Test iOS App	Generate, build, and run implementation checks	2026-09-11T00:33:24.6894930Z     cd /Users/runner/work/autobyteus-workspace/autobyteus-workspace/autobyteus-ios
Build And Test iOS App	Generate, build, and run implementation checks	2026-09-11T00:33:24.6896260Z     write-file /Users/runner/Library/Developer/Xcode/DerivedData/AutoByteusMobile-cswwofbhrcnggmfwuxfpbtrwjhrw/Build/Intermediates.noindex/AutoByteusMobile.build/Debug-iphonesimulator/AutoByteusMobileShareExtension.build/AutoByteus\ Share-DebugDylibInstallName-normal-arm64.txt
Build And Test iOS App	Generate, build, and run implementation checks	2026-09-11T00:33:24.6897270Z 
Build And Test iOS App	Generate, build, and run implementation checks	2026-09-11T00:33:24.6898360Z WriteAuxiliaryFile /Users/runner/Library/Developer/Xcode/DerivedData/AutoByteusMobile-cswwofbhrcnggmfwuxfpbtrwjhrw/Build/Intermediates.noindex/AutoByteusMobile.build/Debug-iphonesimulator/AutoByteusMobileCore.build/module.modulemap (in target 'AutoByteusMobileCore' from project 'AutoByteusMobile')
Build And Test iOS App	Generate, build, and run implementation checks	2026-09-11T00:33:24.6899970Z     cd /Users/runner/work/autobyteus-workspace/autobyteus-workspace/autobyteus-ios
Build And Test iOS App	Generate, build, and run implementation checks	2026-09-11T00:33:24.6901440Z     write-file /Users/runner/Library/Developer/Xcode/DerivedData/AutoByteusMobile-cswwofbhrcnggmfwuxfpbtrwjhrw/Build/Intermediates.noindex/AutoByteusMobile.build/Debug-iphonesimulator/AutoByteusMobileCore.build/module.modulemap
Build And Test iOS App	Generate, build, and run implementation checks	2026-09-11T00:33:24.6902440Z 
Build And Test iOS App	Generate, build, and run implementation checks	2026-09-11T00:33:24.6903690Z WriteAuxiliaryFile /Users/runner/Library/Developer/Xcode/DerivedData/AutoByteusMobile-cswwofbhrcnggmfwuxfpbtrwjhrw/Build/Intermediates.noindex/AutoByteusMobile.build/Debug-iphonesimulator/AutoByteusMobileCore.build/empty-AutoByteusMobileCore.plist (in target 'AutoByteusMobileCore' from project 'AutoByteusMobile')
Build And Test iOS App	Generate, build, and run implementation checks	2026-09-11T00:33:24.6904990Z     cd /Users/runner/work/autobyteus-workspace/autobyteus-workspace/autobyteus-ios
Build And Test iOS App	Generate, build, and run implementation checks	2026-09-11T00:33:24.6906280Z     write-file /Users/runner/Library/Developer/Xcode/DerivedData/AutoByteusMobile-cswwofbhrcnggmfwuxfpbtrwjhrw/Build/Intermediates.noindex/AutoByteusMobile.build/Debug-iphonesimulator/AutoByteusMobileCore.build/empty-AutoByteusMobileCore.plist
Build And Test iOS App	Generate, build, and run implementation checks	2026-09-11T00:33:24.6907090Z 
Build And Test iOS App	Generate, build, and run implementation checks	2026-09-11T00:33:24.6908170Z WriteAuxiliaryFile /Users/runner/Library/Developer/Xcode/DerivedData/AutoByteusMobile-cswwofbhrcnggmfwuxfpbtrwjhrw/Build/Intermediates.noindex/AutoByteusMobile.build/Debug-iphonesimulator/AutoByteusMobileCore.build/Objects-normal/arm64/AutoByteusMobileCore_const_extract_protocols.json (in target 'AutoByteusMobileCore' from project 'AutoByteusMobile')
Build And Test iOS App	Generate, build, and run implementation checks	2026-09-11T00:33:24.6909620Z     cd /Users/runner/work/autobyteus-workspace/autobyteus-workspace/autobyteus-ios
Build And Test iOS App	Generate, build, and run implementation checks	2026-09-11T00:33:24.6910850Z     write-file /Users/runner/Library/Developer/Xcode/DerivedData/AutoByteusMobile-cswwofbhrcnggmfwuxfpbtrwjhrw/Build/Intermediates.noindex/AutoByteusMobile.build/Debug-iphonesimulator/AutoByteusMobileCore.build/Objects-normal/arm64/AutoByteusMobileCore_const_extract_protocols.json
Build And Test iOS App	Generate, build, and run implementation checks	2026-09-11T00:33:24.6911830Z 
Build And Test iOS App	Generate, build, and run implementation checks	2026-09-11T00:33:24.6912780Z WriteAuxiliaryFile /Users/runner/Library/Developer/Xcode/DerivedData/AutoByteusMobile-cswwofbhrcnggmfwuxfpbtrwjhrw/Build/Intermediates.noindex/AutoByteusMobile.build/Debug-iphonesimulator/AutoByteusMobileCore.build/Objects-normal/arm64/AutoByteusMobileCore.SwiftFileList (in target 'AutoByteusMobileCore' from project 'AutoByteusMobile')
Build And Test iOS App	Generate, build, and run implementation checks	2026-09-11T00:33:24.6914210Z     cd /Users/runner/work/autobyteus-workspace/autobyteus-workspace/autobyteus-ios
Build And Test iOS App	Generate, build, and run implementation checks	2026-09-11T00:33:24.6915370Z     write-file /Users/runner/Library/Developer/Xcode/DerivedData/AutoByteusMobile-cswwofbhrcnggmfwuxfpbtrwjhrw/Build/Intermediates.noindex/AutoByteusMobile.build/Debug-iphonesimulator/AutoByteusMobileCore.build/Objects-normal/arm64/AutoByteusMobileCore.SwiftFileList
Build And Test iOS App	Generate, build, and run implementation checks	2026-09-11T00:33:24.6916440Z 
Build And Test iOS App	Generate, build, and run implementation checks	2026-09-11T00:33:24.6917470Z WriteAuxiliaryFile /Users/runner/Library/Developer/Xcode/DerivedData/AutoByteusMobile-cswwofbhrcnggmfwuxfpbtrwjhrw/Build/Intermediates.noindex/AutoByteusMobile.build/Debug-iphonesimulator/AutoByteusMobileCore.build/Objects-normal/arm64/AutoByteusMobileCore.SwiftConstValuesFileList (in target 'AutoByteusMobileCore' from project 'AutoByteusMobile')
Build And Test iOS App	Generate, build, and run implementation checks	2026-09-11T00:33:24.6919030Z     cd /Users/runner/work/autobyteus-workspace/autobyteus-workspace/autobyteus-ios
Build And Test iOS App	Generate, build, and run implementation checks	2026-09-11T00:33:24.6920280Z     write-file /Users/runner/Library/Developer/Xcode/DerivedData/AutoByteusMobile-cswwofbhrcnggmfwuxfpbtrwjhrw/Build/Intermediates.noindex/AutoByteusMobile.build/Debug-iphonesimulator/AutoByteusMobileCore.build/Objects-normal/arm64/AutoByteusMobileCore.SwiftConstValuesFileList
Build And Test iOS App	Generate, build, and run implementation checks	2026-09-11T00:33:24.6921190Z 
Build And Test iOS App	Generate, build, and run implementation checks	2026-09-11T00:33:24.6922410Z WriteAuxiliaryFile /Users/runner/Library/Developer/Xcode/DerivedData/AutoByteusMobile-cswwofbhrcnggmfwuxfpbtrwjhrw/Build/Intermediates.noindex/AutoByteusMobile.build/Debug-iphonesimulator/AutoByteusMobileCore.build/Objects-normal/arm64/AutoByteusMobileCore.LinkFileList (in target 'AutoByteusMobileCore' from project 'AutoByteusMobile')
Build And Test iOS App	Generate, build, and run implementation checks	2026-09-11T00:33:24.6923830Z     cd /Users/runner/work/autobyteus-workspace/autobyteus-workspace/autobyteus-ios
Build And Test iOS App	Generate, build, and run implementation checks	2026-09-11T00:33:24.6925300Z     write-file /Users/runner/Library/Developer/Xcode/DerivedData/AutoByteusMobile-cswwofbhrcnggmfwuxfpbtrwjhrw/Build/Intermediates.noindex/AutoByteusMobile.build/Debug-iphonesimulator/AutoByteusMobileCore.build/Objects-normal/arm64/AutoByteusMobileCore.LinkFileList
Build And Test iOS App	Generate, build, and run implementation checks	2026-09-11T00:33:24.6926530Z 
Build And Test iOS App	Generate, build, and run implementation checks	2026-09-11T00:33:24.6927720Z WriteAuxiliaryFile /Users/runner/Library/Developer/Xcode/DerivedData/AutoByteusMobile-cswwofbhrcnggmfwuxfpbtrwjhrw/Build/Intermediates.noindex/AutoByteusMobile.build/Debug-iphonesimulator/AutoByteusMobileCore.build/Objects-normal/arm64/AutoByteusMobileCore-OutputFileMap.json (in target 'AutoByteusMobileCore' from project 'AutoByteusMobile')
Build And Test iOS App	Generate, build, and run implementation checks	2026-09-11T00:33:24.6929110Z     cd /Users/runner/work/autobyteus-workspace/autobyteus-workspace/autobyteus-ios
Build And Test iOS App	Generate, build, and run implementation checks	2026-09-11T00:33:24.6930270Z     write-file /Users/runner/Library/Developer/Xcode/DerivedData/AutoByteusMobile-cswwofbhrcnggmfwuxfpbtrwjhrw/Build/Intermediates.noindex/AutoByteusMobile.build/Debug-iphonesimulator/AutoByteusMobileCore.build/Objects-normal/arm64/AutoByteusMobileCore-OutputFileMap.json
Build And Test iOS App	Generate, build, and run implementation checks	2026-09-11T00:33:24.6931350Z 
Build And Test iOS App	Generate, build, and run implementation checks	2026-09-11T00:33:24.6932410Z WriteAuxiliaryFile /Users/runner/Library/Developer/Xcode/DerivedData/AutoByteusMobile-cswwofbhrcnggmfwuxfpbtrwjhrw/Build/Intermediates.noindex/AutoByteusMobile.build/Debug-iphonesimulator/AutoByteusMobileCore.build/Objects-normal/arm64/7187679823f38a2a940e0043cdf9d637-common-args.resp (in target 'AutoByteusMobileCore' from project 'AutoByteusMobile')
Build And Test iOS App	Generate, build, and run implementation checks	2026-09-11T00:33:24.6933870Z     cd /Users/runner/work/autobyteus-workspace/autobyteus-workspace/autobyteus-ios
Build And Test iOS App	Generate, build, and run implementation checks	2026-09-11T00:33:24.6935330Z     write-file /Users/runner/Library/Developer/Xcode/DerivedData/AutoByteusMobile-cswwofbhrcnggmfwuxfpbtrwjhrw/Build/Intermediates.noindex/AutoByteusMobile.build/Debug-iphonesimulator/AutoByteusMobileCore.build/Objects-normal/arm64/7187679823f38a2a940e0043cdf9d637-common-args.resp
Build And Test iOS App	Generate, build, and run implementation checks	2026-09-11T00:33:24.6944530Z -target arm64-apple-ios17.0-simulator '-std=gnu11' -fmodules -gmodules '-fmodules-cache-path=/Users/runner/Library/Developer/Xcode/DerivedData/ModuleCache.noindex' '-fmodule-name=AutoByteusMobileCore' -fapplication-extension -fpascal-strings -O0 -fno-common '-DDEBUG=1' -isysroot /Applications/Xcode_26.3.app/Contents/Developer/Platforms/iPhoneSimulator.platform/Developer/SDKs/iPhoneSimulator26.2.sdk -g -iquote /Users/runner/Library/Developer/Xcode/DerivedData/AutoByteusMobile-cswwofbhrcnggmfwuxfpbtrwjhrw/Build/Intermediates.noindex/AutoByteusMobile.build/Debug-iphonesimulator/AutoByteusMobileCore.build/AutoByteusMobileCore-generated-files.hmap -I/Users/runner/Library/Developer/Xcode/DerivedData/AutoByteusMobile-cswwofbhrcnggmfwuxfpbtrwjhrw/Build/Intermediates.noindex/AutoByteusMobile.build/Debug-iphonesimulator/AutoByteusMobileCore.build/AutoByteusMobileCore-own-target-headers.hmap -I/Users/runner/Library/Developer/Xcode/DerivedData/AutoByteusMobile-cswwofbhrcnggmfwuxfpbtrwjhrw/Build/Intermediates.noindex/AutoByteusMobile.build/Debug-iphonesimulator/AutoByteusMobileCore.build/AutoByteusMobileCore-all-non-framework-target-headers.hmap -ivfsoverlay /Users/runner/Library/Developer/Xcode/DerivedData/AutoByteusMobile-cswwofbhrcnggmfwuxfpbtrwjhrw/Build/Intermediates.noindex/AutoByteusMobile.build/Debug-iphonesimulator/AutoByteusMobile-d09bd929cb8c8855c839362787f87620-VFS-iphonesimulator/all-product-headers.yaml -iquote /Users/runner/Library/Developer/Xcode/DerivedData/AutoByteusMobile-cswwofbhrcnggmfwuxfpbtrwjhrw/Build/Intermediates.noindex/AutoByteusMobile.build/Debug-iphonesimulator/AutoByteusMobileCore.build/AutoByteusMobileCore-project-headers.hmap -I/Users/runner/Library/Developer/Xcode/DerivedData/AutoByteusMobile-cswwofbhrcnggmfwuxfpbtrwjhrw/Build/Products/Debug-iphonesimulator/include -I/Users/runner/Library/Developer/Xcode/DerivedData/AutoByteusMobile-cswwofbhrcnggmfwuxfpbtrwjhrw/Build/Intermediates.noindex/AutoByteusMobile.build/Debug-iphonesimulator/AutoByteusMobileCore.build/DerivedSources-normal/arm64 -I/Users/runner/Library/Developer/Xcode/DerivedData/AutoByteusMobile-cswwofbhrcnggmfwuxfpbtrwjhrw/Build/Intermediates.noindex/AutoByteusMobile.build/Debug-iphonesimulator/AutoByteusMobileCore.build/DerivedSources/arm64 -I/Users/runner/Library/Developer/Xcode/DerivedData/AutoByteusMobile-cswwofbhrcnggmfwuxfpbtrwjhrw/Build/Intermediates.noindex/AutoByteusMobile.build/Debug-iphonesimulator/AutoByteusMobileCore.build/DerivedSources -F/Users/runner/Library/Developer/Xcode/DerivedData/AutoByteusMobile-cswwofbhrcnggmfwuxfpbtrwjhrw/Build/Products/Debug-iphonesimulator
Build And Test iOS App	Generate, build, and run implementation checks	2026-09-11T00:33:24.6954070Z 
Build And Test iOS App	Generate, build, and run implementation checks	2026-09-11T00:33:24.6955130Z WriteAuxiliaryFile /Users/runner/Library/Developer/Xcode/DerivedData/AutoByteusMobile-cswwofbhrcnggmfwuxfpbtrwjhrw/Build/Intermediates.noindex/AutoByteusMobile.build/Debug-iphonesimulator/AutoByteusMobileCore.build/DerivedSources/AutoByteusMobileCore_vers.c (in target 'AutoByteusMobileCore' from project 'AutoByteusMobile')
Build And Test iOS App	Generate, build, and run implementation checks	2026-09-11T00:33:24.6956570Z     cd /Users/runner/work/autobyteus-workspace/autobyteus-workspace/autobyteus-ios
Build And Test iOS App	Generate, build, and run implementation checks	2026-09-11T00:33:24.6958410Z     write-file /Users/runner/Library/Developer/Xcode/DerivedData/AutoByteusMobile-cswwofbhrcnggmfwuxfpbtrwjhrw/Build/Intermediates.noindex/AutoByteusMobile.build/Debug-iphonesimulator/AutoByteusMobileCore.build/DerivedSources/AutoByteusMobileCore_vers.c
Build And Test iOS App	Generate, build, and run implementation checks	2026-09-11T00:33:24.6959370Z 
Build And Test iOS App	Generate, build, and run implementation checks	2026-09-11T00:33:24.6960380Z WriteAuxiliaryFile /Users/runner/Library/Developer/Xcode/DerivedData/AutoByteusMobile-cswwofbhrcnggmfwuxfpbtrwjhrw/Build/Intermediates.noindex/AutoByteusMobile.build/Debug-iphonesimulator/AutoByteusMobileCore.build/AutoByteusMobileCore.hmap (in target 'AutoByteusMobileCore' from project 'AutoByteusMobile')
Build And Test iOS App	Generate, build, and run implementation checks	2026-09-11T00:33:24.6961700Z     cd /Users/runner/work/autobyteus-workspace/autobyteus-workspace/autobyteus-ios
Build And Test iOS App	Generate, build, and run implementation checks	2026-09-11T00:33:24.6962810Z     write-file /Users/runner/Library/Developer/Xcode/DerivedData/AutoByteusMobile-cswwofbhrcnggmfwuxfpbtrwjhrw/Build/Intermediates.noindex/AutoByteusMobile.build/Debug-iphonesimulator/AutoByteusMobileCore.build/AutoByteusMobileCore.hmap
Build And Test iOS App	Generate, build, and run implementation checks	2026-09-11T00:33:24.6963620Z 
Build And Test iOS App	Generate, build, and run implementation checks	2026-09-11T00:33:24.6964650Z WriteAuxiliaryFile /Users/runner/Library/Developer/Xcode/DerivedData/AutoByteusMobile-cswwofbhrcnggmfwuxfpbtrwjhrw/Build/Intermediates.noindex/AutoByteusMobile.build/Debug-iphonesimulator/AutoByteusMobileCore.build/AutoByteusMobileCore.DependencyStaticMetadataFileList (in target 'AutoByteusMobileCore' from project 'AutoByteusMobile')
Build And Test iOS App	Generate, build, and run implementation checks	2026-09-11T00:33:24.6966020Z     cd /Users/runner/work/autobyteus-workspace/autobyteus-workspace/autobyteus-ios
Build And Test iOS App	Generate, build, and run implementation checks	2026-09-11T00:33:24.6967200Z     write-file /Users/runner/Library/Developer/Xcode/DerivedData/AutoByteusMobile-cswwofbhrcnggmfwuxfpbtrwjhrw/Build/Intermediates.noindex/AutoByteusMobile.build/Debug-iphonesimulator/AutoByteusMobileCore.build/AutoByteusMobileCore.DependencyStaticMetadataFileList
Build And Test iOS App	Generate, build, and run implementation checks	2026-09-11T00:33:24.6968160Z 
Build And Test iOS App	Generate, build, and run implementation checks	2026-09-11T00:33:24.6969170Z WriteAuxiliaryFile /Users/runner/Library/Developer/Xcode/DerivedData/AutoByteusMobile-cswwofbhrcnggmfwuxfpbtrwjhrw/Build/Intermediates.noindex/AutoByteusMobile.build/Debug-iphonesimulator/AutoByteusMobileCore.build/AutoByteusMobileCore.DependencyMetadataFileList (in target 'AutoByteusMobileCore' from project 'AutoByteusMobile')
Build And Test iOS App	Generate, build, and run implementation checks	2026-09-11T00:33:24.6970520Z     cd /Users/runner/work/autobyteus-workspace/autobyteus-workspace/autobyteus-ios
Build And Test iOS App	Generate, build, and run implementation checks	2026-09-11T00:33:24.6971670Z     write-file /Users/runner/Library/Developer/Xcode/DerivedData/AutoByteusMobile-cswwofbhrcnggmfwuxfpbtrwjhrw/Build/Intermediates.noindex/AutoByteusMobile.build/Debug-iphonesimulator/AutoByteusMobileCore.build/AutoByteusMobileCore.DependencyMetadataFileList
Build And Test iOS App	Generate, build, and run implementation checks	2026-09-11T00:33:24.6973320Z 
Build And Test iOS App	Generate, build, and run implementation checks	2026-09-11T00:33:24.6974380Z WriteAuxiliaryFile /Users/runner/Library/Developer/Xcode/DerivedData/AutoByteusMobile-cswwofbhrcnggmfwuxfpbtrwjhrw/Build/Intermediates.noindex/AutoByteusMobile.build/Debug-iphonesimulator/AutoByteusMobileCore.build/AutoByteusMobileCore-project-headers.hmap (in target 'AutoByteusMobileCore' from project 'AutoByteusMobile')
Build And Test iOS App	Generate, build, and run implementation checks	2026-09-11T00:33:24.6975840Z     cd /Users/runner/work/autobyteus-workspace/autobyteus-workspace/autobyteus-ios
Build And Test iOS App	Generate, build, and run implementation checks	2026-09-11T00:33:24.6977320Z     write-file /Users/runner/Library/Developer/Xcode/DerivedData/AutoByteusMobile-cswwofbhrcnggmfwuxfpbtrwjhrw/Build/Intermediates.noindex/AutoByteusMobile.build/Debug-iphonesimulator/AutoByteusMobileCore.build/AutoByteusMobileCore-project-headers.hmap
Build And Test iOS App	Generate, build, and run implementation checks	2026-09-11T00:33:24.6978360Z 
Build And Test iOS App	Generate, build, and run implementation checks	2026-09-11T00:33:24.6979580Z WriteAuxiliaryFile /Users/runner/Library/Developer/Xcode/DerivedData/AutoByteusMobile-cswwofbhrcnggmfwuxfpbtrwjhrw/Build/Intermediates.noindex/AutoByteusMobile.build/Debug-iphonesimulator/AutoByteusMobileCore.build/AutoByteusMobileCore-own-target-headers.hmap (in target 'AutoByteusMobileCore' from project 'AutoByteusMobile')
Build And Test iOS App	Generate, build, and run implementation checks	2026-09-11T00:33:24.6981380Z     cd /Users/runner/work/autobyteus-workspace/autobyteus-workspace/autobyteus-ios
Build And Test iOS App	Generate, build, and run implementation checks	2026-09-11T00:33:24.6982560Z     write-file /Users/runner/Library/Developer/Xcode/DerivedData/AutoByteusMobile-cswwofbhrcnggmfwuxfpbtrwjhrw/Build/Intermediates.noindex/AutoByteusMobile.build/Debug-iphonesimulator/AutoByteusMobileCore.build/AutoByteusMobileCore-own-target-headers.hmap
Build And Test iOS App	Generate, build, and run implementation checks	2026-09-11T00:33:24.6983510Z 
Build And Test iOS App	Generate, build, and run implementation checks	2026-09-11T00:33:24.6984600Z WriteAuxiliaryFile /Users/runner/Library/Developer/Xcode/DerivedData/AutoByteusMobile-cswwofbhrcnggmfwuxfpbtrwjhrw/Build/Intermediates.noindex/AutoByteusMobile.build/Debug-iphonesimulator/AutoByteusMobileCore.build/AutoByteusMobileCore-generated-files.hmap (in target 'AutoByteusMobileCore' from project 'AutoByteusMobile')
Build And Test iOS App	Generate, build, and run implementation checks	2026-09-11T00:33:24.6986010Z     cd /Users/runner/work/autobyteus-workspace/autobyteus-workspace/autobyteus-ios
Build And Test iOS App	Generate, build, and run implementation checks	2026-09-11T00:33:24.6987140Z     write-file /Users/runner/Library/Developer/Xcode/DerivedData/AutoByteusMobile-cswwofbhrcnggmfwuxfpbtrwjhrw/Build/Intermediates.noindex/AutoByteusMobile.build/Debug-iphonesimulator/AutoByteusMobileCore.build/AutoByteusMobileCore-generated-files.hmap
Build And Test iOS App	Generate, build, and run implementation checks	2026-09-11T00:33:24.6988010Z 
Build And Test iOS App	Generate, build, and run implementation checks	2026-09-11T00:33:24.6989080Z WriteAuxiliaryFile /Users/runner/Library/Developer/Xcode/DerivedData/AutoByteusMobile-cswwofbhrcnggmfwuxfpbtrwjhrw/Build/Intermediates.noindex/AutoByteusMobile.build/Debug-iphonesimulator/AutoByteusMobileCore.build/AutoByteusMobileCore-all-target-headers.hmap (in target 'AutoByteusMobileCore' from project 'AutoByteusMobile')
Build And Test iOS App	Generate, build, and run implementation checks	2026-09-11T00:33:24.6990280Z     cd /Users/runner/work/autobyteus-workspace/autobyteus-workspace/autobyteus-ios
Build And Test iOS App	Generate, build, and run implementation checks	2026-09-11T00:33:24.6991280Z     write-file /Users/runner/Library/Developer/Xcode/DerivedData/AutoByteusMobile-cswwofbhrcnggmfwuxfpbtrwjhrw/Build/Intermediates.noindex/AutoByteusMobile.build/Debug-iphonesimulator/AutoByteusMobileCore.build/AutoByteusMobileCore-all-target-headers.hmap
Build And Test iOS App	Generate, build, and run implementation checks	2026-09-11T00:33:24.6992130Z 
Build And Test iOS App	Generate, build, and run implementation checks	2026-09-11T00:33:24.6993250Z WriteAuxiliaryFile /Users/runner/Library/Developer/Xcode/DerivedData/AutoByteusMobile-cswwofbhrcnggmfwuxfpbtrwjhrw/Build/Intermediates.noindex/AutoByteusMobile.build/Debug-iphonesimulator/AutoByteusMobileCore.build/AutoByteusMobileCore-all-non-framework-target-headers.hmap (in target 'AutoByteusMobileCore' from project 'AutoByteusMobile')
Build And Test iOS App	Generate, build, and run implementation checks	2026-09-11T00:33:24.6994550Z     cd /Users/runner/work/autobyteus-workspace/autobyteus-workspace/autobyteus-ios
Build And Test iOS App	Generate, build, and run implementation checks	2026-09-11T00:33:24.6995630Z     write-file /Users/runner/Library/Developer/Xcode/DerivedData/AutoByteusMobile-cswwofbhrcnggmfwuxfpbtrwjhrw/Build/Intermediates.noindex/AutoByteusMobile.build/Debug-iphonesimulator/AutoByteusMobileCore.build/AutoByteusMobileCore-all-non-framework-target-headers.hmap
Build And Test iOS App	Generate, build, and run implementation checks	2026-09-11T00:33:24.6996480Z 
Build And Test iOS App	Generate, build, and run implementation checks	2026-09-11T00:33:24.6998060Z Copy /Users/runner/Library/Developer/Xcode/DerivedData/AutoByteusMobile-cswwofbhrcnggmfwuxfpbtrwjhrw/Build/Products/Debug-iphonesimulator/AutoByteusMobileCore.framework/Modules/module.modulemap /Users/runner/Library/Developer/Xcode/DerivedData/AutoByteusMobile-cswwofbhrcnggmfwuxfpbtrwjhrw/Build/Intermediates.noindex/AutoByteusMobile.build/Debug-iphonesimulator/AutoByteusMobileCore.build/module.modulemap (in target 'AutoByteusMobileCore' from project 'AutoByteusMobile')
Build And Test iOS App	Generate, build, and run implementation checks	2026-09-11T00:33:24.6999700Z     cd /Users/runner/work/autobyteus-workspace/autobyteus-workspace/autobyteus-ios
Build And Test iOS App	Generate, build, and run implementation checks	2026-09-11T00:33:24.7001720Z     builtin-copy -exclude .DS_Store -exclude CVS -exclude .svn -exclude .git -exclude .hg -resolve-src-symlinks /Users/runner/Library/Developer/Xcode/DerivedData/AutoByteusMobile-cswwofbhrcnggmfwuxfpbtrwjhrw/Build/Intermediates.noindex/AutoByteusMobile.build/Debug-iphonesimulator/AutoByteusMobileCore.build/module.modulemap /Users/runner/Library/Developer/Xcode/DerivedData/AutoByteusMobile-cswwofbhrcnggmfwuxfpbtrwjhrw/Build/Products/Debug-iphonesimulator/AutoByteusMobileCore.framework/Modules
Build And Test iOS App	Generate, build, and run implementation checks	2026-09-11T00:33:24.7003440Z 
Build And Test iOS App	Generate, build, and run implementation checks	2026-09-11T00:33:24.7004190Z MkDir /Users/runner/Library/Developer/Xcode/DerivedData/AutoByteusMobile-cswwofbhrcnggmfwuxfpbtrwjhrw/Build/Products/Debug-iphonesimulator/AutoByteus\ Share.appex (in target 'AutoByteusMobileShareExtension' from project 'AutoByteusMobile')
Build And Test iOS App	Generate, build, and run implementation checks	2026-09-11T00:33:24.7005170Z     cd /Users/runner/work/autobyteus-workspace/autobyteus-workspace/autobyteus-ios
Build And Test iOS App	Generate, build, and run implementation checks	2026-09-11T00:33:24.7005900Z     /bin/mkdir -p /Users/runner/Library/Developer/Xcode/DerivedData/AutoByteusMobile-cswwofbhrcnggmfwuxfpbtrwjhrw/Build/Products/Debug-iphonesimulator/AutoByteus\ Share.appex
Build And Test iOS App	Generate, build, and run implementation checks	2026-09-11T00:33:24.7006500Z 
Build And Test iOS App	Generate, build, and run implementation checks	2026-09-11T00:33:24.7007220Z MkDir /Users/runner/Library/Developer/Xcode/DerivedData/AutoByteusMobile-cswwofbhrcnggmfwuxfpbtrwjhrw/Build/Products/Debug-iphonesimulator/AutoByteusMobileCore.framework/Headers (in target 'AutoByteusMobileCore' from project 'AutoByteusMobile')
Build And Test iOS App	Generate, build, and run implementation checks	2026-09-11T00:33:24.7008210Z     cd /Users/runner/work/autobyteus-workspace/autobyteus-workspace/autobyteus-ios
Build And Test iOS App	Generate, build, and run implementation checks	2026-09-11T00:33:24.7009090Z     /bin/mkdir -p /Users/runner/Library/Developer/Xcode/DerivedData/AutoByteusMobile-cswwofbhrcnggmfwuxfpbtrwjhrw/Build/Products/Debug-iphonesimulator/AutoByteusMobileCore.framework/Headers
Build And Test iOS App	Generate, build, and run implementation checks	2026-09-11T00:33:24.7009750Z 
Build And Test iOS App	Generate, build, and run implementation checks	2026-09-11T00:33:24.7010440Z MkDir /Users/runner/Library/Developer/Xcode/DerivedData/AutoByteusMobile-cswwofbhrcnggmfwuxfpbtrwjhrw/Build/Products/Debug-iphonesimulator/AutoByteusMobileCore.framework (in target 'AutoByteusMobileCore' from project 'AutoByteusMobile')
Build And Test iOS App	Generate, build, and run implementation checks	2026-09-11T00:33:24.7011440Z     cd /Users/runner/work/autobyteus-workspace/autobyteus-workspace/autobyteus-ios
Build And Test iOS App	Generate, build, and run implementation checks	2026-09-11T00:33:24.7012260Z     /bin/mkdir -p /Users/runner/Library/Developer/Xcode/DerivedData/AutoByteusMobile-cswwofbhrcnggmfwuxfpbtrwjhrw/Build/Products/Debug-iphonesimulator/AutoByteusMobileCore.framework
Build And Test iOS App	Generate, build, and run implementation checks	2026-09-11T00:33:24.7012820Z 
Build And Test iOS App	Generate, build, and run implementation checks	2026-09-11T00:33:24.7013800Z WriteAuxiliaryFile /Users/runner/Library/Developer/Xcode/DerivedData/AutoByteusMobile-cswwofbhrcnggmfwuxfpbtrwjhrw/Build/Intermediates.noindex/AutoByteusMobile.build/Debug-iphonesimulator/AutoByteusMobile.build/Objects-normal/arm64/AutoByteusMobile_const_extract_protocols.json (in target 'AutoByteusMobile' from project 'AutoByteusMobile')
Build And Test iOS App	Generate, build, and run implementation checks	2026-09-11T00:33:24.7014990Z     cd /Users/runner/work/autobyteus-workspace/autobyteus-workspace/autobyteus-ios
Build And Test iOS App	Generate, build, and run implementation checks	2026-09-11T00:33:24.7016080Z     write-file /Users/runner/Library/Developer/Xcode/DerivedData/AutoByteusMobile-cswwofbhrcnggmfwuxfpbtrwjhrw/Build/Intermediates.noindex/AutoByteusMobile.build/Debug-iphonesimulator/AutoByteusMobile.build/Objects-normal/arm64/AutoByteusMobile_const_extract_protocols.json
Build And Test iOS App	Generate, build, and run implementation checks	2026-09-11T00:33:24.7017010Z 
Build And Test iOS App	Generate, build, and run implementation checks	2026-09-11T00:33:24.7017960Z WriteAuxiliaryFile /Users/runner/Library/Developer/Xcode/DerivedData/AutoByteusMobile-cswwofbhrcnggmfwuxfpbtrwjhrw/Build/Intermediates.noindex/AutoByteusMobile.build/Debug-iphonesimulator/AutoByteusMobile.build/Objects-normal/arm64/AutoByteusMobile-OutputFileMap.json (in target 'AutoByteusMobile' from project 'AutoByteusMobile')
Build And Test iOS App	Generate, build, and run implementation checks	2026-09-11T00:33:24.7019230Z     cd /Users/runner/work/autobyteus-workspace/autobyteus-workspace/autobyteus-ios
Build And Test iOS App	Generate, build, and run implementation checks	2026-09-11T00:33:24.7020290Z     write-file /Users/runner/Library/Developer/Xcode/DerivedData/AutoByteusMobile-cswwofbhrcnggmfwuxfpbtrwjhrw/Build/Intermediates.noindex/AutoByteusMobile.build/Debug-iphonesimulator/AutoByteusMobile.build/Objects-normal/arm64/AutoByteusMobile-OutputFileMap.json
Build And Test iOS App	Generate, build, and run implementation checks	2026-09-11T00:33:24.7021170Z 
Build And Test iOS App	Generate, build, and run implementation checks	2026-09-11T00:33:24.7022180Z WriteAuxiliaryFile /Users/runner/Library/Developer/Xcode/DerivedData/AutoByteusMobile-cswwofbhrcnggmfwuxfpbtrwjhrw/Build/Intermediates.noindex/AutoByteusMobile.build/Debug-iphonesimulator/AutoByteusMobile.build/Objects-normal/arm64/AutoByteus.SwiftFileList (in target 'AutoByteusMobile' from project 'AutoByteusMobile')
Build And Test iOS App	Generate, build, and run implementation checks	2026-09-11T00:33:24.7027980Z     cd /Users/runner/work/autobyteus-workspace/autobyteus-workspace/autobyteus-ios
Build And Test iOS App	Generate, build, and run implementation checks	2026-09-11T00:33:24.7029050Z     write-file /Users/runner/Library/Developer/Xcode/DerivedData/AutoByteusMobile-cswwofbhrcnggmfwuxfpbtrwjhrw/Build/Intermediates.noindex/AutoByteusMobile.build/Debug-iphonesimulator/AutoByteusMobile.build/Objects-normal/arm64/AutoByteus.SwiftFileList
Build And Test iOS App	Generate, build, and run implementation checks	2026-09-11T00:33:24.7029880Z 
Build And Test iOS App	Generate, build, and run implementation checks	2026-09-11T00:33:24.7030840Z WriteAuxiliaryFile /Users/runner/Library/Developer/Xcode/DerivedData/AutoByteusMobile-cswwofbhrcnggmfwuxfpbtrwjhrw/Build/Intermediates.noindex/AutoByteusMobile.build/Debug-iphonesimulator/AutoByteusMobile.build/Objects-normal/arm64/AutoByteus.SwiftConstValuesFileList (in target 'AutoByteusMobile' from project 'AutoByteusMobile')
Build And Test iOS App	Generate, build, and run implementation checks	2026-09-11T00:33:24.7032080Z     cd /Users/runner/work/autobyteus-workspace/autobyteus-workspace/autobyteus-ios
Build And Test iOS App	Generate, build, and run implementation checks	2026-09-11T00:33:24.7033260Z     write-file /Users/runner/Library/Developer/Xcode/DerivedData/AutoByteusMobile-cswwofbhrcnggmfwuxfpbtrwjhrw/Build/Intermediates.noindex/AutoByteusMobile.build/Debug-iphonesimulator/AutoByteusMobile.build/Objects-normal/arm64/AutoByteus.SwiftConstValuesFileList
Build And Test iOS App	Generate, build, and run implementation checks	2026-09-11T00:33:24.7034070Z 
Build And Test iOS App	Generate, build, and run implementation checks	2026-09-11T00:33:24.7034960Z WriteAuxiliaryFile /Users/runner/Library/Developer/Xcode/DerivedData/AutoByteusMobile-cswwofbhrcnggmfwuxfpbtrwjhrw/Build/Intermediates.noindex/AutoByteusMobile.build/Debug-iphonesimulator/AutoByteusMobile.build/Objects-normal/arm64/AutoByteus.LinkFileList (in target 'AutoByteusMobile' from project 'AutoByteusMobile')
Build And Test iOS App	Generate, build, and run implementation checks	2026-09-11T00:33:24.7036180Z     cd /Users/runner/work/autobyteus-workspace/autobyteus-workspace/autobyteus-ios
Build And Test iOS App	Generate, build, and run implementation checks	2026-09-11T00:33:24.7037150Z     write-file /Users/runner/Library/Developer/Xcode/DerivedData/AutoByteusMobile-cswwofbhrcnggmfwuxfpbtrwjhrw/Build/Intermediates.noindex/AutoByteusMobile.build/Debug-iphonesimulator/AutoByteusMobile.build/Objects-normal/arm64/AutoByteus.LinkFileList
Build And Test iOS App	Generate, build, and run implementation checks	2026-09-11T00:33:24.7037930Z 
Build And Test iOS App	Generate, build, and run implementation checks	2026-09-11T00:33:24.7038800Z WriteAuxiliaryFile /Users/runner/Library/Developer/Xcode/DerivedData/AutoByteusMobile-cswwofbhrcnggmfwuxfpbtrwjhrw/Build/Intermediates.noindex/AutoByteusMobile.build/Debug-iphonesimulator/AutoByteusMobile.build/DerivedSources/Entitlements-Simulated.plist (in target 'AutoByteusMobile' from project 'AutoByteusMobile')
Build And Test iOS App	Generate, build, and run implementation checks	2026-09-11T00:33:24.7039960Z     cd /Users/runner/work/autobyteus-workspace/autobyteus-workspace/autobyteus-ios
Build And Test iOS App	Generate, build, and run implementation checks	2026-09-11T00:33:24.7040910Z     write-file /Users/runner/Library/Developer/Xcode/DerivedData/AutoByteusMobile-cswwofbhrcnggmfwuxfpbtrwjhrw/Build/Intermediates.noindex/AutoByteusMobile.build/Debug-iphonesimulator/AutoByteusMobile.build/DerivedSources/Entitlements-Simulated.plist
Build And Test iOS App	Generate, build, and run implementation checks	2026-09-11T00:33:24.7041670Z 
Build And Test iOS App	Generate, build, and run implementation checks	2026-09-11T00:33:24.7042480Z WriteAuxiliaryFile /Users/runner/Library/Developer/Xcode/DerivedData/AutoByteusMobile-cswwofbhrcnggmfwuxfpbtrwjhrw/Build/Intermediates.noindex/AutoByteusMobile.build/Debug-iphonesimulator/AutoByteusMobile.build/AutoByteus.hmap (in target 'AutoByteusMobile' from project 'AutoByteusMobile')
Build And Test iOS App	Generate, build, and run implementation checks	2026-09-11T00:33:24.7043550Z     cd /Users/runner/work/autobyteus-workspace/autobyteus-workspace/autobyteus-ios
Build And Test iOS App	Generate, build, and run implementation checks	2026-09-11T00:33:24.7044550Z     write-file /Users/runner/Library/Developer/Xcode/DerivedData/AutoByteusMobile-cswwofbhrcnggmfwuxfpbtrwjhrw/Build/Intermediates.noindex/AutoByteusMobile.build/Debug-iphonesimulator/AutoByteusMobile.build/AutoByteus.hmap
Build And Test iOS App	Generate, build, and run implementation checks	2026-09-11T00:33:24.7045260Z 
Build And Test iOS App	Generate, build, and run implementation checks	2026-09-11T00:33:24.7046170Z WriteAuxiliaryFile /Users/runner/Library/Developer/Xcode/DerivedData/AutoByteusMobile-cswwofbhrcnggmfwuxfpbtrwjhrw/Build/Intermediates.noindex/AutoByteusMobile.build/Debug-iphonesimulator/AutoByteusMobile.build/AutoByteus.DependencyStaticMetadataFileList (in target 'AutoByteusMobile' from project 'AutoByteusMobile')
Build And Test iOS App	Generate, build, and run implementation checks	2026-09-11T00:33:24.7047610Z     cd /Users/runner/work/autobyteus-workspace/autobyteus-workspace/autobyteus-ios
Build And Test iOS App	Generate, build, and run implementation checks	2026-09-11T00:33:24.7048690Z     write-file /Users/runner/Library/Developer/Xcode/DerivedData/AutoByteusMobile-cswwofbhrcnggmfwuxfpbtrwjhrw/Build/Intermediates.noindex/AutoByteusMobile.build/Debug-iphonesimulator/AutoByteusMobile.build/AutoByteus.DependencyStaticMetadataFileList
Build And Test iOS App	Generate, build, and run implementation checks	2026-09-11T00:33:24.7049520Z 
Build And Test iOS App	Generate, build, and run implementation checks	2026-09-11T00:33:24.7050410Z WriteAuxiliaryFile /Users/runner/Library/Developer/Xcode/DerivedData/AutoByteusMobile-cswwofbhrcnggmfwuxfpbtrwjhrw/Build/Intermediates.noindex/AutoByteusMobile.build/Debug-iphonesimulator/AutoByteusMobile.build/AutoByteus.DependencyMetadataFileList (in target 'AutoByteusMobile' from project 'AutoByteusMobile')
Build And Test iOS App	Generate, build, and run implementation checks	2026-09-11T00:33:24.7051590Z     cd /Users/runner/work/autobyteus-workspace/autobyteus-workspace/autobyteus-ios
Build And Test iOS App	Generate, build, and run implementation checks	2026-09-11T00:33:24.7052550Z     write-file /Users/runner/Library/Developer/Xcode/DerivedData/AutoByteusMobile-cswwofbhrcnggmfwuxfpbtrwjhrw/Build/Intermediates.noindex/AutoByteusMobile.build/Debug-iphonesimulator/AutoByteusMobile.build/AutoByteus.DependencyMetadataFileList
Build And Test iOS App	Generate, build, and run implementation checks	2026-09-11T00:33:24.7053350Z 
Build And Test iOS App	Generate, build, and run implementation checks	2026-09-11T00:33:24.7054230Z WriteAuxiliaryFile /Users/runner/Library/Developer/Xcode/DerivedData/AutoByteusMobile-cswwofbhrcnggmfwuxfpbtrwjhrw/Build/Intermediates.noindex/AutoByteusMobile.build/Debug-iphonesimulator/AutoByteusMobile.build/AutoByteus-project-headers.hmap (in target 'AutoByteusMobile' from project 'AutoByteusMobile')
Build And Test iOS App	Generate, build, and run implementation checks	2026-09-11T00:33:24.7055390Z     cd /Users/runner/work/autobyteus-workspace/autobyteus-workspace/autobyteus-ios
Build And Test iOS App	Generate, build, and run implementation checks	2026-09-11T00:33:24.7056340Z     write-file /Users/runner/Library/Developer/Xcode/DerivedData/AutoByteusMobile-cswwofbhrcnggmfwuxfpbtrwjhrw/Build/Intermediates.noindex/AutoByteusMobile.build/Debug-iphonesimulator/AutoByteusMobile.build/AutoByteus-project-headers.hmap
Build And Test iOS App	Generate, build, and run implementation checks	2026-09-11T00:33:24.7057200Z 
Build And Test iOS App	Generate, build, and run implementation checks	2026-09-11T00:33:24.7058110Z WriteAuxiliaryFile /Users/runner/Library/Developer/Xcode/DerivedData/AutoByteusMobile-cswwofbhrcnggmfwuxfpbtrwjhrw/Build/Intermediates.noindex/AutoByteusMobile.build/Debug-iphonesimulator/AutoByteusMobile.build/AutoByteus-own-target-headers.hmap (in target 'AutoByteusMobile' from project 'AutoByteusMobile')
Build And Test iOS App	Generate, build, and run implementation checks	2026-09-11T00:33:24.7059280Z     cd /Users/runner/work/autobyteus-workspace/autobyteus-workspace/autobyteus-ios
Build And Test iOS App	Generate, build, and run implementation checks	2026-09-11T00:33:24.7060280Z     write-file /Users/runner/Library/Developer/Xcode/DerivedData/AutoByteusMobile-cswwofbhrcnggmfwuxfpbtrwjhrw/Build/Intermediates.noindex/AutoByteusMobile.build/Debug-iphonesimulator/AutoByteusMobile.build/AutoByteus-own-target-headers.hmap
Build And Test iOS App	Generate, build, and run implementation checks	2026-09-11T00:33:24.7061180Z 
Build And Test iOS App	Generate, build, and run implementation checks	2026-09-11T00:33:24.7062120Z WriteAuxiliaryFile /Users/runner/Library/Developer/Xcode/DerivedData/AutoByteusMobile-cswwofbhrcnggmfwuxfpbtrwjhrw/Build/Intermediates.noindex/AutoByteusMobile.build/Debug-iphonesimulator/AutoByteusMobile.build/AutoByteus-generated-files.hmap (in target 'AutoByteusMobile' from project 'AutoByteusMobile')
Build And Test iOS App	Generate, build, and run implementation checks	2026-09-11T00:33:24.7063380Z     cd /Users/runner/work/autobyteus-workspace/autobyteus-workspace/autobyteus-ios
Build And Test iOS App	Generate, build, and run implementation checks	2026-09-11T00:33:24.7064420Z     write-file /Users/runner/Library/Developer/Xcode/DerivedData/AutoByteusMobile-cswwofbhrcnggmfwuxfpbtrwjhrw/Build/Intermediates.noindex/AutoByteusMobile.build/Debug-iphonesimulator/AutoByteusMobile.build/AutoByteus-generated-files.hmap
Build And Test iOS App	Generate, build, and run implementation checks	2026-09-11T00:33:24.7065210Z 
Build And Test iOS App	Generate, build, and run implementation checks	2026-09-11T00:33:24.7066080Z WriteAuxiliaryFile /Users/runner/Library/Developer/Xcode/DerivedData/AutoByteusMobile-cswwofbhrcnggmfwuxfpbtrwjhrw/Build/Intermediates.noindex/AutoByteusMobile.build/Debug-iphonesimulator/AutoByteusMobile.build/AutoByteus-all-target-headers.hmap (in target 'AutoByteusMobile' from project 'AutoByteusMobile')
Build And Test iOS App	Generate, build, and run implementation checks	2026-09-11T00:33:24.7067200Z     cd /Users/runner/work/autobyteus-workspace/autobyteus-workspace/autobyteus-ios
Build And Test iOS App	Generate, build, and run implementation checks	2026-09-11T00:33:24.7068130Z     write-file /Users/runner/Library/Developer/Xcode/DerivedData/AutoByteusMobile-cswwofbhrcnggmfwuxfpbtrwjhrw/Build/Intermediates.noindex/AutoByteusMobile.build/Debug-iphonesimulator/AutoByteusMobile.build/AutoByteus-all-target-headers.hmap
Build And Test iOS App	Generate, build, and run implementation checks	2026-09-11T00:33:24.7069240Z 
Build And Test iOS App	Generate, build, and run implementation checks	2026-09-11T00:33:24.7082510Z WriteAuxiliaryFile /Users/runner/Library/Developer/Xcode/DerivedData/AutoByteusMobile-cswwofbhrcnggmfwuxfpbtrwjhrw/Build/Intermediates.noindex/AutoByteusMobile.build/Debug-iphonesimulator/AutoByteusMobile.build/AutoByteus-all-non-framework-target-headers.hmap (in target 'AutoByteusMobile' from project 'AutoByteusMobile')
Build And Test iOS App	Generate, build, and run implementation checks	2026-09-11T00:33:24.7084120Z     cd /Users/runner/work/autobyteus-workspace/autobyteus-workspace/autobyteus-ios
Build And Test iOS App	Generate, build, and run implementation checks	2026-09-11T00:33:24.7085110Z     write-file /Users/runner/Library/Developer/Xcode/DerivedData/AutoByteusMobile-cswwofbhrcnggmfwuxfpbtrwjhrw/Build/Intermediates.noindex/AutoByteusMobile.build/Debug-iphonesimulator/AutoByteusMobile.build/AutoByteus-all-non-framework-target-headers.hmap
Build And Test iOS App	Generate, build, and run implementation checks	2026-09-11T00:33:24.7085900Z 
Build And Test iOS App	Generate, build, and run implementation checks	2026-09-11T00:33:24.7086830Z WriteAuxiliaryFile /Users/runner/Library/Developer/Xcode/DerivedData/AutoByteusMobile-cswwofbhrcnggmfwuxfpbtrwjhrw/Build/Intermediates.noindex/AutoByteusMobile.build/Debug-iphonesimulator/AutoByteusMobile.build/AutoByteus-DebugDylibPath-normal-arm64.txt (in target 'AutoByteusMobile' from project 'AutoByteusMobile')
Build And Test iOS App	Generate, build, and run implementation checks	2026-09-11T00:33:24.7088090Z     cd /Users/runner/work/autobyteus-workspace/autobyteus-workspace/autobyteus-ios
Build And Test iOS App	Generate, build, and run implementation checks	2026-09-11T00:33:24.7089160Z     write-file /Users/runner/Library/Developer/Xcode/DerivedData/AutoByteusMobile-cswwofbhrcnggmfwuxfpbtrwjhrw/Build/Intermediates.noindex/AutoByteusMobile.build/Debug-iphonesimulator/AutoByteusMobile.build/AutoByteus-DebugDylibPath-normal-arm64.txt
Build And Test iOS App	Generate, build, and run implementation checks	2026-09-11T00:33:24.7089950Z 
Build And Test iOS App	Generate, build, and run implementation checks	2026-09-11T00:33:24.7090880Z WriteAuxiliaryFile /Users/runner/Library/Developer/Xcode/DerivedData/AutoByteusMobile-cswwofbhrcnggmfwuxfpbtrwjhrw/Build/Intermediates.noindex/AutoByteusMobile.build/Debug-iphonesimulator/AutoByteusMobile.build/AutoByteus-DebugDylibInstallName-normal-arm64.txt (in target 'AutoByteusMobile' from project 'AutoByteusMobile')
Build And Test iOS App	Generate, build, and run implementation checks	2026-09-11T00:33:24.7092080Z     cd /Users/runner/work/autobyteus-workspace/autobyteus-workspace/autobyteus-ios
Build And Test iOS App	Generate, build, and run implementation checks	2026-09-11T00:33:24.7093100Z     write-file /Users/runner/Library/Developer/Xcode/DerivedData/AutoByteusMobile-cswwofbhrcnggmfwuxfpbtrwjhrw/Build/Intermediates.noindex/AutoByteusMobile.build/Debug-iphonesimulator/AutoByteusMobile.build/AutoByteus-DebugDylibInstallName-normal-arm64.txt
Build And Test iOS App	Generate, build, and run implementation checks	2026-09-11T00:33:24.7093920Z 
Build And Test iOS App	Generate, build, and run implementation checks	2026-09-11T00:33:24.7094540Z MkDir /Users/runner/Library/Developer/Xcode/DerivedData/AutoByteusMobile-cswwofbhrcnggmfwuxfpbtrwjhrw/Build/Products/Debug-iphonesimulator/AutoByteus.app/PlugIns (in target 'AutoByteusMobile' from project 'AutoByteusMobile')
Build And Test iOS App	Generate, build, and run implementation checks	2026-09-11T00:33:24.7095410Z     cd /Users/runner/work/autobyteus-workspace/autobyteus-workspace/autobyteus-ios
Build And Test iOS App	Generate, build, and run implementation checks	2026-09-11T00:33:24.7096150Z     /bin/mkdir -p /Users/runner/Library/Developer/Xcode/DerivedData/AutoByteusMobile-cswwofbhrcnggmfwuxfpbtrwjhrw/Build/Products/Debug-iphonesimulator/AutoByteus.app/PlugIns
Build And Test iOS App	Generate, build, and run implementation checks	2026-09-11T00:33:24.7096690Z 
Build And Test iOS App	Generate, build, and run implementation checks	2026-09-11T00:33:24.7097330Z MkDir /Users/runner/Library/Developer/Xcode/DerivedData/AutoByteusMobile-cswwofbhrcnggmfwuxfpbtrwjhrw/Build/Products/Debug-iphonesimulator/AutoByteus.app/Frameworks (in target 'AutoByteusMobile' from project 'AutoByteusMobile')
Build And Test iOS App	Generate, build, and run implementation checks	2026-09-11T00:33:24.7098230Z     cd /Users/runner/work/autobyteus-workspace/autobyteus-workspace/autobyteus-ios
Build And Test iOS App	Generate, build, and run implementation checks	2026-09-11T00:33:24.7098980Z     /bin/mkdir -p /Users/runner/Library/Developer/Xcode/DerivedData/AutoByteusMobile-cswwofbhrcnggmfwuxfpbtrwjhrw/Build/Products/Debug-iphonesimulator/AutoByteus.app/Frameworks
Build And Test iOS App	Generate, build, and run implementation checks	2026-09-11T00:33:24.7099550Z 
Build And Test iOS App	Generate, build, and run implementation checks	2026-09-11T00:33:24.7100140Z MkDir /Users/runner/Library/Developer/Xcode/DerivedData/AutoByteusMobile-cswwofbhrcnggmfwuxfpbtrwjhrw/Build/Products/Debug-iphonesimulator/AutoByteus.app (in target 'AutoByteusMobile' from project 'AutoByteusMobile')
Build And Test iOS App	Generate, build, and run implementation checks	2026-09-11T00:33:24.7100970Z     cd /Users/runner/work/autobyteus-workspace/autobyteus-workspace/autobyteus-ios
Build And Test iOS App	Generate, build, and run implementation checks	2026-09-11T00:33:24.7101700Z     /bin/mkdir -p /Users/runner/Library/Developer/Xcode/DerivedData/AutoByteusMobile-cswwofbhrcnggmfwuxfpbtrwjhrw/Build/Products/Debug-iphonesimulator/AutoByteus.app
Build And Test iOS App	Generate, build, and run implementation checks	2026-09-11T00:33:24.7102530Z 
Build And Test iOS App	Generate, build, and run implementation checks	2026-09-11T00:33:24.7104040Z ProcessInfoPlistFile /Users/runner/Library/Developer/Xcode/DerivedData/AutoByteusMobile-cswwofbhrcnggmfwuxfpbtrwjhrw/Build/Products/Debug-iphonesimulator/AutoByteusMobileCore.framework/Info.plist /Users/runner/Library/Developer/Xcode/DerivedData/AutoByteusMobile-cswwofbhrcnggmfwuxfpbtrwjhrw/Build/Intermediates.noindex/AutoByteusMobile.build/Debug-iphonesimulator/AutoByteusMobileCore.build/empty-AutoByteusMobileCore.plist (in target 'AutoByteusMobileCore' from project 'AutoByteusMobile')
Build And Test iOS App	Generate, build, and run implementation checks	2026-09-11T00:33:24.7106150Z     cd /Users/runner/work/autobyteus-workspace/autobyteus-workspace/autobyteus-ios
Build And Test iOS App	Generate, build, and run implementation checks	2026-09-11T00:33:24.7108150Z     builtin-infoPlistUtility /Users/runner/Library/Developer/Xcode/DerivedData/AutoByteusMobile-cswwofbhrcnggmfwuxfpbtrwjhrw/Build/Intermediates.noindex/AutoByteusMobile.build/Debug-iphonesimulator/AutoByteusMobileCore.build/empty-AutoByteusMobileCore.plist -producttype com.apple.product-type.framework -expandbuildsettings -format binary -platform iphonesimulator -o /Users/runner/Library/Developer/Xcode/DerivedData/AutoByteusMobile-cswwofbhrcnggmfwuxfpbtrwjhrw/Build/Products/Debug-iphonesimulator/AutoByteusMobileCore.framework/Info.plist
Build And Test iOS App	Generate, build, and run implementation checks	2026-09-11T00:33:24.7109810Z 
Build And Test iOS App	Generate, build, and run implementation checks	2026-09-11T00:33:24.7110210Z SwiftDriver AutoByteusMobileCore normal arm64 com.apple.xcode.tools.swift.compiler (in target 'AutoByteusMobileCore' from project 'AutoByteusMobile')
Build And Test iOS App	Generate, build, and run implementation checks	2026-09-11T00:33:24.7110860Z     cd /Users/runner/work/autobyteus-workspace/autobyteus-workspace/autobyteus-ios
Build And Test iOS App	Generate, build, and run implementation checks	2026-09-11T00:33:24.7129760Z     builtin-SwiftDriver -- /Applications/Xcode_26.3.app/Contents/Developer/Toolchains/XcodeDefault.xctoolchain/usr/bin/swiftc -module-name AutoByteusMobileCore -Onone -enforce-exclusivity\=checked @/Users/runner/Library/Developer/Xcode/DerivedData/AutoByteusMobile-cswwofbhrcnggmfwuxfpbtrwjhrw/Build/Intermediates.noindex/AutoByteusMobile.build/Debug-iphonesimulator/AutoByteusMobileCore.build/Objects-normal/arm64/AutoByteusMobileCore.SwiftFileList -DDEBUG -enable-bare-slash-regex -enable-experimental-feature DebugDescriptionMacro -sdk /Applications/Xcode_26.3.app/Contents/Developer/Platforms/iPhoneSimulator.platform/Developer/SDKs/iPhoneSimulator26.2.sdk -target arm64-apple-ios17.0-simulator -g -module-cache-path /Users/runner/Library/Developer/Xcode/DerivedData/ModuleCache.noindex -Xfrontend -serialize-debugging-options -application-extension -enable-testing -index-store-path /Users/runner/Library/Developer/Xcode/DerivedData/AutoByteusMobile-cswwofbhrcnggmfwuxfpbtrwjhrw/Index.noindex/DataStore -Xcc -D_LIBCPP_HARDENING_MODE\=_LIBCPP_HARDENING_MODE_DEBUG -swift-version 5 -I /Users/runner/Library/Developer/Xcode/DerivedData/AutoByteusMobile-cswwofbhrcnggmfwuxfpbtrwjhrw/Build/Products/Debug-iphonesimulator -F /Users/runner/Library/Developer/Xcode/DerivedData/AutoByteusMobile-cswwofbhrcnggmfwuxfpbtrwjhrw/Build/Products/Debug-iphonesimulator -c -j3 -enable-batch-mode -incremental -Xcc -ivfsstatcache -Xcc /Users/runner/Library/Developer/Xcode/DerivedData/SDKStatCaches.noindex/iphonesimulator26.2-23C57-dc75598d0054f22ec865fa860f139d72e244bd9a5feaf902f95f61bf06266e52.sdkstatcache -output-file-map /Users/runner/Library/Developer/Xcode/DerivedData/AutoByteusMobile-cswwofbhrcnggmfwuxfpbtrwjhrw/Build/Intermediates.noindex/AutoByteusMobile.build/Debug-iphonesimulator/AutoByteusMobileCore.build/Objects-normal/arm64/AutoByteusMobileCore-OutputFileMap.json -use-frontend-parseable-output -save-temps -no-color-diagnostics -explicit-module-build -module-cache-path /Users/runner/Library/Developer/Xcode/DerivedData/AutoByteusMobile-cswwofbhrcnggmfwuxfpbtrwjhrw/Build/Intermediates.noindex/SwiftExplicitPrecompiledModules -clang-scanner-module-cache-path /Users/runner/Library/Developer/Xcode/DerivedData/ModuleCache.noindex -sdk-module-cache-path /Users/runner/Library/Developer/Xcode/DerivedData/ModuleCache.noindex -serialize-diagnostics -emit-dependencies -emit-module -emit-module-path /Users/runner/Library/Developer/Xcode/DerivedData/AutoByteusMobile-cswwofbhrcnggmfwuxfpbtrwjhrw/Build/Intermediates.noindex/AutoByteusMobile.build/Debug-iphonesimulator/AutoByteusMobileCore.build/Objects-normal/arm64/AutoByteusMobileCore.swiftmodule -validate-clang-modules-once -clang-build-session-file /Users/runner/Library/Developer/Xcode/DerivedData/ModuleCache.noindex/Session.modulevalidation -Xcc -I/Users/runner/Library/Developer/Xcode/DerivedData/AutoByteusMobile-cswwofbhrcnggmfwuxfpbtrwjhrw/Build/Intermediates.noindex/AutoByteusMobile.build/Debug-iphonesimulator/AutoByteusMobileCore.build/swift-overrides.hmap -emit-const-values -Xfrontend -const-gather-protocols-file -Xfrontend /Users/runner/Library/Developer/Xcode/DerivedData/AutoByteusMobile-cswwofbhrcnggmfwuxfpbtrwjhrw/Build/Intermediates.noindex/AutoByteusMobile.build/Debug-iphonesimulator/AutoByteusMobileCore.build/Objects-normal/arm64/AutoByteusMobileCore_const_extract_protocols.json -Xcc -iquote -Xcc /Users/runner/Library/Developer/Xcode/DerivedData/AutoByteusMobile-cswwofbhrcnggmfwuxfpbtrwjhrw/Build/Intermediates.noindex/AutoByteusMobile.build/Debug-iphonesimulator/AutoByteusMobileCore.build/AutoByteusMobileCore-generated-files.hmap -Xcc -I/Users/runner/Library/Developer/Xcode/DerivedData/AutoByteusMobile-cswwofbhrcnggmfwuxfpbtrwjhrw/Build/Intermediates.noindex/AutoByteusMobile.build/Debug-iphonesimulator/AutoByteusMobileCore.build/AutoByteusMobileCore-own-target-headers.hmap -Xcc -I/Users/runner/Library/Developer/Xcode/DerivedData/AutoByteusMobile-cswwofbhrcnggmfwuxfpbtrwjhrw/Build/Intermediates.noindex/AutoByteusMobile.build/Debug-iphonesimulator/AutoByteusMobileCore.build/AutoByteusMobileCore-all-non-framework-target-headers.hmap -Xcc -ivfsoverlay -Xcc /Users/runner/Library/Developer/Xcode/DerivedData/AutoByteusMobile-cswwofbhrcnggmfwuxfpbtrwjhrw/Build/Intermediates.noindex/AutoByteusMobile.build/Debug-iphonesimulator/AutoByteusMobile-d09bd929cb8c8855c839362787f87620-VFS-iphonesimulator/all-product-headers.yaml -Xcc -iquote -Xcc /Users/runner/Library/Developer/Xcode/DerivedData/AutoByteusMobile-cswwofbhrcnggmfwuxfpbtrwjhrw/Build/Intermediates.noindex/AutoByteusMobile.build/Debug-iphonesimulator/AutoByteusMobileCore.build/AutoByteusMobileCore-project-headers.hmap -Xcc -I/Users/runner/Library/Developer/Xcode/DerivedData/AutoByteusMobile-cswwofbhrcnggmfwuxfpbtrwjhrw/Build/Products/Debug-iphonesimulator/include -Xcc -I/Users/runner/Library/Developer/Xcode/DerivedData/AutoByteusMobile-cswwofbhrcnggmfwuxfpbtrwjhrw/Build/Intermediates.noindex/AutoByteusMobile.build/Debug-iphonesimulator/AutoByteusMobileCore.build/DerivedSources-normal/arm64 -Xcc -I/Users/runner/Library/Developer/Xcode/DerivedData/AutoByteusMobile-cswwofbhrcnggmfwuxfpbtrwjhrw/Build/Intermediates.noindex/AutoByteusMobile.build/Debug-iphonesimulator/AutoByteusMobileCore.build/DerivedSources/arm64 -Xcc -I/Users/runner/Library/Developer/Xcode/DerivedData/AutoByteusMobile-cswwofbhrcnggmfwuxfpbtrwjhrw/Build/Intermediates.noindex/AutoByteusMobile.build/Debug-iphonesimulator/AutoByteusMobileCore.build/DerivedSources -Xcc -DDEBUG\=1 -emit-objc-header -emit-objc-header-path /Users/runner/Library/Developer/Xcode/DerivedData/AutoByteusMobile-cswwofbhrcnggmfwuxfpbtrwjhrw/Build/Intermediates.noindex/AutoByteusMobile.build/Debug-iphonesimulator/AutoByteusMobileCore.build/Objects-normal/arm64/AutoByteusMobileCore-Swift.h -working-directory /Users/runner/work/autobyteus-workspace/autobyteus-workspace/autobyteus-ios -experimental-emit-module-separately -disable-cmo
Build And Test iOS App	Generate, build, and run implementation checks	2026-09-11T00:33:25.7646190Z 
Build And Test iOS App	Generate, build, and run implementation checks	2026-09-11T00:33:25.7774690Z SwiftExplicitDependencyGeneratePcm arm64 /Users/runner/Library/Developer/Xcode/DerivedData/ModuleCache.noindex/_AvailabilityInternal-3H7W35GZRN7WA6A3YTH64UXV8.pcm
Build And Test iOS App	Generate, build, and run implementation checks	2026-09-11T00:33:25.9463920Z 
Build And Test iOS App	Generate, build, and run implementation checks	2026-09-11T00:33:25.9473860Z SwiftExplicitDependencyGeneratePcm arm64 /Users/runner/Library/Developer/Xcode/DerivedData/ModuleCache.noindex/ptrcheck-5MC97IH8XA53EZUU1OBF6JYQZ.pcm
Build And Test iOS App	Generate, build, and run implementation checks	2026-09-11T00:33:25.9474490Z 
Build And Test iOS App	Generate, build, and run implementation checks	2026-09-11T00:33:25.9475070Z SwiftExplicitDependencyGeneratePcm arm64 /Users/runner/Library/Developer/Xcode/DerivedData/ModuleCache.noindex/_SwiftConcurrencyShims-B9E3MP6XT59ZC1LHAAYCU0CMW.pcm
Build And Test iOS App	Generate, build, and run implementation checks	2026-09-11T00:33:25.9476220Z 
Build And Test iOS App	Generate, build, and run implementation checks	2026-09-11T00:33:25.9476640Z SwiftExplicitDependencyGeneratePcm arm64 /Users/runner/Library/Developer/Xcode/DerivedData/ModuleCache.noindex/SwiftShims-A43NIKCE413U4MBLK3B3QL3JS.pcm
Build And Test iOS App	Generate, build, and run implementation checks	2026-09-11T00:33:26.0527470Z 
Build And Test iOS App	Generate, build, and run implementation checks	2026-09-11T00:33:26.0557830Z SwiftExplicitDependencyGeneratePcm arm64 /Users/runner/Library/Developer/Xcode/DerivedData/ModuleCache.noindex/_Builtin_stdarg-83VE2KWSGO4S0UX71YLEAT7SX.pcm
Build And Test iOS App	Generate, build, and run implementation checks	2026-09-11T00:33:26.0665010Z 
Build And Test iOS App	Generate, build, and run implementation checks	2026-09-11T00:33:26.0795690Z SwiftExplicitDependencyGeneratePcm arm64 /Users/runner/Library/Developer/Xcode/DerivedData/ModuleCache.noindex/_DarwinFoundation1-2CGJ8I8ZIIOKH3OHA43LWJ5PP.pcm
Build And Test iOS App	Generate, build, and run implementation checks	2026-09-11T00:33:26.0900990Z 
Build And Test iOS App	Generate, build, and run implementation checks	2026-09-11T00:33:26.1009520Z SwiftExplicitDependencyGeneratePcm arm64 /Users/runner/Library/Developer/Xcode/DerivedData/ModuleCache.noindex/_Builtin_float-EPF25J5FV35IGV4FQL68O7ZVR.pcm
Build And Test iOS App	Generate, build, and run implementation checks	2026-09-11T00:33:26.1130900Z 
Build And Test iOS App	Generate, build, and run implementation checks	2026-09-11T00:33:26.1227310Z SwiftExplicitDependencyGeneratePcm arm64 /Users/runner/Library/Developer/Xcode/DerivedData/ModuleCache.noindex/ptrauth-E3GKF7EF2FLDNL54VL64AF0CO.pcm
Build And Test iOS App	Generate, build, and run implementation checks	2026-09-11T00:33:26.1228330Z 
Build And Test iOS App	Generate, build, and run implementation checks	2026-09-11T00:33:26.1228890Z SwiftExplicitDependencyGeneratePcm arm64 /Users/runner/Library/Developer/Xcode/DerivedData/ModuleCache.noindex/_Builtin_stddef-D3BMO04Y4VZUIGA7DCI6HWNJI.pcm
Build And Test iOS App	Generate, build, and run implementation checks	2026-09-11T00:33:26.1229910Z 
Build And Test iOS App	Generate, build, and run implementation checks	2026-09-11T00:33:26.1241190Z SwiftExplicitDependencyGeneratePcm arm64 /Users/runner/Library/Developer/Xcode/DerivedData/ModuleCache.noindex/_Builtin_limits-9Z8YXM0BZ2NUI6WD71VRKT99M.pcm
Build And Test iOS App	Generate, build, and run implementation checks	2026-09-11T00:33:26.1242910Z 
Build And Test iOS App	Generate, build, and run implementation checks	2026-09-11T00:33:26.1244270Z SwiftExplicitDependencyGeneratePcm arm64 /Users/runner/Library/Developer/Xcode/DerivedData/ModuleCache.noindex/_Builtin_stdbool-CQ0ATN78MCI0GC5AGYFTLW99G.pcm
Build And Test iOS App	Generate, build, and run implementation checks	2026-09-11T00:33:26.1513510Z 
Build And Test iOS App	Generate, build, and run implementation checks	2026-09-11T00:33:26.1514460Z SwiftExplicitDependencyGeneratePcm arm64 /Users/runner/Library/Developer/Xcode/DerivedData/ModuleCache.noindex/_DarwinFoundation2-DF1TBHJKTJA5EQ6Y8J9TFF1TF.pcm
Build And Test iOS App	Generate, build, and run implementation checks	2026-09-11T00:33:26.2017030Z 
Build And Test iOS App	Generate, build, and run implementation checks	2026-09-11T00:33:26.2022910Z SwiftExplicitDependencyGeneratePcm arm64 /Users/runner/Library/Developer/Xcode/DerivedData/ModuleCache.noindex/sys_types-1QWVI4SNWQ1K1NAW833XNGV0U.pcm
Build And Test iOS App	Generate, build, and run implementation checks	2026-09-11T00:33:26.2639490Z 
Build And Test iOS App	Generate, build, and run implementation checks	2026-09-11T00:33:26.2659410Z SwiftExplicitDependencyGeneratePcm arm64 /Users/runner/Library/Developer/Xcode/DerivedData/ModuleCache.noindex/_Builtin_stdint-8H0N729LO3C91KYT9CWWDM6HU.pcm
Build And Test iOS App	Generate, build, and run implementation checks	2026-09-11T00:33:26.2660160Z 
Build And Test iOS App	Generate, build, and run implementation checks	2026-09-11T00:33:26.2660710Z SwiftExplicitDependencyGeneratePcm arm64 /Users/runner/Library/Developer/Xcode/DerivedData/ModuleCache.noindex/_DarwinFoundation3-E869HBTBBJLFVOOABFQ5VD9C4.pcm
Build And Test iOS App	Generate, build, and run implementation checks	2026-09-11T00:33:26.3550090Z 
Build And Test iOS App	Generate, build, and run implementation checks	2026-09-11T00:33:26.3555580Z SwiftExplicitDependencyGeneratePcm arm64 /Users/runner/Library/Developer/Xcode/DerivedData/ModuleCache.noindex/_Builtin_inttypes-5A63X7VO59NFY6FWQKU5FTJO.pcm
Build And Test iOS App	Generate, build, and run implementation checks	2026-09-11T00:33:26.4185880Z 
Build And Test iOS App	Generate, build, and run implementation checks	2026-09-11T00:33:26.4189070Z SwiftExplicitDependencyGeneratePcm arm64 /Users/runner/Library/Developer/Xcode/DerivedData/ModuleCache.noindex/Darwin-8X11D1JJQW4MWODPFEW8VCHK5.pcm
Build And Test iOS App	Generate, build, and run implementation checks	2026-09-11T00:33:26.7272110Z 
Build And Test iOS App	Generate, build, and run implementation checks	2026-09-11T00:33:26.7373350Z SwiftExplicitDependencyGeneratePcm arm64 /Users/runner/Library/Developer/Xcode/DerivedData/ModuleCache.noindex/ObjectiveC-9YC8OZ9JCALSVV1YDEBJQ7EQK.pcm
Build And Test iOS App	Generate, build, and run implementation checks	2026-09-11T00:33:26.8142620Z 
Build And Test iOS App	Generate, build, and run implementation checks	2026-09-11T00:33:26.8145120Z SwiftExplicitDependencyGeneratePcm arm64 /Users/runner/Library/Developer/Xcode/DerivedData/ModuleCache.noindex/os_object-EARICHTFAA4B0E0J1NTPFLI0C.pcm
Build And Test iOS App	Generate, build, and run implementation checks	2026-09-11T00:33:26.9606490Z 
Build And Test iOS App	Generate, build, and run implementation checks	2026-09-11T00:33:26.9609140Z SwiftExplicitDependencyGeneratePcm arm64 /Users/runner/Library/Developer/Xcode/DerivedData/ModuleCache.noindex/os_workgroup-BUNUBVR9US1Z8X8ZI2HWLGQTN.pcm
Build And Test iOS App	Generate, build, and run implementation checks	2026-09-11T00:33:27.0501360Z 
Build And Test iOS App	Generate, build, and run implementation checks	2026-09-11T00:33:27.0504620Z SwiftExplicitDependencyGeneratePcm arm64 /Users/runner/Library/Developer/Xcode/DerivedData/ModuleCache.noindex/Dispatch-2J6O7HVEKYBF5QZR4RFEY7AV4.pcm
Build And Test iOS App	Generate, build, and run implementation checks	2026-09-11T00:33:27.1167150Z 
Build And Test iOS App	Generate, build, and run implementation checks	2026-09-11T00:33:27.1176950Z SwiftExplicitDependencyGeneratePcm arm64 /Users/runner/Library/Developer/Xcode/DerivedData/ModuleCache.noindex/XPC-7BXSRGF69T4939HNWWCYDE859.pcm
Build And Test iOS App	Generate, build, and run implementation checks	2026-09-11T00:33:27.1816510Z 
Build And Test iOS App	Generate, build, and run implementation checks	2026-09-11T00:33:27.1817330Z SwiftExplicitDependencyGeneratePcm arm64 /Users/runner/Library/Developer/Xcode/DerivedData/ModuleCache.noindex/CoreFoundation-E3XT2ZJ5NUU43WVRO68K6XQK.pcm
Build And Test iOS App	Generate, build, and run implementation checks	2026-09-11T00:33:27.2261650Z 
Build And Test iOS App	Generate, build, and run implementation checks	2026-09-11T00:33:27.2264610Z SwiftExplicitDependencyGeneratePcm arm64 /Users/runner/Library/Developer/Xcode/DerivedData/ModuleCache.noindex/Security-NQIJM1LTL79DB2CGJ853W7Y1.pcm
Build And Test iOS App	Generate, build, and run implementation checks	2026-09-11T00:33:27.3068150Z 
Build And Test iOS App	Generate, build, and run implementation checks	2026-09-11T00:33:27.3069880Z SwiftExplicitDependencyGeneratePcm arm64 /Users/runner/Library/Developer/Xcode/DerivedData/ModuleCache.noindex/CFNetwork-2KX9IWWGDJUTB6QH64QVAGVJ4.pcm
Build And Test iOS App	Generate, build, and run implementation checks	2026-09-11T00:33:27.3070420Z 
Build And Test iOS App	Generate, build, and run implementation checks	2026-09-11T00:33:27.3070840Z SwiftExplicitDependencyGeneratePcm arm64 /Users/runner/Library/Developer/Xcode/DerivedData/ModuleCache.noindex/Foundation-AHIHNE2EN74SSK0P4CYPKT143.pcm
Build And Test iOS App	Generate, build, and run implementation checks	2026-09-11T00:33:27.6493530Z 
Build And Test iOS App	Generate, build, and run implementation checks	2026-09-11T00:33:27.6595120Z SwiftEmitModule normal arm64 Emitting\ module\ for\ AutoByteusMobileCore (in target 'AutoByteusMobileCore' from project 'AutoByteusMobile')
Build And Test iOS App	Generate, build, and run implementation checks	2026-09-11T00:33:27.7013620Z 
Build And Test iOS App	Generate, build, and run implementation checks	2026-09-11T00:33:27.7078810Z EmitSwiftModule normal arm64 (in target 'AutoByteusMobileCore' from project 'AutoByteusMobile')
Build And Test iOS App	Generate, build, and run implementation checks	2026-09-11T00:33:27.7101750Z     cd /Users/runner/work/autobyteus-workspace/autobyteus-workspace/autobyteus-ios
Build And Test iOS App	Generate, build, and run implementation checks	2026-09-11T00:33:27.7102230Z     
Build And Test iOS App	Generate, build, and run implementation checks	2026-09-11T00:33:28.0393220Z 
Build And Test iOS App	Generate, build, and run implementation checks	2026-09-11T00:33:28.0408130Z SwiftCompile normal arm64 Compiling\ ConnectionDiagnostic.swift,\ ConnectionInputResolver.swift,\ ConnectionValidator.swift /Users/runner/work/autobyteus-workspace/autobyteus-workspace/autobyteus-ios/AutoByteusMobileCore/ConnectionDiagnostic.swift /Users/runner/work/autobyteus-workspace/autobyteus-workspace/autobyteus-ios/AutoByteusMobileCore/ConnectionInputResolver.swift /Users/runner/work/autobyteus-workspace/autobyteus-workspace/autobyteus-ios/AutoByteusMobileCore/ConnectionValidator.swift (in target 'AutoByteusMobileCore' from project 'AutoByteusMobile')
Build And Test iOS App	Generate, build, and run implementation checks	2026-09-11T00:33:28.0431890Z SwiftCompile normal arm64 /Users/runner/work/autobyteus-workspace/autobyteus-workspace/autobyteus-ios/AutoByteusMobileCore/ConnectionDiagnostic.swift (in target 'AutoByteusMobileCore' from project 'AutoByteusMobile')
Build And Test iOS App	Generate, build, and run implementation checks	2026-09-11T00:33:28.0434550Z     cd /Users/runner/work/autobyteus-workspace/autobyteus-workspace/autobyteus-ios
Build And Test iOS App	Generate, build, and run implementation checks	2026-09-11T00:33:28.0435470Z     
Build And Test iOS App	Generate, build, and run implementation checks	2026-09-11T00:33:30.0936520Z 
Build And Test iOS App	Generate, build, and run implementation checks	2026-09-11T00:33:30.1039490Z SwiftCompile normal arm64 /Users/runner/work/autobyteus-workspace/autobyteus-workspace/autobyteus-ios/AutoByteusMobileCore/ConnectionInputResolver.swift (in target 'AutoByteusMobileCore' from project 'AutoByteusMobile')
Build And Test iOS App	Generate, build, and run implementation checks	2026-09-11T00:33:30.1152630Z     cd /Users/runner/work/autobyteus-workspace/autobyteus-workspace/autobyteus-ios
Build And Test iOS App	Generate, build, and run implementation checks	2026-09-11T00:33:30.1254690Z     
Build And Test iOS App	Generate, build, and run implementation checks	2026-09-11T00:33:30.1369220Z 
Build And Test iOS App	Generate, build, and run implementation checks	2026-09-11T00:33:30.1447030Z SwiftCompile normal arm64 /Users/runner/work/autobyteus-workspace/autobyteus-workspace/autobyteus-ios/AutoByteusMobileCore/ConnectionValidator.swift (in target 'AutoByteusMobileCore' from project 'AutoByteusMobile')
Build And Test iOS App	Generate, build, and run implementation checks	2026-09-11T00:33:30.1450290Z     cd /Users/runner/work/autobyteus-workspace/autobyteus-workspace/autobyteus-ios
Build And Test iOS App	Generate, build, and run implementation checks	2026-09-11T00:33:30.1451500Z     
Build And Test iOS App	Generate, build, and run implementation checks	2026-09-11T00:33:30.1452000Z 
Build And Test iOS App	Generate, build, and run implementation checks	2026-09-11T00:33:30.1456690Z SwiftCompile normal arm64 Compiling\ SavedNodeProfile.swift,\ SavedNodeStore.swift,\ TrustedNavigationPolicy.swift /Users/runner/work/autobyteus-workspace/autobyteus-workspace/autobyteus-ios/AutoByteusMobileCore/SavedNodeProfile.swift /Users/runner/work/autobyteus-workspace/autobyteus-workspace/autobyteus-ios/AutoByteusMobileCore/SavedNodeStore.swift /Users/runner/work/autobyteus-workspace/autobyteus-workspace/autobyteus-ios/AutoByteusMobileCore/TrustedNavigationPolicy.swift (in target 'AutoByteusMobileCore' from project 'AutoByteusMobile')
Build And Test iOS App	Generate, build, and run implementation checks	2026-09-11T00:33:30.1463120Z SwiftCompile normal arm64 /Users/runner/work/autobyteus-workspace/autobyteus-workspace/autobyteus-ios/AutoByteusMobileCore/SavedNodeProfile.swift (in target 'AutoByteusMobileCore' from project 'AutoByteusMobile')
Build And Test iOS App	Generate, build, and run implementation checks	2026-09-11T00:33:30.1466920Z     cd /Users/runner/work/autobyteus-workspace/autobyteus-workspace/autobyteus-ios
Build And Test iOS App	Generate, build, and run implementation checks	2026-09-11T00:33:30.1472660Z     
Build And Test iOS App	Generate, build, and run implementation checks	2026-09-11T00:33:30.1474130Z 
Build And Test iOS App	Generate, build, and run implementation checks	2026-09-11T00:33:30.1474860Z SwiftCompile normal arm64 /Users/runner/work/autobyteus-workspace/autobyteus-workspace/autobyteus-ios/AutoByteusMobileCore/SavedNodeStore.swift (in target 'AutoByteusMobileCore' from project 'AutoByteusMobile')
Build And Test iOS App	Generate, build, and run implementation checks	2026-09-11T00:33:30.1531860Z     cd /Users/runner/work/autobyteus-workspace/autobyteus-workspace/autobyteus-ios
Build And Test iOS App	Generate, build, and run implementation checks	2026-09-11T00:33:30.1535710Z     
Build And Test iOS App	Generate, build, and run implementation checks	2026-09-11T00:33:30.1538570Z 
Build And Test iOS App	Generate, build, and run implementation checks	2026-09-11T00:33:30.1540150Z SwiftCompile normal arm64 /Users/runner/work/autobyteus-workspace/autobyteus-workspace/autobyteus-ios/AutoByteusMobileCore/TrustedNavigationPolicy.swift (in target 'AutoByteusMobileCore' from project 'AutoByteusMobile')
Build And Test iOS App	Generate, build, and run implementation checks	2026-09-11T00:33:30.1541320Z     cd /Users/runner/work/autobyteus-workspace/autobyteus-workspace/autobyteus-ios
Build And Test iOS App	Generate, build, and run implementation checks	2026-09-11T00:33:30.1542510Z     
Build And Test iOS App	Generate, build, and run implementation checks	2026-09-11T00:33:30.1543250Z 
Build And Test iOS App	Generate, build, and run implementation checks	2026-09-11T00:33:30.1548350Z SwiftCompile normal arm64 Compiling\ NodeURLNormalizer.swift,\ PairingLinkParser.swift,\ PendingSharedInputStore.swift /Users/runner/work/autobyteus-workspace/autobyteus-workspace/autobyteus-ios/AutoByteusMobileCore/NodeURLNormalizer.swift /Users/runner/work/autobyteus-workspace/autobyteus-workspace/autobyteus-ios/AutoByteusMobileCore/PairingLinkParser.swift /Users/runner/work/autobyteus-workspace/autobyteus-workspace/autobyteus-ios/AutoByteusMobileCore/PendingSharedInputStore.swift (in target 'AutoByteusMobileCore' from project 'AutoByteusMobile')
Build And Test iOS App	Generate, build, and run implementation checks	2026-09-11T00:33:30.1553520Z 
Build And Test iOS App	Generate, build, and run implementation checks	2026-09-11T00:33:30.1555160Z SwiftCompile normal arm64 /Users/runner/work/autobyteus-workspace/autobyteus-workspace/autobyteus-ios/AutoByteusMobileCore/NodeURLNormalizer.swift (in target 'AutoByteusMobileCore' from project 'AutoByteusMobile')
Build And Test iOS App	Generate, build, and run implementation checks	2026-09-11T00:33:30.1558240Z     cd /Users/runner/work/autobyteus-workspace/autobyteus-workspace/autobyteus-ios
Build And Test iOS App	Generate, build, and run implementation checks	2026-09-11T00:33:30.1558730Z     
Build And Test iOS App	Generate, build, and run implementation checks	2026-09-11T00:33:30.1558820Z 
Build And Test iOS App	Generate, build, and run implementation checks	2026-09-11T00:33:30.1559440Z SwiftCompile normal arm64 /Users/runner/work/autobyteus-workspace/autobyteus-workspace/autobyteus-ios/AutoByteusMobileCore/PairingLinkParser.swift (in target 'AutoByteusMobileCore' from project 'AutoByteusMobile')
Build And Test iOS App	Generate, build, and run implementation checks	2026-09-11T00:33:30.1560620Z     cd /Users/runner/work/autobyteus-workspace/autobyteus-workspace/autobyteus-ios
Build And Test iOS App	Generate, build, and run implementation checks	2026-09-11T00:33:30.1561870Z     
Build And Test iOS App	Generate, build, and run implementation checks	2026-09-11T00:33:30.1562130Z 
Build And Test iOS App	Generate, build, and run implementation checks	2026-09-11T00:33:30.1563770Z SwiftCompile normal arm64 /Users/runner/work/autobyteus-workspace/autobyteus-workspace/autobyteus-ios/AutoByteusMobileCore/PendingSharedInputStore.swift (in target 'AutoByteusMobileCore' from project 'AutoByteusMobile')
Build And Test iOS App	Generate, build, and run implementation checks	2026-09-11T00:33:30.1564760Z     cd /Users/runner/work/autobyteus-workspace/autobyteus-workspace/autobyteus-ios
Build And Test iOS App	Generate, build, and run implementation checks	2026-09-11T00:33:30.1565170Z     
Build And Test iOS App	Generate, build, and run implementation checks	2026-09-11T00:33:30.1565260Z 
Build And Test iOS App	Generate, build, and run implementation checks	2026-09-11T00:33:30.1565650Z SwiftDriverJobDiscovery normal arm64 Emitting module for AutoByteusMobileCore (in target 'AutoByteusMobileCore' from project 'AutoByteusMobile')
Build And Test iOS App	Generate, build, and run implementation checks	2026-09-11T00:33:30.1566750Z 
Build And Test iOS App	Generate, build, and run implementation checks	2026-09-11T00:33:30.1567320Z SwiftDriver\ Compilation\ Requirements AutoByteusMobileCore normal arm64 com.apple.xcode.tools.swift.compiler (in target 'AutoByteusMobileCore' from project 'AutoByteusMobile')
Build And Test iOS App	Generate, build, and run implementation checks	2026-09-11T00:33:30.1568080Z     cd /Users/runner/work/autobyteus-workspace/autobyteus-workspace/autobyteus-ios
Build And Test iOS App	Generate, build, and run implementation checks	2026-09-11T00:33:30.1616560Z     builtin-Swift-Compilation-Requirements -- /Applications/Xcode_26.3.app/Contents/Developer/Toolchains/XcodeDefault.xctoolchain/usr/bin/swiftc -module-name AutoByteusMobileCore -Onone -enforce-exclusivity\=checked @/Users/runner/Library/Developer/Xcode/DerivedData/AutoByteusMobile-cswwofbhrcnggmfwuxfpbtrwjhrw/Build/Intermediates.noindex/AutoByteusMobile.build/Debug-iphonesimulator/AutoByteusMobileCore.build/Objects-normal/arm64/AutoByteusMobileCore.SwiftFileList -DDEBUG -enable-bare-slash-regex -enable-experimental-feature DebugDescriptionMacro -sdk /Applications/Xcode_26.3.app/Contents/Developer/Platforms/iPhoneSimulator.platform/Developer/SDKs/iPhoneSimulator26.2.sdk -target arm64-apple-ios17.0-simulator -g -module-cache-path /Users/runner/Library/Developer/Xcode/DerivedData/ModuleCache.noindex -Xfrontend -serialize-debugging-options -application-extension -enable-testing -index-store-path /Users/runner/Library/Developer/Xcode/DerivedData/AutoByteusMobile-cswwofbhrcnggmfwuxfpbtrwjhrw/Index.noindex/DataStore -Xcc -D_LIBCPP_HARDENING_MODE\=_LIBCPP_HARDENING_MODE_DEBUG -swift-version 5 -I /Users/runner/Library/Developer/Xcode/DerivedData/AutoByteusMobile-cswwofbhrcnggmfwuxfpbtrwjhrw/Build/Products/Debug-iphonesimulator -F /Users/runner/Library/Developer/Xcode/DerivedData/AutoByteusMobile-cswwofbhrcnggmfwuxfpbtrwjhrw/Build/Products/Debug-iphonesimulator -c -j3 -enable-batch-mode -incremental -Xcc -ivfsstatcache -Xcc /Users/runner/Library/Developer/Xcode/DerivedData/SDKStatCaches.noindex/iphonesimulator26.2-23C57-dc75598d0054f22ec865fa860f139d72e244bd9a5feaf902f95f61bf06266e52.sdkstatcache -output-file-map /Users/runner/Library/Developer/Xcode/DerivedData/AutoByteusMobile-cswwofbhrcnggmfwuxfpbtrwjhrw/Build/Intermediates.noindex/AutoByteusMobile.build/Debug-iphonesimulator/AutoByteusMobileCore.build/Objects-normal/arm64/AutoByteusMobileCore-OutputFileMap.json -use-frontend-parseable-output -save-temps -no-color-diagnostics -explicit-module-build -module-cache-path /Users/runner/Library/Developer/Xcode/DerivedData/AutoByteusMobile-cswwofbhrcnggmfwuxfpbtrwjhrw/Build/Intermediates.noindex/SwiftExplicitPrecompiledModules -clang-scanner-module-cache-path /Users/runner/Library/Developer/Xcode/DerivedData/ModuleCache.noindex -sdk-module-cache-path /Users/runner/Library/Developer/Xcode/DerivedData/ModuleCache.noindex -serialize-diagnostics -emit-dependencies -emit-module -emit-module-path /Users/runner/Library/Developer/Xcode/DerivedData/AutoByteusMobile-cswwofbhrcnggmfwuxfpbtrwjhrw/Build/Intermediates.noindex/AutoByteusMobile.build/Debug-iphonesimulator/AutoByteusMobileCore.build/Objects-normal/arm64/AutoByteusMobileCore.swiftmodule -validate-clang-modules-once -clang-build-session-file /Users/runner/Library/Developer/Xcode/DerivedData/ModuleCache.noindex/Session.modulevalidation -Xcc -I/Users/runner/Library/Developer/Xcode/DerivedData/AutoByteusMobile-cswwofbhrcnggmfwuxfpbtrwjhrw/Build/Intermediates.noindex/AutoByteusMobile.build/Debug-iphonesimulator/AutoByteusMobileCore.build/swift-overrides.hmap -emit-const-values -Xfrontend -const-gather-protocols-file -Xfrontend /Users/runner/Library/Developer/Xcode/DerivedData/AutoByteusMobile-cswwofbhrcnggmfwuxfpbtrwjhrw/Build/Intermediates.noindex/AutoByteusMobile.build/Debug-iphonesimulator/AutoByteusMobileCore.build/Objects-normal/arm64/AutoByteusMobileCore_const_extract_protocols.json -Xcc -iquote -Xcc /Users/runner/Library/Developer/Xcode/DerivedData/AutoByteusMobile-cswwofbhrcnggmfwuxfpbtrwjhrw/Build/Intermediates.noindex/AutoByteusMobile.build/Debug-iphonesimulator/AutoByteusMobileCore.build/AutoByteusMobileCore-generated-files.hmap -Xcc -I/Users/runner/Library/Developer/Xcode/DerivedData/AutoByteusMobile-cswwofbhrcnggmfwuxfpbtrwjhrw/Build/Intermediates.noindex/AutoByteusMobile.build/Debug-iphonesimulator/AutoByteusMobileCore.build/AutoByteusMobileCore-own-target-headers.hmap -Xcc -I/Users/runner/Library/Developer/Xcode/DerivedData/AutoByteusMobile-cswwofbhrcnggmfwuxfpbtrwjhrw/Build/Intermediates.noindex/AutoByteusMobile.build/Debug-iphonesimulator/AutoByteusMobileCore.build/AutoByteusMobileCore-all-non-framework-target-headers.hmap -Xcc -ivfsoverlay -Xcc /Users/runner/Library/Developer/Xcode/DerivedData/AutoByteusMobile-cswwofbhrcnggmfwuxfpbtrwjhrw/Build/Intermediates.noindex/AutoByteusMobile.build/Debug-iphonesimulator/AutoByteusMobile-d09bd929cb8c8855c839362787f87620-VFS-iphonesimulator/all-product-headers.yaml -Xcc -iquote -Xcc /Users/runner/Library/Developer/Xcode/DerivedData/AutoByteusMobile-cswwofbhrcnggmfwuxfpbtrwjhrw/Build/Intermediates.noindex/AutoByteusMobile.build/Debug-iphonesimulator/AutoByteusMobileCore.build/AutoByteusMobileCore-project-headers.hmap -Xcc -I/Users/runner/Library/Developer/Xcode/DerivedData/AutoByteusMobile-cswwofbhrcnggmfwuxfpbtrwjhrw/Build/Products/Debug-iphonesimulator/include -Xcc -I/Users/runner/Library/Developer/Xcode/DerivedData/AutoByteusMobile-cswwofbhrcnggmfwuxfpbtrwjhrw/Build/Intermediates.noindex/AutoByteusMobile.build/Debug-iphonesimulator/AutoByteusMobileCore.build/DerivedSources-normal/arm64 -Xcc -I/Users/runner/Library/Developer/Xcode/DerivedData/AutoByteusMobile-cswwofbhrcnggmfwuxfpbtrwjhrw/Build/Intermediates.noindex/AutoByteusMobile.build/Debug-iphonesimulator/AutoByteusMobileCore.build/DerivedSources/arm64 -Xcc -I/Users/runner/Library/Developer/Xcode/DerivedData/AutoByteusMobile-cswwofbhrcnggmfwuxfpbtrwjhrw/Build/Intermediates.noindex/AutoByteusMobile.build/Debug-iphonesimulator/AutoByteusMobileCore.build/DerivedSources -Xcc -DDEBUG\=1 -emit-objc-header -emit-objc-header-path /Users/runner/Library/Developer/Xcode/DerivedData/AutoByteusMobile-cswwofbhrcnggmfwuxfpbtrwjhrw/Build/Intermediates.noindex/AutoByteusMobile.build/Debug-iphonesimulator/AutoByteusMobileCore.build/Objects-normal/arm64/AutoByteusMobileCore-Swift.h -working-directory /Users/runner/work/autobyteus-workspace/autobyteus-workspace/autobyteus-ios -experimental-emit-module-separately -disable-cmo
Build And Test iOS App	Generate, build, and run implementation checks	2026-09-11T00:33:30.1639980Z 
Build And Test iOS App	Generate, build, and run implementation checks	2026-09-11T00:33:30.1640580Z SwiftDriverJobDiscovery normal arm64 Compiling NodeURLNormalizer.swift, PairingLinkParser.swift, PendingSharedInputStore.swift (in target 'AutoByteusMobileCore' from project 'AutoByteusMobile')
Build And Test iOS App	Generate, build, and run implementation checks	2026-09-11T00:33:30.1641200Z 
Build And Test iOS App	Generate, build, and run implementation checks	2026-09-11T00:33:30.1642760Z SwiftMergeGeneratedHeaders /Users/runner/Library/Developer/Xcode/DerivedData/AutoByteusMobile-cswwofbhrcnggmfwuxfpbtrwjhrw/Build/Products/Debug-iphonesimulator/AutoByteusMobileCore.framework/Headers/AutoByteusMobileCore-Swift.h /Users/runner/Library/Developer/Xcode/DerivedData/AutoByteusMobile-cswwofbhrcnggmfwuxfpbtrwjhrw/Build/Intermediates.noindex/AutoByteusMobile.build/Debug-iphonesimulator/AutoByteusMobileCore.build/Objects-normal/arm64/AutoByteusMobileCore-Swift.h (in target 'AutoByteusMobileCore' from project 'AutoByteusMobile')
Build And Test iOS App	Generate, build, and run implementation checks	2026-09-11T00:33:30.1644760Z     cd /Users/runner/work/autobyteus-workspace/autobyteus-workspace/autobyteus-ios
Build And Test iOS App	Generate, build, and run implementation checks	2026-09-11T00:33:30.1646460Z     builtin-swiftHeaderTool -arch arm64 /Users/runner/Library/Developer/Xcode/DerivedData/AutoByteusMobile-cswwofbhrcnggmfwuxfpbtrwjhrw/Build/Intermediates.noindex/AutoByteusMobile.build/Debug-iphonesimulator/AutoByteusMobileCore.build/Objects-normal/arm64/AutoByteusMobileCore-Swift.h -o /Users/runner/Library/Developer/Xcode/DerivedData/AutoByteusMobile-cswwofbhrcnggmfwuxfpbtrwjhrw/Build/Products/Debug-iphonesimulator/AutoByteusMobileCore.framework/Headers/AutoByteusMobileCore-Swift.h
Build And Test iOS App	Generate, build, and run implementation checks	2026-09-11T00:33:30.1648100Z 
Build And Test iOS App	Generate, build, and run implementation checks	2026-09-11T00:33:30.1650070Z Copy /Users/runner/Library/Developer/Xcode/DerivedData/AutoByteusMobile-cswwofbhrcnggmfwuxfpbtrwjhrw/Build/Products/Debug-iphonesimulator/AutoByteusMobileCore.framework/Modules/AutoByteusMobileCore.swiftmodule/arm64-apple-ios-simulator.swiftmodule /Users/runner/Library/Developer/Xcode/DerivedData/AutoByteusMobile-cswwofbhrcnggmfwuxfpbtrwjhrw/Build/Intermediates.noindex/AutoByteusMobile.build/Debug-iphonesimulator/AutoByteusMobileCore.build/Objects-normal/arm64/AutoByteusMobileCore.swiftmodule (in target 'AutoByteusMobileCore' from project 'AutoByteusMobile')
Build And Test iOS App	Generate, build, and run implementation checks	2026-09-11T00:33:30.1652080Z     cd /Users/runner/work/autobyteus-workspace/autobyteus-workspace/autobyteus-ios
Build And Test iOS App	Generate, build, and run implementation checks	2026-09-11T00:33:30.1654220Z     builtin-copy -exclude .DS_Store -exclude CVS -exclude .svn -exclude .git -exclude .hg -resolve-src-symlinks -rename /Users/runner/Library/Developer/Xcode/DerivedData/AutoByteusMobile-cswwofbhrcnggmfwuxfpbtrwjhrw/Build/Intermediates.noindex/AutoByteusMobile.build/Debug-iphonesimulator/AutoByteusMobileCore.build/Objects-normal/arm64/AutoByteusMobileCore.swiftmodule /Users/runner/Library/Developer/Xcode/DerivedData/AutoByteusMobile-cswwofbhrcnggmfwuxfpbtrwjhrw/Build/Products/Debug-iphonesimulator/AutoByteusMobileCore.framework/Modules/AutoByteusMobileCore.swiftmodule/arm64-apple-ios-simulator.swiftmodule
Build And Test iOS App	Generate, build, and run implementation checks	2026-09-11T00:33:30.1657170Z 
Build And Test iOS App	Generate, build, and run implementation checks	2026-09-11T00:33:30.1659180Z Copy /Users/runner/Library/Developer/Xcode/DerivedData/AutoByteusMobile-cswwofbhrcnggmfwuxfpbtrwjhrw/Build/Products/Debug-iphonesimulator/AutoByteusMobileCore.framework/Modules/AutoByteusMobileCore.swiftmodule/arm64-apple-ios-simulator.swiftdoc /Users/runner/Library/Developer/Xcode/DerivedData/AutoByteusMobile-cswwofbhrcnggmfwuxfpbtrwjhrw/Build/Intermediates.noindex/AutoByteusMobile.build/Debug-iphonesimulator/AutoByteusMobileCore.build/Objects-normal/arm64/AutoByteusMobileCore.swiftdoc (in target 'AutoByteusMobileCore' from project 'AutoByteusMobile')
Build And Test iOS App	Generate, build, and run implementation checks	2026-09-11T00:33:30.1661740Z     cd /Users/runner/work/autobyteus-workspace/autobyteus-workspace/autobyteus-ios
Build And Test iOS App	Generate, build, and run implementation checks	2026-09-11T00:33:30.1666350Z     builtin-copy -exclude .DS_Store -exclude CVS -exclude .svn -exclude .git -exclude .hg -resolve-src-symlinks -rename /Users/runner/Library/Developer/Xcode/DerivedData/AutoByteusMobile-cswwofbhrcnggmfwuxfpbtrwjhrw/Build/Intermediates.noindex/AutoByteusMobile.build/Debug-iphonesimulator/AutoByteusMobileCore.build/Objects-normal/arm64/AutoByteusMobileCore.swiftdoc /Users/runner/Library/Developer/Xcode/DerivedData/AutoByteusMobile-cswwofbhrcnggmfwuxfpbtrwjhrw/Build/Products/Debug-iphonesimulator/AutoByteusMobileCore.framework/Modules/AutoByteusMobileCore.swiftmodule/arm64-apple-ios-simulator.swiftdoc
Build And Test iOS App	Generate, build, and run implementation checks	2026-09-11T00:33:30.1668400Z 
Build And Test iOS App	Generate, build, and run implementation checks	2026-09-11T00:33:30.1670350Z Copy /Users/runner/Library/Developer/Xcode/DerivedData/AutoByteusMobile-cswwofbhrcnggmfwuxfpbtrwjhrw/Build/Products/Debug-iphonesimulator/AutoByteusMobileCore.framework/Modules/AutoByteusMobileCore.swiftmodule/arm64-apple-ios-simulator.abi.json /Users/runner/Library/Developer/Xcode/DerivedData/AutoByteusMobile-cswwofbhrcnggmfwuxfpbtrwjhrw/Build/Intermediates.noindex/AutoByteusMobile.build/Debug-iphonesimulator/AutoByteusMobileCore.build/Objects-normal/arm64/AutoByteusMobileCore.abi.json (in target 'AutoByteusMobileCore' from project 'AutoByteusMobile')
Build And Test iOS App	Generate, build, and run implementation checks	2026-09-11T00:33:30.1673180Z     cd /Users/runner/work/autobyteus-workspace/autobyteus-workspace/autobyteus-ios
Build And Test iOS App	Generate, build, and run implementation checks	2026-09-11T00:33:30.1680000Z     builtin-copy -exclude .DS_Store -exclude CVS -exclude .svn -exclude .git -exclude .hg -resolve-src-symlinks -rename /Users/runner/Library/Developer/Xcode/DerivedData/AutoByteusMobile-cswwofbhrcnggmfwuxfpbtrwjhrw/Build/Intermediates.noindex/AutoByteusMobile.build/Debug-iphonesimulator/AutoByteusMobileCore.build/Objects-normal/arm64/AutoByteusMobileCore.abi.json /Users/runner/Library/Developer/Xcode/DerivedData/AutoByteusMobile-cswwofbhrcnggmfwuxfpbtrwjhrw/Build/Products/Debug-iphonesimulator/AutoByteusMobileCore.framework/Modules/AutoByteusMobileCore.swiftmodule/arm64-apple-ios-simulator.abi.json
Build And Test iOS App	Generate, build, and run implementation checks	2026-09-11T00:33:30.1682440Z 
Build And Test iOS App	Generate, build, and run implementation checks	2026-09-11T00:33:30.1683050Z SwiftDriverJobDiscovery normal arm64 Compiling ConnectionDiagnostic.swift, ConnectionInputResolver.swift, ConnectionValidator.swift (in target 'AutoByteusMobileCore' from project 'AutoByteusMobile')
Build And Test iOS App	Generate, build, and run implementation checks	2026-09-11T00:33:30.1683710Z 
Build And Test iOS App	Generate, build, and run implementation checks	2026-09-11T00:33:30.1685890Z Copy /Users/runner/Library/Developer/Xcode/DerivedData/AutoByteusMobile-cswwofbhrcnggmfwuxfpbtrwjhrw/Build/Products/Debug-iphonesimulator/AutoByteusMobileCore.framework/Modules/AutoByteusMobileCore.swiftmodule/Project/arm64-apple-ios-simulator.swiftsourceinfo /Users/runner/Library/Developer/Xcode/DerivedData/AutoByteusMobile-cswwofbhrcnggmfwuxfpbtrwjhrw/Build/Intermediates.noindex/AutoByteusMobile.build/Debug-iphonesimulator/AutoByteusMobileCore.build/Objects-normal/arm64/AutoByteusMobileCore.swiftsourceinfo (in target 'AutoByteusMobileCore' from project 'AutoByteusMobile')
Build And Test iOS App	Generate, build, and run implementation checks	2026-09-11T00:33:30.1688000Z     cd /Users/runner/work/autobyteus-workspace/autobyteus-workspace/autobyteus-ios
Build And Test iOS App	Generate, build, and run implementation checks	2026-09-11T00:33:30.1690530Z     builtin-copy -exclude .DS_Store -exclude CVS -exclude .svn -exclude .git -exclude .hg -resolve-src-symlinks -rename /Users/runner/Library/Developer/Xcode/DerivedData/AutoByteusMobile-cswwofbhrcnggmfwuxfpbtrwjhrw/Build/Intermediates.noindex/AutoByteusMobile.build/Debug-iphonesimulator/AutoByteusMobileCore.build/Objects-normal/arm64/AutoByteusMobileCore.swiftsourceinfo /Users/runner/Library/Developer/Xcode/DerivedData/AutoByteusMobile-cswwofbhrcnggmfwuxfpbtrwjhrw/Build/Products/Debug-iphonesimulator/AutoByteusMobileCore.framework/Modules/AutoByteusMobileCore.swiftmodule/Project/arm64-apple-ios-simulator.swiftsourceinfo
Build And Test iOS App	Generate, build, and run implementation checks	2026-09-11T00:33:30.1693220Z 
Build And Test iOS App	Generate, build, and run implementation checks	2026-09-11T00:33:30.1693890Z SwiftDriverJobDiscovery normal arm64 Compiling SavedNodeProfile.swift, SavedNodeStore.swift, TrustedNavigationPolicy.swift (in target 'AutoByteusMobileCore' from project 'AutoByteusMobile')
Build And Test iOS App	Generate, build, and run implementation checks	2026-09-11T00:33:30.1695100Z 
Build And Test iOS App	Generate, build, and run implementation checks	2026-09-11T00:33:30.1695560Z SwiftDriver\ Compilation AutoByteusMobileCore normal arm64 com.apple.xcode.tools.swift.compiler (in target 'AutoByteusMobileCore' from project 'AutoByteusMobile')
Build And Test iOS App	Generate, build, and run implementation checks	2026-09-11T00:33:30.1696360Z     cd /Users/runner/work/autobyteus-workspace/autobyteus-workspace/autobyteus-ios
Build And Test iOS App	Generate, build, and run implementation checks	2026-09-11T00:33:30.1729450Z     builtin-Swift-Compilation -- /Applications/Xcode_26.3.app/Contents/Developer/Toolchains/XcodeDefault.xctoolchain/usr/bin/swiftc -module-name AutoByteusMobileCore -Onone -enforce-exclusivity\=checked @/Users/runner/Library/Developer/Xcode/DerivedData/AutoByteusMobile-cswwofbhrcnggmfwuxfpbtrwjhrw/Build/Intermediates.noindex/AutoByteusMobile.build/Debug-iphonesimulator/AutoByteusMobileCore.build/Objects-normal/arm64/AutoByteusMobileCore.SwiftFileList -DDEBUG -enable-bare-slash-regex -enable-experimental-feature DebugDescriptionMacro -sdk /Applications/Xcode_26.3.app/Contents/Developer/Platforms/iPhoneSimulator.platform/Developer/SDKs/iPhoneSimulator26.2.sdk -target arm64-apple-ios17.0-simulator -g -module-cache-path /Users/runner/Library/Developer/Xcode/DerivedData/ModuleCache.noindex -Xfrontend -serialize-debugging-options -application-extension -enable-testing -index-store-path /Users/runner/Library/Developer/Xcode/DerivedData/AutoByteusMobile-cswwofbhrcnggmfwuxfpbtrwjhrw/Index.noindex/DataStore -Xcc -D_LIBCPP_HARDENING_MODE\=_LIBCPP_HARDENING_MODE_DEBUG -swift-version 5 -I /Users/runner/Library/Developer/Xcode/DerivedData/AutoByteusMobile-cswwofbhrcnggmfwuxfpbtrwjhrw/Build/Products/Debug-iphonesimulator -F /Users/runner/Library/Developer/Xcode/DerivedData/AutoByteusMobile-cswwofbhrcnggmfwuxfpbtrwjhrw/Build/Products/Debug-iphonesimulator -c -j3 -enable-batch-mode -incremental -Xcc -ivfsstatcache -Xcc /Users/runner/Library/Developer/Xcode/DerivedData/SDKStatCaches.noindex/iphonesimulator26.2-23C57-dc75598d0054f22ec865fa860f139d72e244bd9a5feaf902f95f61bf06266e52.sdkstatcache -output-file-map /Users/runner/Library/Developer/Xcode/DerivedData/AutoByteusMobile-cswwofbhrcnggmfwuxfpbtrwjhrw/Build/Intermediates.noindex/AutoByteusMobile.build/Debug-iphonesimulator/AutoByteusMobileCore.build/Objects-normal/arm64/AutoByteusMobileCore-OutputFileMap.json -use-frontend-parseable-output -save-temps -no-color-diagnostics -explicit-module-build -module-cache-path /Users/runner/Library/Developer/Xcode/DerivedData/AutoByteusMobile-cswwofbhrcnggmfwuxfpbtrwjhrw/Build/Intermediates.noindex/SwiftExplicitPrecompiledModules -clang-scanner-module-cache-path /Users/runner/Library/Developer/Xcode/DerivedData/ModuleCache.noindex -sdk-module-cache-path /Users/runner/Library/Developer/Xcode/DerivedData/ModuleCache.noindex -serialize-diagnostics -emit-dependencies -emit-module -emit-module-path /Users/runner/Library/Developer/Xcode/DerivedData/AutoByteusMobile-cswwofbhrcnggmfwuxfpbtrwjhrw/Build/Intermediates.noindex/AutoByteusMobile.build/Debug-iphonesimulator/AutoByteusMobileCore.build/Objects-normal/arm64/AutoByteusMobileCore.swiftmodule -validate-clang-modules-once -clang-build-session-file /Users/runner/Library/Developer/Xcode/DerivedData/ModuleCache.noindex/Session.modulevalidation -Xcc -I/Users/runner/Library/Developer/Xcode/DerivedData/AutoByteusMobile-cswwofbhrcnggmfwuxfpbtrwjhrw/Build/Intermediates.noindex/AutoByteusMobile.build/Debug-iphonesimulator/AutoByteusMobileCore.build/swift-overrides.hmap -emit-const-values -Xfrontend -const-gather-protocols-file -Xfrontend /Users/runner/Library/Developer/Xcode/DerivedData/AutoByteusMobile-cswwofbhrcnggmfwuxfpbtrwjhrw/Build/Intermediates.noindex/AutoByteusMobile.build/Debug-iphonesimulator/AutoByteusMobileCore.build/Objects-normal/arm64/AutoByteusMobileCore_const_extract_protocols.json -Xcc -iquote -Xcc /Users/runner/Library/Developer/Xcode/DerivedData/AutoByteusMobile-cswwofbhrcnggmfwuxfpbtrwjhrw/Build/Intermediates.noindex/AutoByteusMobile.build/Debug-iphonesimulator/AutoByteusMobileCore.build/AutoByteusMobileCore-generated-files.hmap -Xcc -I/Users/runner/Library/Developer/Xcode/DerivedData/AutoByteusMobile-cswwofbhrcnggmfwuxfpbtrwjhrw/Build/Intermediates.noindex/AutoByteusMobile.build/Debug-iphonesimulator/AutoByteusMobileCore.build/AutoByteusMobileCore-own-target-headers.hmap -Xcc -I/Users/runner/Library/Developer/Xcode/DerivedData/AutoByteusMobile-cswwofbhrcnggmfwuxfpbtrwjhrw/Build/Intermediates.noindex/AutoByteusMobile.build/Debug-iphonesimulator/AutoByteusMobileCore.build/AutoByteusMobileCore-all-non-framework-target-headers.hmap -Xcc -ivfsoverlay -Xcc /Users/runner/Library/Developer/Xcode/DerivedData/AutoByteusMobile-cswwofbhrcnggmfwuxfpbtrwjhrw/Build/Intermediates.noindex/AutoByteusMobile.build/Debug-iphonesimulator/AutoByteusMobile-d09bd929cb8c8855c839362787f87620-VFS-iphonesimulator/all-product-headers.yaml -Xcc -iquote -Xcc /Users/runner/Library/Developer/Xcode/DerivedData/AutoByteusMobile-cswwofbhrcnggmfwuxfpbtrwjhrw/Build/Intermediates.noindex/AutoByteusMobile.build/Debug-iphonesimulator/AutoByteusMobileCore.build/AutoByteusMobileCore-project-headers.hmap -Xcc -I/Users/runner/Library/Developer/Xcode/DerivedData/AutoByteusMobile-cswwofbhrcnggmfwuxfpbtrwjhrw/Build/Products/Debug-iphonesimulator/include -Xcc -I/Users/runner/Library/Developer/Xcode/DerivedData/AutoByteusMobile-cswwofbhrcnggmfwuxfpbtrwjhrw/Build/Intermediates.noindex/AutoByteusMobile.build/Debug-iphonesimulator/AutoByteusMobileCore.build/DerivedSources-normal/arm64 -Xcc -I/Users/runner/Library/Developer/Xcode/DerivedData/AutoByteusMobile-cswwofbhrcnggmfwuxfpbtrwjhrw/Build/Intermediates.noindex/AutoByteusMobile.build/Debug-iphonesimulator/AutoByteusMobileCore.build/DerivedSources/arm64 -Xcc -I/Users/runner/Library/Developer/Xcode/DerivedData/AutoByteusMobile-cswwofbhrcnggmfwuxfpbtrwjhrw/Build/Intermediates.noindex/AutoByteusMobile.build/Debug-iphonesimulator/AutoByteusMobileCore.build/DerivedSources -Xcc -DDEBUG\=1 -emit-objc-header -emit-objc-header-path /Users/runner/Library/Developer/Xcode/DerivedData/AutoByteusMobile-cswwofbhrcnggmfwuxfpbtrwjhrw/Build/Intermediates.noindex/AutoByteusMobile.build/Debug-iphonesimulator/AutoByteusMobileCore.build/Objects-normal/arm64/AutoByteusMobileCore-Swift.h -working-directory /Users/runner/work/autobyteus-workspace/autobyteus-workspace/autobyteus-ios -experimental-emit-module-separately -disable-cmo
Build And Test iOS App	Generate, build, and run implementation checks	2026-09-11T00:33:30.1759670Z 
Build And Test iOS App	Generate, build, and run implementation checks	2026-09-11T00:33:30.1762120Z ScanDependencies /Users/runner/Library/Developer/Xcode/DerivedData/AutoByteusMobile-cswwofbhrcnggmfwuxfpbtrwjhrw/Build/Intermediates.noindex/AutoByteusMobile.build/Debug-iphonesimulator/AutoByteusMobileCore.build/Objects-normal/arm64/AutoByteusMobileCore_vers.o /Users/runner/Library/Developer/Xcode/DerivedData/AutoByteusMobile-cswwofbhrcnggmfwuxfpbtrwjhrw/Build/Intermediates.noindex/AutoByteusMobile.build/Debug-iphonesimulator/AutoByteusMobileCore.build/DerivedSources/AutoByteusMobileCore_vers.c normal arm64 c com.apple.compilers.llvm.clang.1_0.compiler (in target 'AutoByteusMobileCore' from project 'AutoByteusMobile')
Build And Test iOS App	Generate, build, and run implementation checks	2026-09-11T00:33:30.1764920Z     cd /Users/runner/work/autobyteus-workspace/autobyteus-workspace/autobyteus-ios
Build And Test iOS App	Generate, build, and run implementation checks	2026-09-11T00:33:30.1765270Z     
Build And Test iOS App	Generate, build, and run implementation checks	2026-09-11T00:33:30.1766180Z     Using response file: /Users/runner/Library/Developer/Xcode/DerivedData/AutoByteusMobile-cswwofbhrcnggmfwuxfpbtrwjhrw/Build/Intermediates.noindex/AutoByteusMobile.build/Debug-iphonesimulator/AutoByteusMobileCore.build/Objects-normal/arm64/7187679823f38a2a940e0043cdf9d637-common-args.resp
Build And Test iOS App	Generate, build, and run implementation checks	2026-09-11T00:33:30.1767130Z     
Build And Test iOS App	Generate, build, and run implementation checks	2026-09-11T00:33:30.1778910Z     builtin-ScanDependencies -o /Users/runner/Library/Developer/Xcode/DerivedData/AutoByteusMobile-cswwofbhrcnggmfwuxfpbtrwjhrw/Build/Intermediates.noindex/AutoByteusMobile.build/Debug-iphonesimulator/AutoByteusMobileCore.build/Objects-normal/arm64/AutoByteusMobileCore_vers.o.scan -- /Applications/Xcode_26.3.app/Contents/Developer/Toolchains/XcodeDefault.xctoolchain/usr/bin/clang -x c -ivfsstatcache /Users/runner/Library/Developer/Xcode/DerivedData/SDKStatCaches.noindex/iphonesimulator26.2-23C57-dc75598d0054f22ec865fa860f139d72e244bd9a5feaf902f95f61bf06266e52.sdkstatcache -fmessage-length\=0 -fdiagnostics-show-note-include-stack -fmacro-backtrace-limit\=0 -fno-color-diagnostics -fmodules-prune-interval\=86400 -fmodules-prune-after\=345600 -fbuild-session-file\=/Users/runner/Library/Developer/Xcode/DerivedData/ModuleCache.noindex/Session.modulevalidation -fmodules-validate-once-per-build-session -Wnon-modular-include-in-framework-module -Werror\=non-modular-include-in-framework-module -Wno-trigraphs -Wno-missing-field-initializers -Wno-missing-prototypes -Werror\=return-type -Wdocumentation -Wunreachable-code -Wquoted-include-in-framework-header -Werror\=deprecated-objc-isa-usage -Werror\=objc-root-class -Wno-missing-braces -Wparentheses -Wswitch -Wunused-function -Wno-unused-label -Wno-unused-parameter -Wunused-variable -Wunused-value -Wempty-body -Wuninitialized -Wconditional-uninitialized -Wno-unknown-pragmas -Wno-shadow -Wno-four-char-constants -Wno-conversion -Wconstant-conversion -Wint-conversion -Wbool-conversion -Wenum-conversion -Wno-float-conversion -Wnon-literal-null-conversion -Wobjc-literal-conversion -Wshorten-64-to-32 -Wpointer-sign -Wno-newline-eof -Wno-implicit-fallthrough -fstrict-aliasing -Wdeprecated-declarations -Wno-sign-conversion -Winfinite-recursion -Wcomma -Wblock-capture-autoreleasing -Wstrict-prototypes -Wno-semicolon-before-method-body -Wunguarded-availability -index-store-path /Users/runner/Library/Developer/Xcode/DerivedData/AutoByteusMobile-cswwofbhrcnggmfwuxfpbtrwjhrw/Index.noindex/DataStore @/Users/runner/Library/Developer/Xcode/DerivedData/AutoByteusMobile-cswwofbhrcnggmfwuxfpbtrwjhrw/Build/Intermediates.noindex/AutoByteusMobile.build/Debug-iphonesimulator/AutoByteusMobileCore.build/Objects-normal/arm64/7187679823f38a2a940e0043cdf9d637-common-args.resp -MMD -MT dependencies -MF /Users/runner/Library/Developer/Xcode/DerivedData/AutoByteusMobile-cswwofbhrcnggmfwuxfpbtrwjhrw/Build/Intermediates.noindex/AutoByteusMobile.build/Debug-iphonesimulator/AutoByteusMobileCore.build/Objects-normal/arm64/AutoByteusMobileCore_vers.d --serialize-diagnostics /Users/runner/Library/Developer/Xcode/DerivedData/AutoByteusMobile-cswwofbhrcnggmfwuxfpbtrwjhrw/Build/Intermediates.noindex/AutoByteusMobile.build/Debug-iphonesimulator/AutoByteusMobileCore.build/Objects-normal/arm64/AutoByteusMobileCore_vers.dia -c /Users/runner/Library/Developer/Xcode/DerivedData/AutoByteusMobile-cswwofbhrcnggmfwuxfpbtrwjhrw/Build/Intermediates.noindex/AutoByteusMobile.build/Debug-iphonesimulator/AutoByteusMobileCore.build/DerivedSources/AutoByteusMobileCore_vers.c -o /Users/runner/Library/Developer/Xcode/DerivedData/AutoByteusMobile-cswwofbhrcnggmfwuxfpbtrwjhrw/Build/Intermediates.noindex/AutoByteusMobile.build/Debug-iphonesimulator/AutoByteusMobileCore.build/Objects-normal/arm64/AutoByteusMobileCore_vers.o -index-unit-output-path /AutoByteusMobile.build/Debug-iphonesimulator/AutoByteusMobileCore.build/Objects-normal/arm64/AutoByteusMobileCore_vers.o
Build And Test iOS App	Generate, build, and run implementation checks	2026-09-11T00:33:30.2378450Z 
Build And Test iOS App	Generate, build, and run implementation checks	2026-09-11T00:33:30.2402320Z ProcessProductPackaging /Users/runner/work/autobyteus-workspace/autobyteus-workspace/autobyteus-ios/AutoByteusMobileShareExtension/AutoByteusMobileShareExtension.entitlements /Users/runner/Library/Developer/Xcode/DerivedData/AutoByteusMobile-cswwofbhrcnggmfwuxfpbtrwjhrw/Build/Intermediates.noindex/AutoByteusMobile.build/Debug-iphonesimulator/AutoByteusMobileShareExtension.build/AutoByteus\ Share.appex.xcent (in target 'AutoByteusMobileShareExtension' from project 'AutoByteusMobile')
Build And Test iOS App	Generate, build, and run implementation checks	2026-09-11T00:33:30.2510840Z     cd /Users/runner/work/autobyteus-workspace/autobyteus-workspace/autobyteus-ios
Build And Test iOS App	Generate, build, and run implementation checks	2026-09-11T00:33:30.2601510Z     
Build And Test iOS App	Generate, build, and run implementation checks	2026-09-11T00:33:30.2601850Z     Entitlements:
Build And Test iOS App	Generate, build, and run implementation checks	2026-09-11T00:33:30.2602490Z     
Build And Test iOS App	Generate, build, and run implementation checks	2026-09-11T00:33:30.2602630Z     {
Build And Test iOS App	Generate, build, and run implementation checks	2026-09-11T00:33:30.2602790Z }
Build And Test iOS App	Generate, build, and run implementation checks	2026-09-11T00:33:30.2602940Z     
Build And Test iOS App	Generate, build, and run implementation checks	2026-09-11T00:33:30.2604800Z     builtin-productPackagingUtility /Users/runner/work/autobyteus-workspace/autobyteus-workspace/autobyteus-ios/AutoByteusMobileShareExtension/AutoByteusMobileShareExtension.entitlements -entitlements -format xml -o /Users/runner/Library/Developer/Xcode/DerivedData/AutoByteusMobile-cswwofbhrcnggmfwuxfpbtrwjhrw/Build/Intermediates.noindex/AutoByteusMobile.build/Debug-iphonesimulator/AutoByteusMobileShareExtension.build/AutoByteus\ Share.appex.xcent
Build And Test iOS App	Generate, build, and run implementation checks	2026-09-11T00:33:30.2607000Z 
Build And Test iOS App	Generate, build, and run implementation checks	2026-09-11T00:33:30.2609490Z ProcessProductPackaging /Users/runner/work/autobyteus-workspace/autobyteus-workspace/autobyteus-ios/AutoByteusMobileShareExtension/AutoByteusMobileShareExtension.entitlements /Users/runner/Library/Developer/Xcode/DerivedData/AutoByteusMobile-cswwofbhrcnggmfwuxfpbtrwjhrw/Build/Intermediates.noindex/AutoByteusMobile.build/Debug-iphonesimulator/AutoByteusMobileShareExtension.build/AutoByteus\ Share.appex-Simulated.xcent (in target 'AutoByteusMobileShareExtension' from project 'AutoByteusMobile')
Build And Test iOS App	Generate, build, and run implementation checks	2026-09-11T00:33:30.2612460Z     cd /Users/runner/work/autobyteus-workspace/autobyteus-workspace/autobyteus-ios
Build And Test iOS App	Generate, build, and run implementation checks	2026-09-11T00:33:30.2612890Z     
Build And Test iOS App	Generate, build, and run implementation checks	2026-09-11T00:33:30.2613120Z     Entitlements:
Build And Test iOS App	Generate, build, and run implementation checks	2026-09-11T00:33:30.2613340Z     
Build And Test iOS App	Generate, build, and run implementation checks	2026-09-11T00:33:30.2613490Z     {
Build And Test iOS App	Generate, build, and run implementation checks	2026-09-11T00:33:30.2613810Z     "application-identifier" = "FAKETEAMID.org.autobyteus.mobile.share";
Build And Test iOS App	Generate, build, and run implementation checks	2026-09-11T00:33:30.2614270Z     "com.apple.security.application-groups" =     (
Build And Test iOS App	Generate, build, and run implementation checks	2026-09-11T00:33:30.2614700Z         "group.org.autobyteus.mobile"
Build And Test iOS App	Generate, build, and run implementation checks	2026-09-11T00:33:30.2614970Z     );
Build And Test iOS App	Generate, build, and run implementation checks	2026-09-11T00:33:30.2615160Z }
Build And Test iOS App	Generate, build, and run implementation checks	2026-09-11T00:33:30.2615350Z     
Build And Test iOS App	Generate, build, and run implementation checks	2026-09-11T00:33:30.2617000Z     builtin-productPackagingUtility /Users/runner/work/autobyteus-workspace/autobyteus-workspace/autobyteus-ios/AutoByteusMobileShareExtension/AutoByteusMobileShareExtension.entitlements -entitlements -format xml -o /Users/runner/Library/Developer/Xcode/DerivedData/AutoByteusMobile-cswwofbhrcnggmfwuxfpbtrwjhrw/Build/Intermediates.noindex/AutoByteusMobile.build/Debug-iphonesimulator/AutoByteusMobileShareExtension.build/AutoByteus\ Share.appex-Simulated.xcent
Build And Test iOS App	Generate, build, and run implementation checks	2026-09-11T00:33:30.2619000Z 
Build And Test iOS App	Generate, build, and run implementation checks	2026-09-11T00:33:30.2620900Z ProcessProductPackagingDER /Users/runner/Library/Developer/Xcode/DerivedData/AutoByteusMobile-cswwofbhrcnggmfwuxfpbtrwjhrw/Build/Intermediates.noindex/AutoByteusMobile.build/Debug-iphonesimulator/AutoByteusMobileShareExtension.build/AutoByteus\ Share.appex.xcent /Users/runner/Library/Developer/Xcode/DerivedData/AutoByteusMobile-cswwofbhrcnggmfwuxfpbtrwjhrw/Build/Intermediates.noindex/AutoByteusMobile.build/Debug-iphonesimulator/AutoByteusMobileShareExtension.build/AutoByteus\ Share.appex.xcent.der (in target 'AutoByteusMobileShareExtension' from project 'AutoByteusMobile')
Build And Test iOS App	Generate, build, and run implementation checks	2026-09-11T00:33:30.2650470Z     cd /Users/runner/work/autobyteus-workspace/autobyteus-workspace/autobyteus-ios
Build And Test iOS App	Generate, build, and run implementation checks	2026-09-11T00:33:30.2655500Z     /usr/bin/derq query -f xml -i /Users/runner/Library/Developer/Xcode/DerivedData/AutoByteusMobile-cswwofbhrcnggmfwuxfpbtrwjhrw/Build/Intermediates.noindex/AutoByteusMobile.build/Debug-iphonesimulator/AutoByteusMobileShareExtension.build/AutoByteus\ Share.appex.xcent -o /Users/runner/Library/Developer/Xcode/DerivedData/AutoByteusMobile-cswwofbhrcnggmfwuxfpbtrwjhrw/Build/Intermediates.noindex/AutoByteusMobile.build/Debug-iphonesimulator/AutoByteusMobileShareExtension.build/AutoByteus\ Share.appex.xcent.der --raw
Build And Test iOS App	Generate, build, and run implementation checks	2026-09-11T00:33:30.2660250Z 
Build And Test iOS App	Generate, build, and run implementation checks	2026-09-11T00:33:30.2665490Z ProcessProductPackagingDER /Users/runner/Library/Developer/Xcode/DerivedData/AutoByteusMobile-cswwofbhrcnggmfwuxfpbtrwjhrw/Build/Intermediates.noindex/AutoByteusMobile.build/Debug-iphonesimulator/AutoByteusMobileShareExtension.build/AutoByteus\ Share.appex-Simulated.xcent /Users/runner/Library/Developer/Xcode/DerivedData/AutoByteusMobile-cswwofbhrcnggmfwuxfpbtrwjhrw/Build/Intermediates.noindex/AutoByteusMobile.build/Debug-iphonesimulator/AutoByteusMobileShareExtension.build/AutoByteus\ Share.appex-Simulated.xcent.der (in target 'AutoByteusMobileShareExtension' from project 'AutoByteusMobile')
Build And Test iOS App	Generate, build, and run implementation checks	2026-09-11T00:33:30.2672490Z     cd /Users/runner/work/autobyteus-workspace/autobyteus-workspace/autobyteus-ios
Build And Test iOS App	Generate, build, and run implementation checks	2026-09-11T00:33:30.2677700Z     /usr/bin/derq query -f xml -i /Users/runner/Library/Developer/Xcode/DerivedData/AutoByteusMobile-cswwofbhrcnggmfwuxfpbtrwjhrw/Build/Intermediates.noindex/AutoByteusMobile.build/Debug-iphonesimulator/AutoByteusMobileShareExtension.build/AutoByteus\ Share.appex-Simulated.xcent -o /Users/runner/Library/Developer/Xcode/DerivedData/AutoByteusMobile-cswwofbhrcnggmfwuxfpbtrwjhrw/Build/Intermediates.noindex/AutoByteusMobile.build/Debug-iphonesimulator/AutoByteusMobileShareExtension.build/AutoByteus\ Share.appex-Simulated.xcent.der --raw
Build And Test iOS App	Generate, build, and run implementation checks	2026-09-11T00:33:30.2682340Z 
Build And Test iOS App	Generate, build, and run implementation checks	2026-09-11T00:33:30.2683610Z SwiftDriver AutoByteusMobileShareExtension normal arm64 com.apple.xcode.tools.swift.compiler (in target 'AutoByteusMobileShareExtension' from project 'AutoByteusMobile')
Build And Test iOS App	Generate, build, and run implementation checks	2026-09-11T00:33:30.2710530Z     cd /Users/runner/work/autobyteus-workspace/autobyteus-workspace/autobyteus-ios
Build And Test iOS App	Generate, build, and run implementation checks	2026-09-11T00:33:30.2732410Z     builtin-SwiftDriver -- /Applications/Xcode_26.3.app/Contents/Developer/Toolchains/XcodeDefault.xctoolchain/usr/bin/swiftc -module-name AutoByteus_Share -Onone -enforce-exclusivity\=checked @/Users/runner/Library/Developer/Xcode/DerivedData/AutoByteusMobile-cswwofbhrcnggmfwuxfpbtrwjhrw/Build/Intermediates.noindex/AutoByteusMobile.build/Debug-iphonesimulator/AutoByteusMobileShareExtension.build/Objects-normal/arm64/AutoByteus\ Share.SwiftFileList -DDEBUG -enable-bare-slash-regex -enable-experimental-feature DebugDescriptionMacro -sdk /Applications/Xcode_26.3.app/Contents/Developer/Platforms/iPhoneSimulator.platform/Developer/SDKs/iPhoneSimulator26.2.sdk -target arm64-apple-ios17.0-simulator -g -module-cache-path /Users/runner/Library/Developer/Xcode/DerivedData/ModuleCache.noindex -Xfrontend -serialize-debugging-options -application-extension -enable-testing -index-store-path /Users/runner/Library/Developer/Xcode/DerivedData/AutoByteusMobile-cswwofbhrcnggmfwuxfpbtrwjhrw/Index.noindex/DataStore -Xcc -D_LIBCPP_HARDENING_MODE\=_LIBCPP_HARDENING_MODE_DEBUG -swift-version 5 -I /Users/runner/Library/Developer/Xcode/DerivedData/AutoByteusMobile-cswwofbhrcnggmfwuxfpbtrwjhrw/Build/Products/Debug-iphonesimulator -F /Users/runner/Library/Developer/Xcode/DerivedData/AutoByteusMobile-cswwofbhrcnggmfwuxfpbtrwjhrw/Build/Products/Debug-iphonesimulator -parse-as-library -c -j3 -enable-batch-mode -incremental -Xcc -ivfsstatcache -Xcc /Users/runner/Library/Developer/Xcode/DerivedData/SDKStatCaches.noindex/iphonesimulator26.2-23C57-dc75598d0054f22ec865fa860f139d72e244bd9a5feaf902f95f61bf06266e52.sdkstatcache -output-file-map /Users/runner/Library/Developer/Xcode/DerivedData/AutoByteusMobile-cswwofbhrcnggmfwuxfpbtrwjhrw/Build/Intermediates.noindex/AutoByteusMobile.build/Debug-iphonesimulator/AutoByteusMobileShareExtension.build/Objects-normal/arm64/AutoByteusMobileShareExtension-OutputFileMap.json -use-frontend-parseable-output -save-temps -no-color-diagnostics -explicit-module-build -module-cache-path /Users/runner/Library/Developer/Xcode/DerivedData/AutoByteusMobile-cswwofbhrcnggmfwuxfpbtrwjhrw/Build/Intermediates.noindex/SwiftExplicitPrecompiledModules -clang-scanner-module-cache-path /Users/runner/Library/Developer/Xcode/DerivedData/ModuleCache.noindex -sdk-module-cache-path /Users/runner/Library/Developer/Xcode/DerivedData/ModuleCache.noindex -serialize-diagnostics -emit-dependencies -emit-module -emit-module-path /Users/runner/Library/Developer/Xcode/DerivedData/AutoByteusMobile-cswwofbhrcnggmfwuxfpbtrwjhrw/Build/Intermediates.noindex/AutoByteusMobile.build/Debug-iphonesimulator/AutoByteusMobileShareExtension.build/Objects-normal/arm64/AutoByteus_Share.swiftmodule -validate-clang-modules-once -clang-build-session-file /Users/runner/Library/Developer/Xcode/DerivedData/ModuleCache.noindex/Session.modulevalidation -Xcc -I/Users/runner/Library/Developer/Xcode/DerivedData/AutoByteusMobile-cswwofbhrcnggmfwuxfpbtrwjhrw/Build/Intermediates.noindex/AutoByteusMobile.build/Debug-iphonesimulator/AutoByteusMobileShareExtension.build/swift-overrides.hmap -emit-const-values -Xfrontend -const-gather-protocols-file -Xfrontend /Users/runner/Library/Developer/Xcode/DerivedData/AutoByteusMobile-cswwofbhrcnggmfwuxfpbtrwjhrw/Build/Intermediates.noindex/AutoByteusMobile.build/Debug-iphonesimulator/AutoByteusMobileShareExtension.build/Objects-normal/arm64/AutoByteusMobileShareExtension_const_extract_protocols.json -Xcc -iquote -Xcc /Users/runner/Library/Developer/Xcode/DerivedData/AutoByteusMobile-cswwofbhrcnggmfwuxfpbtrwjhrw/Build/Intermediates.noindex/AutoByteusMobile.build/Debug-iphonesimulator/AutoByteusMobileShareExtension.build/AutoByteus\ Share-generated-files.hmap -Xcc -I/Users/runner/Library/Developer/Xcode/DerivedData/AutoByteusMobile-cswwofbhrcnggmfwuxfpbtrwjhrw/Build/Intermediates.noindex/AutoByteusMobile.build/Debug-iphonesimulator/AutoByteusMobileShareExtension.build/AutoByteus\ Share-own-target-headers.hmap -Xcc -I/Users/runner/Library/Developer/Xcode/DerivedData/AutoByteusMobile-cswwofbhrcnggmfwuxfpbtrwjhrw/Build/Intermediates.noindex/AutoByteusMobile.build/Debug-iphonesimulator/AutoByteusMobileShareExtension.build/AutoByteus\ Share-all-non-framework-target-headers.hmap -Xcc -ivfsoverlay -Xcc /Users/runner/Library/Developer/Xcode/DerivedData/AutoByteusMobile-cswwofbhrcnggmfwuxfpbtrwjhrw/Build/Intermediates.noindex/AutoByteusMobile.build/Debug-iphonesimulator/AutoByteusMobile-d09bd929cb8c8855c839362787f87620-VFS-iphonesimulator/all-product-headers.yaml -Xcc -iquote -Xcc /Users/runner/Library/Developer/Xcode/DerivedData/AutoByteusMobile-cswwofbhrcnggmfwuxfpbtrwjhrw/Build/Intermediates.noindex/AutoByteusMobile.build/Debug-iphonesimulator/AutoByteusMobileShareExtension.build/AutoByteus\ Share-project-headers.hmap -Xcc -I/Users/runner/Library/Developer/Xcode/DerivedData/AutoByteusMobile-cswwofbhrcnggmfwuxfpbtrwjhrw/Build/Products/Debug-iphonesimulator/include -Xcc -I/Users/runner/Library/Developer/Xcode/DerivedData/AutoByteusMobile-cswwofbhrcnggmfwuxfpbtrwjhrw/Build/Intermediates.noindex/AutoByteusMobile.build/Debug-iphonesimulator/AutoByteusMobileShareExtension.build/DerivedSources-normal/arm64 -Xcc -I/Users/runner/Library/Developer/Xcode/DerivedData/AutoByteusMobile-cswwofbhrcnggmfwuxfpbtrwjhrw/Build/Intermediates.noindex/AutoByteusMobile.build/Debug-iphonesimulator/AutoByteusMobileShareExtension.build/DerivedSources/arm64 -Xcc -I/Users/runner/Library/Developer/Xcode/DerivedData/AutoByteusMobile-cswwofbhrcnggmfwuxfpbtrwjhrw/Build/Intermediates.noindex/AutoByteusMobile.build/Debug-iphonesimulator/AutoByteusMobileShareExtension.build/DerivedSources -Xcc -DDEBUG\=1 -emit-objc-header -emit-objc-header-path /Users/runner/Library/Developer/Xcode/DerivedData/AutoByteusMobile-cswwofbhrcnggmfwuxfpbtrwjhrw/Build/Intermediates.noindex/AutoByteusMobile.build/Debug-iphonesimulator/AutoByteusMobileShareExtension.build/Objects-normal/arm64/AutoByteus_Share-Swift.h -working-directory /Users/runner/work/autobyteus-workspace/autobyteus-workspace/autobyteus-ios -experimental-emit-module-separately -disable-cmo
Build And Test iOS App	Generate, build, and run implementation checks	2026-09-11T00:33:31.1636210Z 
Build And Test iOS App	Generate, build, and run implementation checks	2026-09-11T00:33:31.1639580Z CompileC /Users/runner/Library/Developer/Xcode/DerivedData/AutoByteusMobile-cswwofbhrcnggmfwuxfpbtrwjhrw/Build/Intermediates.noindex/AutoByteusMobile.build/Debug-iphonesimulator/AutoByteusMobileCore.build/Objects-normal/arm64/AutoByteusMobileCore_vers.o /Users/runner/Library/Developer/Xcode/DerivedData/AutoByteusMobile-cswwofbhrcnggmfwuxfpbtrwjhrw/Build/Intermediates.noindex/AutoByteusMobile.build/Debug-iphonesimulator/AutoByteusMobileCore.build/DerivedSources/AutoByteusMobileCore_vers.c normal arm64 c com.apple.compilers.llvm.clang.1_0.compiler (in target 'AutoByteusMobileCore' from project 'AutoByteusMobile')
Build And Test iOS App	Generate, build, and run implementation checks	2026-09-11T00:33:31.1642000Z     cd /Users/runner/work/autobyteus-workspace/autobyteus-workspace/autobyteus-ios
Build And Test iOS App	Generate, build, and run implementation checks	2026-09-11T00:33:31.1642410Z     
Build And Test iOS App	Generate, build, and run implementation checks	2026-09-11T00:33:31.1643350Z     Using response file: /Users/runner/Library/Developer/Xcode/DerivedData/AutoByteusMobile-cswwofbhrcnggmfwuxfpbtrwjhrw/Build/Intermediates.noindex/AutoByteusMobile.build/Debug-iphonesimulator/AutoByteusMobileCore.build/Objects-normal/arm64/7187679823f38a2a940e0043cdf9d637-common-args.resp
Build And Test iOS App	Generate, build, and run implementation checks	2026-09-11T00:33:31.1644860Z     
Build And Test iOS App	Generate, build, and run implementation checks	2026-09-11T00:33:31.1655250Z     /Applications/Xcode_26.3.app/Contents/Developer/Toolchains/XcodeDefault.xctoolchain/usr/bin/clang -x c -ivfsstatcache /Users/runner/Library/Developer/Xcode/DerivedData/SDKStatCaches.noindex/iphonesimulator26.2-23C57-dc75598d0054f22ec865fa860f139d72e244bd9a5feaf902f95f61bf06266e52.sdkstatcache -fmessage-length\=0 -fdiagnostics-show-note-include-stack -fmacro-backtrace-limit\=0 -fno-color-diagnostics -fmodules-prune-interval\=86400 -fmodules-prune-after\=345600 -fbuild-session-file\=/Users/runner/Library/Developer/Xcode/DerivedData/ModuleCache.noindex/Session.modulevalidation -fmodules-validate-once-per-build-session -Wnon-modular-include-in-framework-module -Werror\=non-modular-include-in-framework-module -Wno-trigraphs -Wno-missing-field-initializers -Wno-missing-prototypes -Werror\=return-type -Wdocumentation -Wunreachable-code -Wquoted-include-in-framework-header -Werror\=deprecated-objc-isa-usage -Werror\=objc-root-class -Wno-missing-braces -Wparentheses -Wswitch -Wunused-function -Wno-unused-label -Wno-unused-parameter -Wunused-variable -Wunused-value -Wempty-body -Wuninitialized -Wconditional-uninitialized -Wno-unknown-pragmas -Wno-shadow -Wno-four-char-constants -Wno-conversion -Wconstant-conversion -Wint-conversion -Wbool-conversion -Wenum-conversion -Wno-float-conversion -Wnon-literal-null-conversion -Wobjc-literal-conversion -Wshorten-64-to-32 -Wpointer-sign -Wno-newline-eof -Wno-implicit-fallthrough -fstrict-aliasing -Wdeprecated-declarations -Wno-sign-conversion -Winfinite-recursion -Wcomma -Wblock-capture-autoreleasing -Wstrict-prototypes -Wno-semicolon-before-method-body -Wunguarded-availability -index-store-path /Users/runner/Library/Developer/Xcode/DerivedData/AutoByteusMobile-cswwofbhrcnggmfwuxfpbtrwjhrw/Index.noindex/DataStore @/Users/runner/Library/Developer/Xcode/DerivedData/AutoByteusMobile-cswwofbhrcnggmfwuxfpbtrwjhrw/Build/Intermediates.noindex/AutoByteusMobile.build/Debug-iphonesimulator/AutoByteusMobileCore.build/Objects-normal/arm64/7187679823f38a2a940e0043cdf9d637-common-args.resp -MMD -MT dependencies -MF /Users/runner/Library/Developer/Xcode/DerivedData/AutoByteusMobile-cswwofbhrcnggmfwuxfpbtrwjhrw/Build/Intermediates.noindex/AutoByteusMobile.build/Debug-iphonesimulator/AutoByteusMobileCore.build/Objects-normal/arm64/AutoByteusMobileCore_vers.d --serialize-diagnostics /Users/runner/Library/Developer/Xcode/DerivedData/AutoByteusMobile-cswwofbhrcnggmfwuxfpbtrwjhrw/Build/Intermediates.noindex/AutoByteusMobile.build/Debug-iphonesimulator/AutoByteusMobileCore.build/Objects-normal/arm64/AutoByteusMobileCore_vers.dia -c /Users/runner/Library/Developer/Xcode/DerivedData/AutoByteusMobile-cswwofbhrcnggmfwuxfpbtrwjhrw/Build/Intermediates.noindex/AutoByteusMobile.build/Debug-iphonesimulator/AutoByteusMobileCore.build/DerivedSources/AutoByteusMobileCore_vers.c -o /Users/runner/Library/Developer/Xcode/DerivedData/AutoByteusMobile-cswwofbhrcnggmfwuxfpbtrwjhrw/Build/Intermediates.noindex/AutoByteusMobile.build/Debug-iphonesimulator/AutoByteusMobileCore.build/Objects-normal/arm64/AutoByteusMobileCore_vers.o -index-unit-output-path /AutoByteusMobile.build/Debug-iphonesimulator/AutoByteusMobileCore.build/Objects-normal/arm64/AutoByteusMobileCore_vers.o
Build And Test iOS App	Generate, build, and run implementation checks	2026-09-11T00:33:31.1666660Z 
Build And Test iOS App	Generate, build, and run implementation checks	2026-09-11T00:33:31.1667710Z Ld /Users/runner/Library/Developer/Xcode/DerivedData/AutoByteusMobile-cswwofbhrcnggmfwuxfpbtrwjhrw/Build/Products/Debug-iphonesimulator/AutoByteusMobileCore.framework/AutoByteusMobileCore normal (in target 'AutoByteusMobileCore' from project 'AutoByteusMobile')
Build And Test iOS App	Generate, build, and run implementation checks	2026-09-11T00:33:31.1669050Z     cd /Users/runner/work/autobyteus-workspace/autobyteus-workspace/autobyteus-ios
Build And Test iOS App	Generate, build, and run implementation checks	2026-09-11T00:33:31.1679840Z     /Applications/Xcode_26.3.app/Contents/Developer/Toolchains/XcodeDefault.xctoolchain/usr/bin/clang -Xlinker -reproducible -target arm64-apple-ios17.0-simulator -dynamiclib -isysroot /Applications/Xcode_26.3.app/Contents/Developer/Platforms/iPhoneSimulator.platform/Developer/SDKs/iPhoneSimulator26.2.sdk -O0 -L/Users/runner/Library/Developer/Xcode/DerivedData/AutoByteusMobile-cswwofbhrcnggmfwuxfpbtrwjhrw/Build/Intermediates.noindex/EagerLinkingTBDs/Debug-iphonesimulator -L/Users/runner/Library/Developer/Xcode/DerivedData/AutoByteusMobile-cswwofbhrcnggmfwuxfpbtrwjhrw/Build/Products/Debug-iphonesimulator -F/Users/runner/Library/Developer/Xcode/DerivedData/AutoByteusMobile-cswwofbhrcnggmfwuxfpbtrwjhrw/Build/Intermediates.noindex/EagerLinkingTBDs/Debug-iphonesimulator -F/Users/runner/Library/Developer/Xcode/DerivedData/AutoByteusMobile-cswwofbhrcnggmfwuxfpbtrwjhrw/Build/Products/Debug-iphonesimulator -filelist /Users/runner/Library/Developer/Xcode/DerivedData/AutoByteusMobile-cswwofbhrcnggmfwuxfpbtrwjhrw/Build/Intermediates.noindex/AutoByteusMobile.build/Debug-iphonesimulator/AutoByteusMobileCore.build/Objects-normal/arm64/AutoByteusMobileCore.LinkFileList -install_name @rpath/AutoByteusMobileCore.framework/AutoByteusMobileCore -Xlinker -rpath -Xlinker /usr/lib/swift -Xlinker -rpath -Xlinker @executable_path/Frameworks -dead_strip -Xlinker -object_path_lto -Xlinker /Users/runner/Library/Developer/Xcode/DerivedData/AutoByteusMobile-cswwofbhrcnggmfwuxfpbtrwjhrw/Build/Intermediates.noindex/AutoByteusMobile.build/Debug-iphonesimulator/AutoByteusMobileCore.build/Objects-normal/arm64/AutoByteusMobileCore_lto.o -rdynamic -Xlinker -no_deduplicate -Xlinker -objc_abi_version -Xlinker 2 -Xlinker -dependency_info -Xlinker /Users/runner/Library/Developer/Xcode/DerivedData/AutoByteusMobile-cswwofbhrcnggmfwuxfpbtrwjhrw/Build/Intermediates.noindex/AutoByteusMobile.build/Debug-iphonesimulator/AutoByteusMobileCore.build/Objects-normal/arm64/AutoByteusMobileCore_dependency_info.dat -fapplication-extension -fobjc-link-runtime -L/Applications/Xcode_26.3.app/Contents/Developer/Toolchains/XcodeDefault.xctoolchain/usr/lib/swift/iphonesimulator -L/usr/lib/swift -Xlinker -add_ast_path -Xlinker /Users/runner/Library/Developer/Xcode/DerivedData/AutoByteusMobile-cswwofbhrcnggmfwuxfpbtrwjhrw/Build/Intermediates.noindex/AutoByteusMobile.build/Debug-iphonesimulator/AutoByteusMobileCore.build/Objects-normal/arm64/AutoByteusMobileCore.swiftmodule @/Users/runner/Library/Developer/Xcode/DerivedData/AutoByteusMobile-cswwofbhrcnggmfwuxfpbtrwjhrw/Build/Intermediates.noindex/AutoByteusMobile.build/Debug-iphonesimulator/AutoByteusMobileCore.build/Objects-normal/arm64/AutoByteusMobileCore-linker-args.resp -Xlinker -no_adhoc_codesign -compatibility_version 1 -current_version 1 -o /Users/runner/Library/Developer/Xcode/DerivedData/AutoByteusMobile-cswwofbhrcnggmfwuxfpbtrwjhrw/Build/Products/Debug-iphonesimulator/AutoByteusMobileCore.framework/AutoByteusMobileCore
Build And Test iOS App	Generate, build, and run implementation checks	2026-09-11T00:33:31.1691000Z 
Build And Test iOS App	Generate, build, and run implementation checks	2026-09-11T00:33:31.1691300Z ExtractAppIntentsMetadata (in target 'AutoByteusMobileCore' from project 'AutoByteusMobile')
Build And Test iOS App	Generate, build, and run implementation checks	2026-09-11T00:33:31.1692070Z     cd /Users/runner/work/autobyteus-workspace/autobyteus-workspace/autobyteus-ios
Build And Test iOS App	Generate, build, and run implementation checks	2026-09-11T00:33:31.1702540Z     /Applications/Xcode_26.3.app/Contents/Developer/Toolchains/XcodeDefault.xctoolchain/usr/bin/appintentsmetadataprocessor --toolchain-dir /var/run/com.apple.security.cryptexd/mnt/com.apple.MobileAsset.MetalToolchain-v17.3.7003.10.eFrmP5/Metal.xctoolchain --module-name AutoByteusMobileCore --sdk-root /Applications/Xcode_26.3.app/Contents/Developer/Platforms/iPhoneSimulator.platform/Developer/SDKs/iPhoneSimulator26.2.sdk --xcode-version 17C529 --platform-family iOS --deployment-target 17.0 --bundle-identifier org.autobyteus.mobile.core --output /Users/runner/Library/Developer/Xcode/DerivedData/AutoByteusMobile-cswwofbhrcnggmfwuxfpbtrwjhrw/Build/Products/Debug-iphonesimulator/AutoByteusMobileCore.framework --target-triple arm64-apple-ios17.0-simulator --binary-file /Users/runner/Library/Developer/Xcode/DerivedData/AutoByteusMobile-cswwofbhrcnggmfwuxfpbtrwjhrw/Build/Products/Debug-iphonesimulator/AutoByteusMobileCore.framework/AutoByteusMobileCore --dependency-file /Users/runner/Library/Developer/Xcode/DerivedData/AutoByteusMobile-cswwofbhrcnggmfwuxfpbtrwjhrw/Build/Intermediates.noindex/AutoByteusMobile.build/Debug-iphonesimulator/AutoByteusMobileCore.build/Objects-normal/arm64/AutoByteusMobileCore_dependency_info.dat --stringsdata-file /Users/runner/Library/Developer/Xcode/DerivedData/AutoByteusMobile-cswwofbhrcnggmfwuxfpbtrwjhrw/Build/Intermediates.noindex/AutoByteusMobile.build/Debug-iphonesimulator/AutoByteusMobileCore.build/Objects-normal/arm64/ExtractedAppShortcutsMetadata.stringsdata --source-file-list /Users/runner/Library/Developer/Xcode/DerivedData/AutoByteusMobile-cswwofbhrcnggmfwuxfpbtrwjhrw/Build/Intermediates.noindex/AutoByteusMobile.build/Debug-iphonesimulator/AutoByteusMobileCore.build/Objects-normal/arm64/AutoByteusMobileCore.SwiftFileList --metadata-file-list /Users/runner/Library/Developer/Xcode/DerivedData/AutoByteusMobile-cswwofbhrcnggmfwuxfpbtrwjhrw/Build/Intermediates.noindex/AutoByteusMobile.build/Debug-iphonesimulator/AutoByteusMobileCore.build/AutoByteusMobileCore.DependencyMetadataFileList --static-metadata-file-list /Users/runner/Library/Developer/Xcode/DerivedData/AutoByteusMobile-cswwofbhrcnggmfwuxfpbtrwjhrw/Build/Intermediates.noindex/AutoByteusMobile.build/Debug-iphonesimulator/AutoByteusMobileCore.build/AutoByteusMobileCore.DependencyStaticMetadataFileList --swift-const-vals-list /Users/runner/Library/Developer/Xcode/DerivedData/AutoByteusMobile-cswwofbhrcnggmfwuxfpbtrwjhrw/Build/Intermediates.noindex/AutoByteusMobile.build/Debug-iphonesimulator/AutoByteusMobileCore.build/Objects-normal/arm64/AutoByteusMobileCore.SwiftConstValuesFileList --compile-time-extraction --deployment-aware-processing --validate-assistant-intents --no-app-shortcuts-localization
Build And Test iOS App	Generate, build, and run implementation checks	2026-09-11T00:33:31.1711290Z 2026-09-11 00:33:30.747 appintentsmetadataprocessor[3222:13541] Starting appintentsmetadataprocessor export
Build And Test iOS App	Generate, build, and run implementation checks	2026-09-11T00:33:31.1712140Z 2026-09-11 00:33:30.751 appintentsmetadataprocessor[3222:13541] warning: Metadata extraction skipped. No AppIntents.framework dependency found.
Build And Test iOS App	Generate, build, and run implementation checks	2026-09-11T00:33:31.1712590Z 
Build And Test iOS App	Generate, build, and run implementation checks	2026-09-11T00:33:31.1726600Z AppIntentsSSUTraining (in target 'AutoByteusMobileCore' from project 'AutoByteusMobile')
Build And Test iOS App	Generate, build, and run implementation checks	2026-09-11T00:33:31.1727170Z     cd /Users/runner/work/autobyteus-workspace/autobyteus-workspace/autobyteus-ios
Build And Test iOS App	Generate, build, and run implementation checks	2026-09-11T00:33:31.1731150Z     /Applications/Xcode_26.3.app/Contents/Developer/Toolchains/XcodeDefault.xctoolchain/usr/bin/appintentsnltrainingprocessor --infoplist-path /Users/runner/Library/Developer/Xcode/DerivedData/AutoByteusMobile-cswwofbhrcnggmfwuxfpbtrwjhrw/Build/Products/Debug-iphonesimulator/AutoByteusMobileCore.framework/Info.plist --temp-dir-path /Users/runner/Library/Developer/Xcode/DerivedData/AutoByteusMobile-cswwofbhrcnggmfwuxfpbtrwjhrw/Build/Intermediates.noindex/AutoByteusMobile.build/Debug-iphonesimulator/AutoByteusMobileCore.build/ssu --bundle-id org.autobyteus.mobile.core --product-path /Users/runner/Library/Developer/Xcode/DerivedData/AutoByteusMobile-cswwofbhrcnggmfwuxfpbtrwjhrw/Build/Products/Debug-iphonesimulator/AutoByteusMobileCore.framework --extracted-metadata-path /Users/runner/Library/Developer/Xcode/DerivedData/AutoByteusMobile-cswwofbhrcnggmfwuxfpbtrwjhrw/Build/Products/Debug-iphonesimulator/AutoByteusMobileCore.framework/Metadata.appintents --metadata-file-list /Users/runner/Library/Developer/Xcode/DerivedData/AutoByteusMobile-cswwofbhrcnggmfwuxfpbtrwjhrw/Build/Intermediates.noindex/AutoByteusMobile.build/Debug-iphonesimulator/AutoByteusMobileCore.build/AutoByteusMobileCore.DependencyMetadataFileList --archive-ssu-assets
Build And Test iOS App	Generate, build, and run implementation checks	2026-09-11T00:33:31.1735450Z 2026-09-11 00:33:30.780 appintentsnltrainingprocessor[3223:13554] Parsing options for appintentsnltrainingprocessor
Build And Test iOS App	Generate, build, and run implementation checks	2026-09-11T00:33:31.1736120Z 2026-09-11 00:33:30.780 appintentsnltrainingprocessor[3223:13554] No AppShortcuts found - Skipping.
Build And Test iOS App	Generate, build, and run implementation checks	2026-09-11T00:33:31.1736470Z 
Build And Test iOS App	Generate, build, and run implementation checks	2026-09-11T00:33:31.1737340Z GenerateTAPI /Users/runner/Library/Developer/Xcode/DerivedData/AutoByteusMobile-cswwofbhrcnggmfwuxfpbtrwjhrw/Build/Intermediates.noindex/EagerLinkingTBDs/Debug-iphonesimulator/AutoByteusMobileCore.framework/AutoByteusMobileCore.tbd (in target 'AutoByteusMobileCore' from project 'AutoByteusMobile')
Build And Test iOS App	Generate, build, and run implementation checks	2026-09-11T00:33:31.1739510Z     cd /Users/runner/work/autobyteus-workspace/autobyteus-workspace/autobyteus-ios
Build And Test iOS App	Generate, build, and run implementation checks	2026-09-11T00:33:31.1742480Z     /Applications/Xcode_26.3.app/Contents/Developer/Toolchains/XcodeDefault.xctoolchain/usr/bin/tapi stubify -isysroot /Applications/Xcode_26.3.app/Contents/Developer/Platforms/iPhoneSimulator.platform/Developer/SDKs/iPhoneSimulator26.2.sdk -F/Users/runner/Library/Developer/Xcode/DerivedData/AutoByteusMobile-cswwofbhrcnggmfwuxfpbtrwjhrw/Build/Products/Debug-iphonesimulator -L/Users/runner/Library/Developer/Xcode/DerivedData/AutoByteusMobile-cswwofbhrcnggmfwuxfpbtrwjhrw/Build/Products/Debug-iphonesimulator /Users/runner/Library/Developer/Xcode/DerivedData/AutoByteusMobile-cswwofbhrcnggmfwuxfpbtrwjhrw/Build/Products/Debug-iphonesimulator/AutoByteusMobileCore.framework/AutoByteusMobileCore -o /Users/runner/Library/Developer/Xcode/DerivedData/AutoByteusMobile-cswwofbhrcnggmfwuxfpbtrwjhrw/Build/Intermediates.noindex/EagerLinkingTBDs/Debug-iphonesimulator/AutoByteusMobileCore.framework/AutoByteusMobileCore.tbd
Build And Test iOS App	Generate, build, and run implementation checks	2026-09-11T00:33:31.1745190Z 
Build And Test iOS App	Generate, build, and run implementation checks	2026-09-11T00:33:31.1745850Z CodeSign /Users/runner/Library/Developer/Xcode/DerivedData/AutoByteusMobile-cswwofbhrcnggmfwuxfpbtrwjhrw/Build/Products/Debug-iphonesimulator/AutoByteusMobileCore.framework (in target 'AutoByteusMobileCore' from project 'AutoByteusMobile')
Build And Test iOS App	Generate, build, and run implementation checks	2026-09-11T00:33:31.1746770Z     cd /Users/runner/work/autobyteus-workspace/autobyteus-workspace/autobyteus-ios
Build And Test iOS App	Generate, build, and run implementation checks	2026-09-11T00:33:31.1747100Z     
Build And Test iOS App	Generate, build, and run implementation checks	2026-09-11T00:33:31.1747280Z     Signing Identity:     "Sign to Run Locally"
Build And Test iOS App	Generate, build, and run implementation checks	2026-09-11T00:33:31.1747520Z     
Build And Test iOS App	Generate, build, and run implementation checks	2026-09-11T00:33:31.1748370Z     /usr/bin/codesign --force --sign - --timestamp\=none --generate-entitlement-der /Users/runner/Library/Developer/Xcode/DerivedData/AutoByteusMobile-cswwofbhrcnggmfwuxfpbtrwjhrw/Build/Products/Debug-iphonesimulator/AutoByteusMobileCore.framework
Build And Test iOS App	Generate, build, and run implementation checks	2026-09-11T00:33:31.1749310Z 
Build And Test iOS App	Generate, build, and run implementation checks	2026-09-11T00:33:31.1750080Z RegisterExecutionPolicyException /Users/runner/Library/Developer/Xcode/DerivedData/AutoByteusMobile-cswwofbhrcnggmfwuxfpbtrwjhrw/Build/Products/Debug-iphonesimulator/AutoByteusMobileCore.framework (in target 'AutoByteusMobileCore' from project 'AutoByteusMobile')
Build And Test iOS App	Generate, build, and run implementation checks	2026-09-11T00:33:31.1751090Z     cd /Users/runner/work/autobyteus-workspace/autobyteus-workspace/autobyteus-ios
Build And Test iOS App	Generate, build, and run implementation checks	2026-09-11T00:33:31.1752070Z     builtin-RegisterExecutionPolicyException /Users/runner/Library/Developer/Xcode/DerivedData/AutoByteusMobile-cswwofbhrcnggmfwuxfpbtrwjhrw/Build/Products/Debug-iphonesimulator/AutoByteusMobileCore.framework
Build And Test iOS App	Generate, build, and run implementation checks	2026-09-11T00:33:31.1752720Z 
Build And Test iOS App	Generate, build, and run implementation checks	2026-09-11T00:33:31.1753370Z Touch /Users/runner/Library/Developer/Xcode/DerivedData/AutoByteusMobile-cswwofbhrcnggmfwuxfpbtrwjhrw/Build/Products/Debug-iphonesimulator/AutoByteusMobileCore.framework (in target 'AutoByteusMobileCore' from project 'AutoByteusMobile')
Build And Test iOS App	Generate, build, and run implementation checks	2026-09-11T00:33:31.1754380Z     cd /Users/runner/work/autobyteus-workspace/autobyteus-workspace/autobyteus-ios
Build And Test iOS App	Generate, build, and run implementation checks	2026-09-11T00:33:31.1755240Z     /usr/bin/touch -c /Users/runner/Library/Developer/Xcode/DerivedData/AutoByteusMobile-cswwofbhrcnggmfwuxfpbtrwjhrw/Build/Products/Debug-iphonesimulator/AutoByteusMobileCore.framework
Build And Test iOS App	Generate, build, and run implementation checks	2026-09-11T00:33:31.1755810Z 
Build And Test iOS App	Generate, build, and run implementation checks	2026-09-11T00:33:31.1756640Z Ld /Users/runner/Library/Developer/Xcode/DerivedData/AutoByteusMobile-cswwofbhrcnggmfwuxfpbtrwjhrw/Build/Products/Debug-iphonesimulator/AutoByteus\ Share.appex/__preview.dylib normal (in target 'AutoByteusMobileShareExtension' from project 'AutoByteusMobile')
Build And Test iOS App	Generate, build, and run implementation checks	2026-09-11T00:33:31.1757800Z     cd /Users/runner/work/autobyteus-workspace/autobyteus-workspace/autobyteus-ios
Build And Test iOS App	Generate, build, and run implementation checks	2026-09-11T00:33:31.1763330Z     /Applications/Xcode_26.3.app/Contents/Developer/Toolchains/XcodeDefault.xctoolchain/usr/bin/clang -Xlinker -reproducible -target arm64-apple-ios17.0-simulator -dynamiclib -isysroot /Applications/Xcode_26.3.app/Contents/Developer/Platforms/iPhoneSimulator.platform/Developer/SDKs/iPhoneSimulator26.2.sdk -O0 -L/Users/runner/Library/Developer/Xcode/DerivedData/AutoByteusMobile-cswwofbhrcnggmfwuxfpbtrwjhrw/Build/Products/Debug-iphonesimulator -F/Users/runner/Library/Developer/Xcode/DerivedData/AutoByteusMobile-cswwofbhrcnggmfwuxfpbtrwjhrw/Build/Products/Debug-iphonesimulator -install_name @rpath/AutoByteus\ Share.debug.dylib -dead_strip -rdynamic -Xlinker -no_deduplicate -Xlinker -objc_abi_version -Xlinker 2 -Xlinker -dependency_info -Xlinker /Users/runner/Library/Developer/Xcode/DerivedData/AutoByteusMobile-cswwofbhrcnggmfwuxfpbtrwjhrw/Build/Intermediates.noindex/AutoByteusMobile.build/Debug-iphonesimulator/AutoByteusMobileShareExtension.build/Objects-normal/arm64/AutoByteus\ Share_dependency_info.dat -Xlinker -sectcreate -Xlinker __TEXT -Xlinker __entitlements -Xlinker /Users/runner/Library/Developer/Xcode/DerivedData/AutoByteusMobile-cswwofbhrcnggmfwuxfpbtrwjhrw/Build/Intermediates.noindex/AutoByteusMobile.build/Debug-iphonesimulator/AutoByteusMobileShareExtension.build/AutoByteus\ Share.appex-Simulated.xcent -Xlinker -sectcreate -Xlinker __TEXT -Xlinker __ents_der -Xlinker /Users/runner/Library/Developer/Xcode/DerivedData/AutoByteusMobile-cswwofbhrcnggmfwuxfpbtrwjhrw/Build/Intermediates.noindex/AutoByteusMobile.build/Debug-iphonesimulator/AutoByteusMobileShareExtension.build/AutoByteus\ Share.appex-Simulated.xcent.der -Xlinker -no_adhoc_codesign -o /Users/runner/Library/Developer/Xcode/DerivedData/AutoByteusMobile-cswwofbhrcnggmfwuxfpbtrwjhrw/Build/Products/Debug-iphonesimulator/AutoByteus\ Share.appex/__preview.dylib
Build And Test iOS App	Generate, build, and run implementation checks	2026-09-11T00:33:31.1769340Z 
Build And Test iOS App	Generate, build, and run implementation checks	2026-09-11T00:33:31.1770410Z ProcessInfoPlistFile /Users/runner/Library/Developer/Xcode/DerivedData/AutoByteusMobile-cswwofbhrcnggmfwuxfpbtrwjhrw/Build/Products/Debug-iphonesimulator/AutoByteus\ Share.appex/Info.plist /Users/runner/work/autobyteus-workspace/autobyteus-workspace/autobyteus-ios/AutoByteusMobileShareExtension/Info.plist (in target 'AutoByteusMobileShareExtension' from project 'AutoByteusMobile')
Build And Test iOS App	Generate, build, and run implementation checks	2026-09-11T00:33:31.1771780Z     cd /Users/runner/work/autobyteus-workspace/autobyteus-workspace/autobyteus-ios
Build And Test iOS App	Generate, build, and run implementation checks	2026-09-11T00:33:31.1773260Z     builtin-infoPlistUtility /Users/runner/work/autobyteus-workspace/autobyteus-workspace/autobyteus-ios/AutoByteusMobileShareExtension/Info.plist -producttype com.apple.product-type.app-extension -expandbuildsettings -format binary -platform iphonesimulator -o /Users/runner/Library/Developer/Xcode/DerivedData/AutoByteusMobile-cswwofbhrcnggmfwuxfpbtrwjhrw/Build/Products/Debug-iphonesimulator/AutoByteus\ Share.appex/Info.plist
Build And Test iOS App	Generate, build, and run implementation checks	2026-09-11T00:33:31.1774530Z 
Build And Test iOS App	Generate, build, and run implementation checks	2026-09-11T00:33:31.1775030Z SwiftExplicitDependencyGeneratePcm arm64 /Users/runner/Library/Developer/Xcode/DerivedData/ModuleCache.noindex/UniformTypeIdentifiers-E32BOB2G7EZSKAVK58TE83PV8.pcm
Build And Test iOS App	Generate, build, and run implementation checks	2026-09-11T00:33:31.2277910Z 
Build And Test iOS App	Generate, build, and run implementation checks	2026-09-11T00:33:31.2379220Z SwiftExplicitDependencyGeneratePcm arm64 /Users/runner/Library/Developer/Xcode/DerivedData/ModuleCache.noindex/IOSurface-APVCOPORRI5ZQGNJ9NCCRRA3F.pcm
Build And Test iOS App	Generate, build, and run implementation checks	2026-09-11T00:33:31.2482080Z 
Build And Test iOS App	Generate, build, and run implementation checks	2026-09-11T00:33:31.2575380Z SwiftExplicitDependencyGeneratePcm arm64 /Users/runner/Library/Developer/Xcode/DerivedData/ModuleCache.noindex/OpenGLES-3X0BUJCLYRRWOJJK0KH2WF7QQ.pcm
Build And Test iOS App	Generate, build, and run implementation checks	2026-09-11T00:33:31.2576710Z 
Build And Test iOS App	Generate, build, and run implementation checks	2026-09-11T00:33:31.2577250Z SwiftExplicitDependencyGeneratePcm arm64 /Users/runner/Library/Developer/Xcode/DerivedData/ModuleCache.noindex/MachO-26OYC89J5QQKRGNGITQLJWUQX.pcm
Build And Test iOS App	Generate, build, and run implementation checks	2026-09-11T00:33:31.2918340Z 
Build And Test iOS App	Generate, build, and run implementation checks	2026-09-11T00:33:31.3031760Z SwiftExplicitDependencyGeneratePcm arm64 /Users/runner/Library/Developer/Xcode/DerivedData/ModuleCache.noindex/DataDetection-AO3PY6Z8AW02H3XGEXJKR95WU.pcm
Build And Test iOS App	Generate, build, and run implementation checks	2026-09-11T00:33:31.3159060Z 
Build And Test iOS App	Generate, build, and run implementation checks	2026-09-11T00:33:31.3270860Z SwiftExplicitDependencyGeneratePcm arm64 /Users/runner/Library/Developer/Xcode/DerivedData/ModuleCache.noindex/Metal-30QIW75UHQ5ZTEQ0FNXPAS3AX.pcm
Build And Test iOS App	Generate, build, and run implementation checks	2026-09-11T00:33:31.3925060Z 
Build And Test iOS App	Generate, build, and run implementation checks	2026-09-11T00:33:31.4032190Z SwiftExplicitDependencyGeneratePcm arm64 /Users/runner/Library/Developer/Xcode/DerivedData/ModuleCache.noindex/_Builtin_stdatomic-23GTA4FRXAMNH9VNMYGAML2AT.pcm
Build And Test iOS App	Generate, build, and run implementation checks	2026-09-11T00:33:31.4033820Z 
Build And Test iOS App	Generate, build, and run implementation checks	2026-09-11T00:33:31.4135380Z SwiftExplicitDependencyGeneratePcm arm64 /Users/runner/Library/Developer/Xcode/DerivedData/ModuleCache.noindex/CoreGraphics-1YGA61U1Q8KB74PULQ0CHRP2V.pcm
Build And Test iOS App	Generate, build, and run implementation checks	2026-09-11T00:33:31.4241670Z 
Build And Test iOS App	Generate, build, and run implementation checks	2026-09-11T00:33:31.4242390Z SwiftExplicitDependencyGeneratePcm arm64 /Users/runner/Library/Developer/Xcode/DerivedData/ModuleCache.noindex/CoreTransferable-5I1FDSL82Y5777CEP1RVE94GG.pcm
Build And Test iOS App	Generate, build, and run implementation checks	2026-09-11T00:33:31.4242980Z 
Build And Test iOS App	Generate, build, and run implementation checks	2026-09-11T00:33:31.4243380Z SwiftExplicitDependencyGeneratePcm arm64 /Users/runner/Library/Developer/Xcode/DerivedData/ModuleCache.noindex/os-283BEQV8SNMGM3YVH23B9BUW7.pcm
Build And Test iOS App	Generate, build, and run implementation checks	2026-09-11T00:33:31.4243880Z 
Build And Test iOS App	Generate, build, and run implementation checks	2026-09-11T00:33:31.4244340Z SwiftExplicitDependencyGeneratePcm arm64 /Users/runner/Library/Developer/Xcode/DerivedData/ModuleCache.noindex/UIUtilities-93TA8JNXAQYE8HZRXWX129T1.pcm
Build And Test iOS App	Generate, build, and run implementation checks	2026-09-11T00:33:31.4244870Z 
Build And Test iOS App	Generate, build, and run implementation checks	2026-09-11T00:33:31.4245280Z SwiftExplicitDependencyGeneratePcm arm64 /Users/runner/Library/Developer/Xcode/DerivedData/ModuleCache.noindex/ImageIO-3XPIFLP4LZTZJA3GA7GQ1LK0N.pcm
Build And Test iOS App	Generate, build, and run implementation checks	2026-09-11T00:33:31.4561270Z 
Build And Test iOS App	Generate, build, and run implementation checks	2026-09-11T00:33:31.4686960Z SwiftExplicitDependencyGeneratePcm arm64 /Users/runner/Library/Developer/Xcode/DerivedData/ModuleCache.noindex/Accessibility-1A4DKNQ55WV3RRTTCR7YQ6KE1.pcm
Build And Test iOS App	Generate, build, and run implementation checks	2026-09-11T00:33:31.4977460Z 
Build And Test iOS App	Generate, build, and run implementation checks	2026-09-11T00:33:31.5091250Z SwiftExplicitDependencyGeneratePcm arm64 /Users/runner/Library/Developer/Xcode/DerivedData/ModuleCache.noindex/OSLog-40MO9GFMSZ1AL20YU0FXDXJMM.pcm
Build And Test iOS App	Generate, build, and run implementation checks	2026-09-11T00:33:31.5219970Z 
Build And Test iOS App	Generate, build, and run implementation checks	2026-09-11T00:33:31.5342420Z SwiftExplicitDependencyGeneratePcm arm64 /Users/runner/Library/Developer/Xcode/DerivedData/ModuleCache.noindex/CoreText-2F702U4CTES4N95EBIG2X3SYS.pcm
Build And Test iOS App	Generate, build, and run implementation checks	2026-09-11T00:33:31.5689430Z 
Build And Test iOS App	Generate, build, and run implementation checks	2026-09-11T00:33:31.5790620Z SwiftExplicitDependencyGeneratePcm arm64 /Users/runner/Library/Developer/Xcode/DerivedData/ModuleCache.noindex/CoreVideo-5A8ID07G18IJBELZQDYSO3AWE.pcm
Build And Test iOS App	Generate, build, and run implementation checks	2026-09-11T00:33:31.5903560Z 
Build And Test iOS App	Generate, build, and run implementation checks	2026-09-11T00:33:31.6015230Z SwiftExplicitDependencyGeneratePcm arm64 /Users/runner/Library/Developer/Xcode/DerivedData/ModuleCache.noindex/Symbols-9JVPUISW65PFQXZZDA52B828C.pcm
Build And Test iOS App	Generate, build, and run implementation checks	2026-09-11T00:33:31.6116460Z 
Build And Test iOS App	Generate, build, and run implementation checks	2026-09-11T00:33:31.6217700Z SwiftExplicitDependencyGeneratePcm arm64 /Users/runner/Library/Developer/Xcode/DerivedData/ModuleCache.noindex/DeveloperToolsSupport-7YFCBPAR9T9OHJ6LYZ03G4UYF.pcm
Build And Test iOS App	Generate, build, and run implementation checks	2026-09-11T00:33:31.6320120Z 
Build And Test iOS App	Generate, build, and run implementation checks	2026-09-11T00:33:31.6391660Z SwiftExplicitDependencyGeneratePcm arm64 /Users/runner/Library/Developer/Xcode/DerivedData/ModuleCache.noindex/UserNotifications-2CQABK7QFCUCQ4TD4QJ0BZNPJ.pcm
Build And Test iOS App	Generate, build, and run implementation checks	2026-09-11T00:33:31.6392400Z 
Build And Test iOS App	Generate, build, and run implementation checks	2026-09-11T00:33:31.6392940Z SwiftExplicitDependencyGeneratePcm arm64 /Users/runner/Library/Developer/Xcode/DerivedData/ModuleCache.noindex/FileProvider-2BGS6GG56GUJUOMPUAQQ2G2PJ.pcm
Build And Test iOS App	Generate, build, and run implementation checks	2026-09-11T00:33:31.6393660Z 
Build And Test iOS App	Generate, build, and run implementation checks	2026-09-11T00:33:31.6394320Z SwiftExplicitDependencyGeneratePcm arm64 /Users/runner/Library/Developer/Xcode/DerivedData/ModuleCache.noindex/CoreImage-51Y67VQDOHU6QD1AN3X9VGQV0.pcm
Build And Test iOS App	Generate, build, and run implementation checks	2026-09-11T00:33:31.6910950Z 
Build And Test iOS App	Generate, build, and run implementation checks	2026-09-11T00:33:31.6911680Z SwiftExplicitDependencyGeneratePcm arm64 /Users/runner/Library/Developer/Xcode/DerivedData/ModuleCache.noindex/QuartzCore-4JSAA4APJDXNVW2AUPA758XZZ.pcm
Build And Test iOS App	Generate, build, and run implementation checks	2026-09-11T00:33:31.7019930Z 
Build And Test iOS App	Generate, build, and run implementation checks	2026-09-11T00:33:31.7023870Z SwiftExplicitDependencyGeneratePcm arm64 /Users/runner/Library/Developer/Xcode/DerivedData/ModuleCache.noindex/SwiftUICore-2LXFZ5IG8HE4UELMWQFNCNAMW.pcm
Build And Test iOS App	Generate, build, and run implementation checks	2026-09-11T00:33:31.7466550Z 
Build And Test iOS App	Generate, build, and run implementation checks	2026-09-11T00:33:31.7467450Z SwiftExplicitDependencyGeneratePcm arm64 /Users/runner/Library/Developer/Xcode/DerivedData/ModuleCache.noindex/UIKit-4OYVB0HWHBPK7EPG9QPHRNNYP.pcm
Build And Test iOS App	Generate, build, and run implementation checks	2026-09-11T00:33:32.2784580Z 
Build And Test iOS App	Generate, build, and run implementation checks	2026-09-11T00:33:32.2789370Z SwiftEmitModule normal arm64 Emitting\ module\ for\ AutoByteus_Share (in target 'AutoByteusMobileShareExtension' from project 'AutoByteusMobile')
Build And Test iOS App	Generate, build, and run implementation checks	2026-09-11T00:33:32.3118980Z 
Build And Test iOS App	Generate, build, and run implementation checks	2026-09-11T00:33:32.3120620Z SwiftCompile normal arm64 /Users/runner/work/autobyteus-workspace/autobyteus-workspace/autobyteus-ios/AutoByteusMobileShareExtension/ShareViewController.swift (in target 'AutoByteusMobileShareExtension' from project 'AutoByteusMobile')
Build And Test iOS App	Generate, build, and run implementation checks	2026-09-11T00:33:32.3122020Z     cd /Users/runner/work/autobyteus-workspace/autobyteus-workspace/autobyteus-ios
Build And Test iOS App	Generate, build, and run implementation checks	2026-09-11T00:33:32.3122450Z     
Build And Test iOS App	Generate, build, and run implementation checks	2026-09-11T00:33:32.3863810Z 
Build And Test iOS App	Generate, build, and run implementation checks	2026-09-11T00:33:32.3922430Z SwiftCompile normal arm64 Compiling\ ShareViewController.swift /Users/runner/work/autobyteus-workspace/autobyteus-workspace/autobyteus-ios/AutoByteusMobileShareExtension/ShareViewController.swift (in target 'AutoByteusMobileShareExtension' from project 'AutoByteusMobile')
Build And Test iOS App	Generate, build, and run implementation checks	2026-09-11T00:33:32.3929600Z SwiftCompile normal arm64 /Users/runner/work/autobyteus-workspace/autobyteus-workspace/autobyteus-ios/AutoByteusMobileShareExtension/ShareViewController.swift (in target 'AutoByteusMobileShareExtension' from project 'AutoByteusMobile')
Build And Test iOS App	Generate, build, and run implementation checks	2026-09-11T00:33:32.3939100Z     cd /Users/runner/work/autobyteus-workspace/autobyteus-workspace/autobyteus-ios
Build And Test iOS App	Generate, build, and run implementation checks	2026-09-11T00:33:32.3939630Z     
Build And Test iOS App	Generate, build, and run implementation checks	2026-09-11T00:33:33.8911410Z 
Build And Test iOS App	Generate, build, and run implementation checks	2026-09-11T00:33:33.8965320Z SwiftDriverJobDiscovery normal arm64 Emitting module for AutoByteus_Share (in target 'AutoByteusMobileShareExtension' from project 'AutoByteusMobile')
Build And Test iOS App	Generate, build, and run implementation checks	2026-09-11T00:33:33.8981190Z 
Build And Test iOS App	Generate, build, and run implementation checks	2026-09-11T00:33:33.8983810Z SwiftDriver\ Compilation\ Requirements AutoByteusMobileShareExtension normal arm64 com.apple.xcode.tools.swift.compiler (in target 'AutoByteusMobileShareExtension' from project 'AutoByteusMobile')
Build And Test iOS App	Generate, build, and run implementation checks	2026-09-11T00:33:33.8984960Z     cd /Users/runner/work/autobyteus-workspace/autobyteus-workspace/autobyteus-ios
Build And Test iOS App	Generate, build, and run implementation checks	2026-09-11T00:33:33.9015220Z     builtin-Swift-Compilation-Requirements -- /Applications/Xcode_26.3.app/Contents/Developer/Toolchains/XcodeDefault.xctoolchain/usr/bin/swiftc -module-name AutoByteus_Share -Onone -enforce-exclusivity\=checked @/Users/runner/Library/Developer/Xcode/DerivedData/AutoByteusMobile-cswwofbhrcnggmfwuxfpbtrwjhrw/Build/Intermediates.noindex/AutoByteusMobile.build/Debug-iphonesimulator/AutoByteusMobileShareExtension.build/Objects-normal/arm64/AutoByteus\ Share.SwiftFileList -DDEBUG -enable-bare-slash-regex -enable-experimental-feature DebugDescriptionMacro -sdk /Applications/Xcode_26.3.app/Contents/Developer/Platforms/iPhoneSimulator.platform/Developer/SDKs/iPhoneSimulator26.2.sdk -target arm64-apple-ios17.0-simulator -g -module-cache-path /Users/runner/Library/Developer/Xcode/DerivedData/ModuleCache.noindex -Xfrontend -serialize-debugging-options -application-extension -enable-testing -index-store-path /Users/runner/Library/Developer/Xcode/DerivedData/AutoByteusMobile-cswwofbhrcnggmfwuxfpbtrwjhrw/Index.noindex/DataStore -Xcc -D_LIBCPP_HARDENING_MODE\=_LIBCPP_HARDENING_MODE_DEBUG -swift-version 5 -I /Users/runner/Library/Developer/Xcode/DerivedData/AutoByteusMobile-cswwofbhrcnggmfwuxfpbtrwjhrw/Build/Products/Debug-iphonesimulator -F /Users/runner/Library/Developer/Xcode/DerivedData/AutoByteusMobile-cswwofbhrcnggmfwuxfpbtrwjhrw/Build/Products/Debug-iphonesimulator -parse-as-library -c -j3 -enable-batch-mode -incremental -Xcc -ivfsstatcache -Xcc /Users/runner/Library/Developer/Xcode/DerivedData/SDKStatCaches.noindex/iphonesimulator26.2-23C57-dc75598d0054f22ec865fa860f139d72e244bd9a5feaf902f95f61bf06266e52.sdkstatcache -output-file-map /Users/runner/Library/Developer/Xcode/DerivedData/AutoByteusMobile-cswwofbhrcnggmfwuxfpbtrwjhrw/Build/Intermediates.noindex/AutoByteusMobile.build/Debug-iphonesimulator/AutoByteusMobileShareExtension.build/Objects-normal/arm64/AutoByteusMobileShareExtension-OutputFileMap.json -use-frontend-parseable-output -save-temps -no-color-diagnostics -explicit-module-build -module-cache-path /Users/runner/Library/Developer/Xcode/DerivedData/AutoByteusMobile-cswwofbhrcnggmfwuxfpbtrwjhrw/Build/Intermediates.noindex/SwiftExplicitPrecompiledModules -clang-scanner-module-cache-path /Users/runner/Library/Developer/Xcode/DerivedData/ModuleCache.noindex -sdk-module-cache-path /Users/runner/Library/Developer/Xcode/DerivedData/ModuleCache.noindex -serialize-diagnostics -emit-dependencies -emit-module -emit-module-path /Users/runner/Library/Developer/Xcode/DerivedData/AutoByteusMobile-cswwofbhrcnggmfwuxfpbtrwjhrw/Build/Intermediates.noindex/AutoByteusMobile.build/Debug-iphonesimulator/AutoByteusMobileShareExtension.build/Objects-normal/arm64/AutoByteus_Share.swiftmodule -validate-clang-modules-once -clang-build-session-file /Users/runner/Library/Developer/Xcode/DerivedData/ModuleCache.noindex/Session.modulevalidation -Xcc -I/Users/runner/Library/Developer/Xcode/DerivedData/AutoByteusMobile-cswwofbhrcnggmfwuxfpbtrwjhrw/Build/Intermediates.noindex/AutoByteusMobile.build/Debug-iphonesimulator/AutoByteusMobileShareExtension.build/swift-overrides.hmap -emit-const-values -Xfrontend -const-gather-protocols-file -Xfrontend /Users/runner/Library/Developer/Xcode/DerivedData/AutoByteusMobile-cswwofbhrcnggmfwuxfpbtrwjhrw/Build/Intermediates.noindex/AutoByteusMobile.build/Debug-iphonesimulator/AutoByteusMobileShareExtension.build/Objects-normal/arm64/AutoByteusMobileShareExtension_const_extract_protocols.json -Xcc -iquote -Xcc /Users/runner/Library/Developer/Xcode/DerivedData/AutoByteusMobile-cswwofbhrcnggmfwuxfpbtrwjhrw/Build/Intermediates.noindex/AutoByteusMobile.build/Debug-iphonesimulator/AutoByteusMobileShareExtension.build/AutoByteus\ Share-generated-files.hmap -Xcc -I/Users/runner/Library/Developer/Xcode/DerivedData/AutoByteusMobile-cswwofbhrcnggmfwuxfpbtrwjhrw/Build/Intermediates.noindex/AutoByteusMobile.build/Debug-iphonesimulator/AutoByteusMobileShareExtension.build/AutoByteus\ Share-own-target-headers.hmap -Xcc -I/Users/runner/Library/Developer/Xcode/DerivedData/AutoByteusMobile-cswwofbhrcnggmfwuxfpbtrwjhrw/Build/Intermediates.noindex/AutoByteusMobile.build/Debug-iphonesimulator/AutoByteusMobileShareExtension.build/AutoByteus\ Share-all-non-framework-target-headers.hmap -Xcc -ivfsoverlay -Xcc /Users/runner/Library/Developer/Xcode/DerivedData/AutoByteusMobile-cswwofbhrcnggmfwuxfpbtrwjhrw/Build/Intermediates.noindex/AutoByteusMobile.build/Debug-iphonesimulator/AutoByteusMobile-d09bd929cb8c8855c839362787f87620-VFS-iphonesimulator/all-product-headers.yaml -Xcc -iquote -Xcc /Users/runner/Library/Developer/Xcode/DerivedData/AutoByteusMobile-cswwofbhrcnggmfwuxfpbtrwjhrw/Build/Intermediates.noindex/AutoByteusMobile.build/Debug-iphonesimulator/AutoByteusMobileShareExtension.build/AutoByteus\ Share-project-headers.hmap -Xcc -I/Users/runner/Library/Developer/Xcode/DerivedData/AutoByteusMobile-cswwofbhrcnggmfwuxfpbtrwjhrw/Build/Products/Debug-iphonesimulator/include -Xcc -I/Users/runner/Library/Developer/Xcode/DerivedData/AutoByteusMobile-cswwofbhrcnggmfwuxfpbtrwjhrw/Build/Intermediates.noindex/AutoByteusMobile.build/Debug-iphonesimulator/AutoByteusMobileShareExtension.build/DerivedSources-normal/arm64 -Xcc -I/Users/runner/Library/Developer/Xcode/DerivedData/AutoByteusMobile-cswwofbhrcnggmfwuxfpbtrwjhrw/Build/Intermediates.noindex/AutoByteusMobile.build/Debug-iphonesimulator/AutoByteusMobileShareExtension.build/DerivedSources/arm64 -Xcc -I/Users/runner/Library/Developer/Xcode/DerivedData/AutoByteusMobile-cswwofbhrcnggmfwuxfpbtrwjhrw/Build/Intermediates.noindex/AutoByteusMobile.build/Debug-iphonesimulator/AutoByteusMobileShareExtension.build/DerivedSources -Xcc -DDEBUG\=1 -emit-objc-header -emit-objc-header-path /Users/runner/Library/Developer/Xcode/DerivedData/AutoByteusMobile-cswwofbhrcnggmfwuxfpbtrwjhrw/Build/Intermediates.noindex/AutoByteusMobile.build/Debug-iphonesimulator/AutoByteusMobileShareExtension.build/Objects-normal/arm64/AutoByteus_Share-Swift.h -working-directory /Users/runner/work/autobyteus-workspace/autobyteus-workspace/autobyteus-ios -experimental-emit-module-separately -disable-cmo
Build And Test iOS App	Generate, build, and run implementation checks	2026-09-11T00:33:33.9050660Z 
Build And Test iOS App	Generate, build, and run implementation checks	2026-09-11T00:33:33.9053270Z SwiftMergeGeneratedHeaders /Users/runner/Library/Developer/Xcode/DerivedData/AutoByteusMobile-cswwofbhrcnggmfwuxfpbtrwjhrw/Build/Intermediates.noindex/AutoByteusMobile.build/Debug-iphonesimulator/AutoByteusMobileShareExtension.build/DerivedSources/AutoByteus_Share-Swift.h /Users/runner/Library/Developer/Xcode/DerivedData/AutoByteusMobile-cswwofbhrcnggmfwuxfpbtrwjhrw/Build/Intermediates.noindex/AutoByteusMobile.build/Debug-iphonesimulator/AutoByteusMobileShareExtension.build/Objects-normal/arm64/AutoByteus_Share-Swift.h (in target 'AutoByteusMobileShareExtension' from project 'AutoByteusMobile')
Build And Test iOS App	Generate, build, and run implementation checks	2026-09-11T00:33:33.9056360Z     cd /Users/runner/work/autobyteus-workspace/autobyteus-workspace/autobyteus-ios
Build And Test iOS App	Generate, build, and run implementation checks	2026-09-11T00:33:33.9058790Z     builtin-swiftHeaderTool -arch arm64 /Users/runner/Library/Developer/Xcode/DerivedData/AutoByteusMobile-cswwofbhrcnggmfwuxfpbtrwjhrw/Build/Intermediates.noindex/AutoByteusMobile.build/Debug-iphonesimulator/AutoByteusMobileShareExtension.build/Objects-normal/arm64/AutoByteus_Share-Swift.h -o /Users/runner/Library/Developer/Xcode/DerivedData/AutoByteusMobile-cswwofbhrcnggmfwuxfpbtrwjhrw/Build/Intermediates.noindex/AutoByteusMobile.build/Debug-iphonesimulator/AutoByteusMobileShareExtension.build/DerivedSources/AutoByteus_Share-Swift.h
Build And Test iOS App	Generate, build, and run implementation checks	2026-09-11T00:33:33.9060800Z 
Build And Test iOS App	Generate, build, and run implementation checks	2026-09-11T00:33:33.9062510Z Copy /Users/runner/Library/Developer/Xcode/DerivedData/AutoByteusMobile-cswwofbhrcnggmfwuxfpbtrwjhrw/Build/Products/Debug-iphonesimulator/AutoByteus_Share.swiftmodule/arm64-apple-ios-simulator.swiftmodule /Users/runner/Library/Developer/Xcode/DerivedData/AutoByteusMobile-cswwofbhrcnggmfwuxfpbtrwjhrw/Build/Intermediates.noindex/AutoByteusMobile.build/Debug-iphonesimulator/AutoByteusMobileShareExtension.build/Objects-normal/arm64/AutoByteus_Share.swiftmodule (in target 'AutoByteusMobileShareExtension' from project 'AutoByteusMobile')
Build And Test iOS App	Generate, build, and run implementation checks	2026-09-11T00:33:33.9065270Z     cd /Users/runner/work/autobyteus-workspace/autobyteus-workspace/autobyteus-ios
Build And Test iOS App	Generate, build, and run implementation checks	2026-09-11T00:33:33.9068070Z     builtin-copy -exclude .DS_Store -exclude CVS -exclude .svn -exclude .git -exclude .hg -resolve-src-symlinks -rename /Users/runner/Library/Developer/Xcode/DerivedData/AutoByteusMobile-cswwofbhrcnggmfwuxfpbtrwjhrw/Build/Intermediates.noindex/AutoByteusMobile.build/Debug-iphonesimulator/AutoByteusMobileShareExtension.build/Objects-normal/arm64/AutoByteus_Share.swiftmodule /Users/runner/Library/Developer/Xcode/DerivedData/AutoByteusMobile-cswwofbhrcnggmfwuxfpbtrwjhrw/Build/Products/Debug-iphonesimulator/AutoByteus_Share.swiftmodule/arm64-apple-ios-simulator.swiftmodule
Build And Test iOS App	Generate, build, and run implementation checks	2026-09-11T00:33:33.9069900Z 
Build And Test iOS App	Generate, build, and run implementation checks	2026-09-11T00:33:33.9072700Z Copy /Users/runner/Library/Developer/Xcode/DerivedData/AutoByteusMobile-cswwofbhrcnggmfwuxfpbtrwjhrw/Build/Products/Debug-iphonesimulator/AutoByteus_Share.swiftmodule/arm64-apple-ios-simulator.swiftdoc /Users/runner/Library/Developer/Xcode/DerivedData/AutoByteusMobile-cswwofbhrcnggmfwuxfpbtrwjhrw/Build/Intermediates.noindex/AutoByteusMobile.build/Debug-iphonesimulator/AutoByteusMobileShareExtension.build/Objects-normal/arm64/AutoByteus_Share.swiftdoc (in target 'AutoByteusMobileShareExtension' from project 'AutoByteusMobile')
Build And Test iOS App	Generate, build, and run implementation checks	2026-09-11T00:33:33.9075170Z     cd /Users/runner/work/autobyteus-workspace/autobyteus-workspace/autobyteus-ios
Build And Test iOS App	Generate, build, and run implementation checks	2026-09-11T00:33:33.9079630Z     builtin-copy -exclude .DS_Store -exclude CVS -exclude .svn -exclude .git -exclude .hg -resolve-src-symlinks -rename /Users/runner/Library/Developer/Xcode/DerivedData/AutoByteusMobile-cswwofbhrcnggmfwuxfpbtrwjhrw/Build/Intermediates.noindex/AutoByteusMobile.build/Debug-iphonesimulator/AutoByteusMobileShareExtension.build/Objects-normal/arm64/AutoByteus_Share.swiftdoc /Users/runner/Library/Developer/Xcode/DerivedData/AutoByteusMobile-cswwofbhrcnggmfwuxfpbtrwjhrw/Build/Products/Debug-iphonesimulator/AutoByteus_Share.swiftmodule/arm64-apple-ios-simulator.swiftdoc
Build And Test iOS App	Generate, build, and run implementation checks	2026-09-11T00:33:33.9081700Z 
Build And Test iOS App	Generate, build, and run implementation checks	2026-09-11T00:33:33.9083430Z Copy /Users/runner/Library/Developer/Xcode/DerivedData/AutoByteusMobile-cswwofbhrcnggmfwuxfpbtrwjhrw/Build/Products/Debug-iphonesimulator/AutoByteus_Share.swiftmodule/arm64-apple-ios-simulator.abi.json /Users/runner/Library/Developer/Xcode/DerivedData/AutoByteusMobile-cswwofbhrcnggmfwuxfpbtrwjhrw/Build/Intermediates.noindex/AutoByteusMobile.build/Debug-iphonesimulator/AutoByteusMobileShareExtension.build/Objects-normal/arm64/AutoByteus_Share.abi.json (in target 'AutoByteusMobileShareExtension' from project 'AutoByteusMobile')
Build And Test iOS App	Generate, build, and run implementation checks	2026-09-11T00:33:33.9085640Z     cd /Users/runner/work/autobyteus-workspace/autobyteus-workspace/autobyteus-ios
Build And Test iOS App	Generate, build, and run implementation checks	2026-09-11T00:33:33.9089510Z     builtin-copy -exclude .DS_Store -exclude CVS -exclude .svn -exclude .git -exclude .hg -resolve-src-symlinks -rename /Users/runner/Library/Developer/Xcode/DerivedData/AutoByteusMobile-cswwofbhrcnggmfwuxfpbtrwjhrw/Build/Intermediates.noindex/AutoByteusMobile.build/Debug-iphonesimulator/AutoByteusMobileShareExtension.build/Objects-normal/arm64/AutoByteus_Share.abi.json /Users/runner/Library/Developer/Xcode/DerivedData/AutoByteusMobile-cswwofbhrcnggmfwuxfpbtrwjhrw/Build/Products/Debug-iphonesimulator/AutoByteus_Share.swiftmodule/arm64-apple-ios-simulator.abi.json
Build And Test iOS App	Generate, build, and run implementation checks	2026-09-11T00:33:33.9091890Z 
Build And Test iOS App	Generate, build, and run implementation checks	2026-09-11T00:33:33.9094190Z Copy /Users/runner/Library/Developer/Xcode/DerivedData/AutoByteusMobile-cswwofbhrcnggmfwuxfpbtrwjhrw/Build/Products/Debug-iphonesimulator/AutoByteus_Share.swiftmodule/Project/arm64-apple-ios-simulator.swiftsourceinfo /Users/runner/Library/Developer/Xcode/DerivedData/AutoByteusMobile-cswwofbhrcnggmfwuxfpbtrwjhrw/Build/Intermediates.noindex/AutoByteusMobile.build/Debug-iphonesimulator/AutoByteusMobileShareExtension.build/Objects-normal/arm64/AutoByteus_Share.swiftsourceinfo (in target 'AutoByteusMobileShareExtension' from project 'AutoByteusMobile')
Build And Test iOS App	Generate, build, and run implementation checks	2026-09-11T00:33:33.9096550Z     cd /Users/runner/work/autobyteus-workspace/autobyteus-workspace/autobyteus-ios
Build And Test iOS App	Generate, build, and run implementation checks	2026-09-11T00:33:33.9099090Z     builtin-copy -exclude .DS_Store -exclude CVS -exclude .svn -exclude .git -exclude .hg -resolve-src-symlinks -rename /Users/runner/Library/Developer/Xcode/DerivedData/AutoByteusMobile-cswwofbhrcnggmfwuxfpbtrwjhrw/Build/Intermediates.noindex/AutoByteusMobile.build/Debug-iphonesimulator/AutoByteusMobileShareExtension.build/Objects-normal/arm64/AutoByteus_Share.swiftsourceinfo /Users/runner/Library/Developer/Xcode/DerivedData/AutoByteusMobile-cswwofbhrcnggmfwuxfpbtrwjhrw/Build/Products/Debug-iphonesimulator/AutoByteus_Share.swiftmodule/Project/arm64-apple-ios-simulator.swiftsourceinfo
Build And Test iOS App	Generate, build, and run implementation checks	2026-09-11T00:33:33.9103270Z 
Build And Test iOS App	Generate, build, and run implementation checks	2026-09-11T00:33:33.9104710Z ProcessProductPackaging /Users/runner/work/autobyteus-workspace/autobyteus-workspace/autobyteus-ios/AutoByteusMobile/AutoByteusMobile.entitlements /Users/runner/Library/Developer/Xcode/DerivedData/AutoByteusMobile-cswwofbhrcnggmfwuxfpbtrwjhrw/Build/Intermediates.noindex/AutoByteusMobile.build/Debug-iphonesimulator/AutoByteusMobile.build/AutoByteus.app.xcent (in target 'AutoByteusMobile' from project 'AutoByteusMobile')
Build And Test iOS App	Generate, build, and run implementation checks	2026-09-11T00:33:33.9106340Z     cd /Users/runner/work/autobyteus-workspace/autobyteus-workspace/autobyteus-ios
Build And Test iOS App	Generate, build, and run implementation checks	2026-09-11T00:33:33.9106850Z     
Build And Test iOS App	Generate, build, and run implementation checks	2026-09-11T00:33:33.9107100Z     Entitlements:
Build And Test iOS App	Generate, build, and run implementation checks	2026-09-11T00:33:33.9107690Z     
Build And Test iOS App	Generate, build, and run implementation checks	2026-09-11T00:33:33.9108500Z     {
Build And Test iOS App	Generate, build, and run implementation checks	2026-09-11T00:33:33.9108820Z }
Build And Test iOS App	Generate, build, and run implementation checks	2026-09-11T00:33:33.9109040Z     
Build And Test iOS App	Generate, build, and run implementation checks	2026-09-11T00:33:33.9110410Z     builtin-productPackagingUtility /Users/runner/work/autobyteus-workspace/autobyteus-workspace/autobyteus-ios/AutoByteusMobile/AutoByteusMobile.entitlements -entitlements -format xml -o /Users/runner/Library/Developer/Xcode/DerivedData/AutoByteusMobile-cswwofbhrcnggmfwuxfpbtrwjhrw/Build/Intermediates.noindex/AutoByteusMobile.build/Debug-iphonesimulator/AutoByteusMobile.build/AutoByteus.app.xcent
Build And Test iOS App	Generate, build, and run implementation checks	2026-09-11T00:33:33.9112040Z 
Build And Test iOS App	Generate, build, and run implementation checks	2026-09-11T00:33:33.9113740Z ProcessProductPackaging /Users/runner/work/autobyteus-workspace/autobyteus-workspace/autobyteus-ios/AutoByteusMobile/AutoByteusMobile.entitlements /Users/runner/Library/Developer/Xcode/DerivedData/AutoByteusMobile-cswwofbhrcnggmfwuxfpbtrwjhrw/Build/Intermediates.noindex/AutoByteusMobile.build/Debug-iphonesimulator/AutoByteusMobile.build/AutoByteus.app-Simulated.xcent (in target 'AutoByteusMobile' from project 'AutoByteusMobile')
Build And Test iOS App	Generate, build, and run implementation checks	2026-09-11T00:33:33.9115380Z     cd /Users/runner/work/autobyteus-workspace/autobyteus-workspace/autobyteus-ios
Build And Test iOS App	Generate, build, and run implementation checks	2026-09-11T00:33:33.9115780Z     
Build And Test iOS App	Generate, build, and run implementation checks	2026-09-11T00:33:33.9116020Z     Entitlements:
Build And Test iOS App	Generate, build, and run implementation checks	2026-09-11T00:33:33.9116270Z     
Build And Test iOS App	Generate, build, and run implementation checks	2026-09-11T00:33:33.9116500Z     {
Build And Test iOS App	Generate, build, and run implementation checks	2026-09-11T00:33:33.9116830Z     "application-identifier" = "FAKETEAMID.org.autobyteus.mobile";
Build And Test iOS App	Generate, build, and run implementation checks	2026-09-11T00:33:33.9117260Z     "com.apple.security.application-groups" =     (
Build And Test iOS App	Generate, build, and run implementation checks	2026-09-11T00:33:33.9117660Z         "group.org.autobyteus.mobile"
Build And Test iOS App	Generate, build, and run implementation checks	2026-09-11T00:33:33.9119730Z     );
Build And Test iOS App	Generate, build, and run implementation checks	2026-09-11T00:33:33.9119930Z }
Build And Test iOS App	Generate, build, and run implementation checks	2026-09-11T00:33:33.9120160Z     
Build And Test iOS App	Generate, build, and run implementation checks	2026-09-11T00:33:33.9121830Z     builtin-productPackagingUtility /Users/runner/work/autobyteus-workspace/autobyteus-workspace/autobyteus-ios/AutoByteusMobile/AutoByteusMobile.entitlements -entitlements -format xml -o /Users/runner/Library/Developer/Xcode/DerivedData/AutoByteusMobile-cswwofbhrcnggmfwuxfpbtrwjhrw/Build/Intermediates.noindex/AutoByteusMobile.build/Debug-iphonesimulator/AutoByteusMobile.build/AutoByteus.app-Simulated.xcent
Build And Test iOS App	Generate, build, and run implementation checks	2026-09-11T00:33:33.9123350Z 
Build And Test iOS App	Generate, build, and run implementation checks	2026-09-11T00:33:33.9124950Z ProcessProductPackagingDER /Users/runner/Library/Developer/Xcode/DerivedData/AutoByteusMobile-cswwofbhrcnggmfwuxfpbtrwjhrw/Build/Intermediates.noindex/AutoByteusMobile.build/Debug-iphonesimulator/AutoByteusMobile.build/AutoByteus.app.xcent /Users/runner/Library/Developer/Xcode/DerivedData/AutoByteusMobile-cswwofbhrcnggmfwuxfpbtrwjhrw/Build/Intermediates.noindex/AutoByteusMobile.build/Debug-iphonesimulator/AutoByteusMobile.build/AutoByteus.app.xcent.der (in target 'AutoByteusMobile' from project 'AutoByteusMobile')
Build And Test iOS App	Generate, build, and run implementation checks	2026-09-11T00:33:33.9127430Z     cd /Users/runner/work/autobyteus-workspace/autobyteus-workspace/autobyteus-ios
Build And Test iOS App	Generate, build, and run implementation checks	2026-09-11T00:33:33.9129290Z     /usr/bin/derq query -f xml -i /Users/runner/Library/Developer/Xcode/DerivedData/AutoByteusMobile-cswwofbhrcnggmfwuxfpbtrwjhrw/Build/Intermediates.noindex/AutoByteusMobile.build/Debug-iphonesimulator/AutoByteusMobile.build/AutoByteus.app.xcent -o /Users/runner/Library/Developer/Xcode/DerivedData/AutoByteusMobile-cswwofbhrcnggmfwuxfpbtrwjhrw/Build/Intermediates.noindex/AutoByteusMobile.build/Debug-iphonesimulator/AutoByteusMobile.build/AutoByteus.app.xcent.der --raw
Build And Test iOS App	Generate, build, and run implementation checks	2026-09-11T00:33:33.9130930Z 
Build And Test iOS App	Generate, build, and run implementation checks	2026-09-11T00:33:33.9132590Z ProcessProductPackagingDER /Users/runner/Library/Developer/Xcode/DerivedData/AutoByteusMobile-cswwofbhrcnggmfwuxfpbtrwjhrw/Build/Intermediates.noindex/AutoByteusMobile.build/Debug-iphonesimulator/AutoByteusMobile.build/AutoByteus.app-Simulated.xcent /Users/runner/Library/Developer/Xcode/DerivedData/AutoByteusMobile-cswwofbhrcnggmfwuxfpbtrwjhrw/Build/Intermediates.noindex/AutoByteusMobile.build/Debug-iphonesimulator/AutoByteusMobile.build/AutoByteus.app-Simulated.xcent.der (in target 'AutoByteusMobile' from project 'AutoByteusMobile')
Build And Test iOS App	Generate, build, and run implementation checks	2026-09-11T00:33:33.9135200Z     cd /Users/runner/work/autobyteus-workspace/autobyteus-workspace/autobyteus-ios
Build And Test iOS App	Generate, build, and run implementation checks	2026-09-11T00:33:33.9138050Z     /usr/bin/derq query -f xml -i /Users/runner/Library/Developer/Xcode/DerivedData/AutoByteusMobile-cswwofbhrcnggmfwuxfpbtrwjhrw/Build/Intermediates.noindex/AutoByteusMobile.build/Debug-iphonesimulator/AutoByteusMobile.build/AutoByteus.app-Simulated.xcent -o /Users/runner/Library/Developer/Xcode/DerivedData/AutoByteusMobile-cswwofbhrcnggmfwuxfpbtrwjhrw/Build/Intermediates.noindex/AutoByteusMobile.build/Debug-iphonesimulator/AutoByteusMobile.build/AutoByteus.app-Simulated.xcent.der --raw
Build And Test iOS App	Generate, build, and run implementation checks	2026-09-11T00:33:33.9139720Z 
Build And Test iOS App	Generate, build, and run implementation checks	2026-09-11T00:33:33.9140570Z MkDir /Users/runner/Library/Developer/Xcode/DerivedData/AutoByteusMobile-cswwofbhrcnggmfwuxfpbtrwjhrw/Build/Intermediates.noindex/AutoByteusMobile.build/Debug-iphonesimulator/AutoByteusMobile.build/assetcatalog_output/thinned (in target 'AutoByteusMobile' from project 'AutoByteusMobile')
Build And Test iOS App	Generate, build, and run implementation checks	2026-09-11T00:33:33.9141850Z     cd /Users/runner/work/autobyteus-workspace/autobyteus-workspace/autobyteus-ios
Build And Test iOS App	Generate, build, and run implementation checks	2026-09-11T00:33:33.9142870Z     /bin/mkdir -p /Users/runner/Library/Developer/Xcode/DerivedData/AutoByteusMobile-cswwofbhrcnggmfwuxfpbtrwjhrw/Build/Intermediates.noindex/AutoByteusMobile.build/Debug-iphonesimulator/AutoByteusMobile.build/assetcatalog_output/thinned
Build And Test iOS App	Generate, build, and run implementation checks	2026-09-11T00:33:33.9144180Z 
Build And Test iOS App	Generate, build, and run implementation checks	2026-09-11T00:33:33.9145190Z MkDir /Users/runner/Library/Developer/Xcode/DerivedData/AutoByteusMobile-cswwofbhrcnggmfwuxfpbtrwjhrw/Build/Intermediates.noindex/AutoByteusMobile.build/Debug-iphonesimulator/AutoByteusMobile.build/assetcatalog_output/unthinned (in target 'AutoByteusMobile' from project 'AutoByteusMobile')
Build And Test iOS App	Generate, build, and run implementation checks	2026-09-11T00:33:33.9146810Z     cd /Users/runner/work/autobyteus-workspace/autobyteus-workspace/autobyteus-ios
Build And Test iOS App	Generate, build, and run implementation checks	2026-09-11T00:33:33.9148010Z     /bin/mkdir -p /Users/runner/Library/Developer/Xcode/DerivedData/AutoByteusMobile-cswwofbhrcnggmfwuxfpbtrwjhrw/Build/Intermediates.noindex/AutoByteusMobile.build/Debug-iphonesimulator/AutoByteusMobile.build/assetcatalog_output/unthinned
Build And Test iOS App	Generate, build, and run implementation checks	2026-09-11T00:33:33.9149370Z 
Build And Test iOS App	Generate, build, and run implementation checks	2026-09-11T00:33:33.9150570Z GenerateAssetSymbols /Users/runner/work/autobyteus-workspace/autobyteus-workspace/autobyteus-ios/AutoByteusMobile/Assets.xcassets (in target 'AutoByteusMobile' from project 'AutoByteusMobile')
Build And Test iOS App	Generate, build, and run implementation checks	2026-09-11T00:33:33.9151640Z     cd /Users/runner/work/autobyteus-workspace/autobyteus-workspace/autobyteus-ios
Build And Test iOS App	Generate, build, and run implementation checks	2026-09-11T00:33:33.9159090Z     /Applications/Xcode_26.3.app/Contents/Developer/usr/bin/actool /Users/runner/work/autobyteus-workspace/autobyteus-workspace/autobyteus-ios/AutoByteusMobile/Assets.xcassets --compile /Users/runner/Library/Developer/Xcode/DerivedData/AutoByteusMobile-cswwofbhrcnggmfwuxfpbtrwjhrw/Build/Products/Debug-iphonesimulator/AutoByteus.app --output-format human-readable-text --notices --warnings --export-dependency-info /Users/runner/Library/Developer/Xcode/DerivedData/AutoByteusMobile-cswwofbhrcnggmfwuxfpbtrwjhrw/Build/Intermediates.noindex/AutoByteusMobile.build/Debug-iphonesimulator/AutoByteusMobile.build/assetcatalog_dependencies --output-partial-info-plist /Users/runner/Library/Developer/Xcode/DerivedData/AutoByteusMobile-cswwofbhrcnggmfwuxfpbtrwjhrw/Build/Intermediates.noindex/AutoByteusMobile.build/Debug-iphonesimulator/AutoByteusMobile.build/assetcatalog_generated_info.plist --app-icon AppIcon --compress-pngs --enable-on-demand-resources YES --development-region en --target-device iphone --target-device ipad --minimum-deployment-target 17.0 --platform iphonesimulator --bundle-identifier org.autobyteus.mobile --generate-swift-asset-symbol-extensions NO --generate-swift-asset-symbols /Users/runner/Library/Developer/Xcode/DerivedData/AutoByteusMobile-cswwofbhrcnggmfwuxfpbtrwjhrw/Build/Intermediates.noindex/AutoByteusMobile.build/Debug-iphonesimulator/AutoByteusMobile.build/DerivedSources/GeneratedAssetSymbols.swift --generate-objc-asset-symbols /Users/runner/Library/Developer/Xcode/DerivedData/AutoByteusMobile-cswwofbhrcnggmfwuxfpbtrwjhrw/Build/Intermediates.noindex/AutoByteusMobile.build/Debug-iphonesimulator/AutoByteusMobile.build/DerivedSources/GeneratedAssetSymbols.h --generate-asset-symbol-index /Users/runner/Library/Developer/Xcode/DerivedData/AutoByteusMobile-cswwofbhrcnggmfwuxfpbtrwjhrw/Build/Intermediates.noindex/AutoByteusMobile.build/Debug-iphonesimulator/AutoByteusMobile.build/DerivedSources/GeneratedAssetSymbols-Index.plist
Build And Test iOS App	Generate, build, and run implementation checks	2026-09-11T00:33:35.9311600Z /* com.apple.actool.compilation-results */
Build And Test iOS App	Generate, build, and run implementation checks	2026-09-11T00:33:35.9404300Z /Users/runner/Library/Developer/Xcode/DerivedData/AutoByteusMobile-cswwofbhrcnggmfwuxfpbtrwjhrw/Build/Intermediates.noindex/AutoByteusMobile.build/Debug-iphonesimulator/AutoByteusMobile.build/DerivedSources/GeneratedAssetSymbols-Index.plist
Build And Test iOS App	Generate, build, and run implementation checks	2026-09-11T00:33:35.9408040Z /Users/runner/Library/Developer/Xcode/DerivedData/AutoByteusMobile-cswwofbhrcnggmfwuxfpbtrwjhrw/Build/Intermediates.noindex/AutoByteusMobile.build/Debug-iphonesimulator/AutoByteusMobile.build/DerivedSources/GeneratedAssetSymbols.h
Build And Test iOS App	Generate, build, and run implementation checks	2026-09-11T00:33:35.9410580Z /Users/runner/Library/Developer/Xcode/DerivedData/AutoByteusMobile-cswwofbhrcnggmfwuxfpbtrwjhrw/Build/Intermediates.noindex/AutoByteusMobile.build/Debug-iphonesimulator/AutoByteusMobile.build/DerivedSources/GeneratedAssetSymbols.swift
Build And Test iOS App	Generate, build, and run implementation checks	2026-09-11T00:33:35.9411480Z 
Build And Test iOS App	Generate, build, and run implementation checks	2026-09-11T00:33:35.9411490Z 
Build And Test iOS App	Generate, build, and run implementation checks	2026-09-11T00:33:35.9412590Z CompileAssetCatalogVariant thinned /Users/runner/Library/Developer/Xcode/DerivedData/AutoByteusMobile-cswwofbhrcnggmfwuxfpbtrwjhrw/Build/Products/Debug-iphonesimulator/AutoByteus.app /Users/runner/work/autobyteus-workspace/autobyteus-workspace/autobyteus-ios/AutoByteusMobile/Assets.xcassets (in target 'AutoByteusMobile' from project 'AutoByteusMobile')
Build And Test iOS App	Generate, build, and run implementation checks	2026-09-11T00:33:35.9413980Z     cd /Users/runner/work/autobyteus-workspace/autobyteus-workspace/autobyteus-ios
Build And Test iOS App	Generate, build, and run implementation checks	2026-09-11T00:33:35.9423590Z     /Applications/Xcode_26.3.app/Contents/Developer/usr/bin/actool /Users/runner/work/autobyteus-workspace/autobyteus-workspace/autobyteus-ios/AutoByteusMobile/Assets.xcassets --compile /Users/runner/Library/Developer/Xcode/DerivedData/AutoByteusMobile-cswwofbhrcnggmfwuxfpbtrwjhrw/Build/Intermediates.noindex/AutoByteusMobile.build/Debug-iphonesimulator/AutoByteusMobile.build/assetcatalog_output/thinned --output-format human-readable-text --notices --warnings --export-dependency-info /Users/runner/Library/Developer/Xcode/DerivedData/AutoByteusMobile-cswwofbhrcnggmfwuxfpbtrwjhrw/Build/Intermediates.noindex/AutoByteusMobile.build/Debug-iphonesimulator/AutoByteusMobile.build/assetcatalog_dependencies_thinned --output-partial-info-plist /Users/runner/Library/Developer/Xcode/DerivedData/AutoByteusMobile-cswwofbhrcnggmfwuxfpbtrwjhrw/Build/Intermediates.noindex/AutoByteusMobile.build/Debug-iphonesimulator/AutoByteusMobile.build/assetcatalog_generated_info.plist_thinned --app-icon AppIcon --compress-pngs --enable-on-demand-resources YES --filter-for-thinning-device-configuration iPhone18,1 --filter-for-device-os-version 26.2 --development-region en --target-device iphone --target-device ipad --minimum-deployment-target 17.0 --platform iphonesimulator
Build And Test iOS App	Generate, build, and run implementation checks	2026-09-11T00:33:42.8709280Z /* com.apple.actool.document.notices */
Build And Test iOS App	Generate, build, and run implementation checks	2026-09-11T00:33:42.8732600Z /Users/runner/work/autobyteus-workspace/autobyteus-workspace/autobyteus-ios/AutoByteusMobile/Assets.xcassets:./AppIcon.appiconset/[][ipad][76x76][][][1x][][][][]: notice: 76x76@1x app icons only apply to iPad apps targeting releases of iOS prior to 10.0.
Build And Test iOS App	Generate, build, and run implementation checks	2026-09-11T00:33:42.8735140Z /* com.apple.actool.compilation-results */
Build And Test iOS App	Generate, build, and run implementation checks	2026-09-11T00:33:42.8736300Z /Users/runner/Library/Developer/Xcode/DerivedData/AutoByteusMobile-cswwofbhrcnggmfwuxfpbtrwjhrw/Build/Intermediates.noindex/AutoByteusMobile.build/Debug-iphonesimulator/AutoByteusMobile.build/assetcatalog_generated_info.plist_thinned
Build And Test iOS App	Generate, build, and run implementation checks	2026-09-11T00:33:42.8746280Z /Users/runner/Library/Developer/Xcode/DerivedData/AutoByteusMobile-cswwofbhrcnggmfwuxfpbtrwjhrw/Build/Intermediates.noindex/AutoByteusMobile.build/Debug-iphonesimulator/AutoByteusMobile.build/assetcatalog_output/thinned/AppIcon60x60@2x.png
Build And Test iOS App	Generate, build, and run implementation checks	2026-09-11T00:33:42.8748140Z /Users/runner/Library/Developer/Xcode/DerivedData/AutoByteusMobile-cswwofbhrcnggmfwuxfpbtrwjhrw/Build/Intermediates.noindex/AutoByteusMobile.build/Debug-iphonesimulator/AutoByteusMobile.build/assetcatalog_output/thinned/AppIcon76x76@2x~ipad.png
Build And Test iOS App	Generate, build, and run implementation checks	2026-09-11T00:33:42.8750820Z /Users/runner/Library/Developer/Xcode/DerivedData/AutoByteusMobile-cswwofbhrcnggmfwuxfpbtrwjhrw/Build/Intermediates.noindex/AutoByteusMobile.build/Debug-iphonesimulator/AutoByteusMobile.build/assetcatalog_output/thinned/Assets.car
Build And Test iOS App	Generate, build, and run implementation checks	2026-09-11T00:33:42.8751700Z 
Build And Test iOS App	Generate, build, and run implementation checks	2026-09-11T00:33:42.8751710Z 
Build And Test iOS App	Generate, build, and run implementation checks	2026-09-11T00:33:42.8752320Z SwiftDriverJobDiscovery normal arm64 Compiling ShareViewController.swift (in target 'AutoByteusMobileShareExtension' from project 'AutoByteusMobile')
Build And Test iOS App	Generate, build, and run implementation checks	2026-09-11T00:33:42.8752840Z 
Build And Test iOS App	Generate, build, and run implementation checks	2026-09-11T00:33:42.8753380Z SwiftDriver\ Compilation AutoByteusMobileShareExtension normal arm64 com.apple.xcode.tools.swift.compiler (in target 'AutoByteusMobileShareExtension' from project 'AutoByteusMobile')
Build And Test iOS App	Generate, build, and run implementation checks	2026-09-11T00:33:42.8754270Z     cd /Users/runner/work/autobyteus-workspace/autobyteus-workspace/autobyteus-ios
Build And Test iOS App	Generate, build, and run implementation checks	2026-09-11T00:33:42.8772950Z     builtin-Swift-Compilation -- /Applications/Xcode_26.3.app/Contents/Developer/Toolchains/XcodeDefault.xctoolchain/usr/bin/swiftc -module-name AutoByteus_Share -Onone -enforce-exclusivity\=checked @/Users/runner/Library/Developer/Xcode/DerivedData/AutoByteusMobile-cswwofbhrcnggmfwuxfpbtrwjhrw/Build/Intermediates.noindex/AutoByteusMobile.build/Debug-iphonesimulator/AutoByteusMobileShareExtension.build/Objects-normal/arm64/AutoByteus\ Share.SwiftFileList -DDEBUG -enable-bare-slash-regex -enable-experimental-feature DebugDescriptionMacro -sdk /Applications/Xcode_26.3.app/Contents/Developer/Platforms/iPhoneSimulator.platform/Developer/SDKs/iPhoneSimulator26.2.sdk -target arm64-apple-ios17.0-simulator -g -module-cache-path /Users/runner/Library/Developer/Xcode/DerivedData/ModuleCache.noindex -Xfrontend -serialize-debugging-options -application-extension -enable-testing -index-store-path /Users/runner/Library/Developer/Xcode/DerivedData/AutoByteusMobile-cswwofbhrcnggmfwuxfpbtrwjhrw/Index.noindex/DataStore -Xcc -D_LIBCPP_HARDENING_MODE\=_LIBCPP_HARDENING_MODE_DEBUG -swift-version 5 -I /Users/runner/Library/Developer/Xcode/DerivedData/AutoByteusMobile-cswwofbhrcnggmfwuxfpbtrwjhrw/Build/Products/Debug-iphonesimulator -F /Users/runner/Library/Developer/Xcode/DerivedData/AutoByteusMobile-cswwofbhrcnggmfwuxfpbtrwjhrw/Build/Products/Debug-iphonesimulator -parse-as-library -c -j3 -enable-batch-mode -incremental -Xcc -ivfsstatcache -Xcc /Users/runner/Library/Developer/Xcode/DerivedData/SDKStatCaches.noindex/iphonesimulator26.2-23C57-dc75598d0054f22ec865fa860f139d72e244bd9a5feaf902f95f61bf06266e52.sdkstatcache -output-file-map /Users/runner/Library/Developer/Xcode/DerivedData/AutoByteusMobile-cswwofbhrcnggmfwuxfpbtrwjhrw/Build/Intermediates.noindex/AutoByteusMobile.build/Debug-iphonesimulator/AutoByteusMobileShareExtension.build/Objects-normal/arm64/AutoByteusMobileShareExtension-OutputFileMap.json -use-frontend-parseable-output -save-temps -no-color-diagnostics -explicit-module-build -module-cache-path /Users/runner/Library/Developer/Xcode/DerivedData/AutoByteusMobile-cswwofbhrcnggmfwuxfpbtrwjhrw/Build/Intermediates.noindex/SwiftExplicitPrecompiledModules -clang-scanner-module-cache-path /Users/runner/Library/Developer/Xcode/DerivedData/ModuleCache.noindex -sdk-module-cache-path /Users/runner/Library/Developer/Xcode/DerivedData/ModuleCache.noindex -serialize-diagnostics -emit-dependencies -emit-module -emit-module-path /Users/runner/Library/Developer/Xcode/DerivedData/AutoByteusMobile-cswwofbhrcnggmfwuxfpbtrwjhrw/Build/Intermediates.noindex/AutoByteusMobile.build/Debug-iphonesimulator/AutoByteusMobileShareExtension.build/Objects-normal/arm64/AutoByteus_Share.swiftmodule -validate-clang-modules-once -clang-build-session-file /Users/runner/Library/Developer/Xcode/DerivedData/ModuleCache.noindex/Session.modulevalidation -Xcc -I/Users/runner/Library/Developer/Xcode/DerivedData/AutoByteusMobile-cswwofbhrcnggmfwuxfpbtrwjhrw/Build/Intermediates.noindex/AutoByteusMobile.build/Debug-iphonesimulator/AutoByteusMobileShareExtension.build/swift-overrides.hmap -emit-const-values -Xfrontend -const-gather-protocols-file -Xfrontend /Users/runner/Library/Developer/Xcode/DerivedData/AutoByteusMobile-cswwofbhrcnggmfwuxfpbtrwjhrw/Build/Intermediates.noindex/AutoByteusMobile.build/Debug-iphonesimulator/AutoByteusMobileShareExtension.build/Objects-normal/arm64/AutoByteusMobileShareExtension_const_extract_protocols.json -Xcc -iquote -Xcc /Users/runner/Library/Developer/Xcode/DerivedData/AutoByteusMobile-cswwofbhrcnggmfwuxfpbtrwjhrw/Build/Intermediates.noindex/AutoByteusMobile.build/Debug-iphonesimulator/AutoByteusMobileShareExtension.build/AutoByteus\ Share-generated-files.hmap -Xcc -I/Users/runner/Library/Developer/Xcode/DerivedData/AutoByteusMobile-cswwofbhrcnggmfwuxfpbtrwjhrw/Build/Intermediates.noindex/AutoByteusMobile.build/Debug-iphonesimulator/AutoByteusMobileShareExtension.build/AutoByteus\ Share-own-target-headers.hmap -Xcc -I/Users/runner/Library/Developer/Xcode/DerivedData/AutoByteusMobile-cswwofbhrcnggmfwuxfpbtrwjhrw/Build/Intermediates.noindex/AutoByteusMobile.build/Debug-iphonesimulator/AutoByteusMobileShareExtension.build/AutoByteus\ Share-all-non-framework-target-headers.hmap -Xcc -ivfsoverlay -Xcc /Users/runner/Library/Developer/Xcode/DerivedData/AutoByteusMobile-cswwofbhrcnggmfwuxfpbtrwjhrw/Build/Intermediates.noindex/AutoByteusMobile.build/Debug-iphonesimulator/AutoByteusMobile-d09bd929cb8c8855c839362787f87620-VFS-iphonesimulator/all-product-headers.yaml -Xcc -iquote -Xcc /Users/runner/Library/Developer/Xcode/DerivedData/AutoByteusMobile-cswwofbhrcnggmfwuxfpbtrwjhrw/Build/Intermediates.noindex/AutoByteusMobile.build/Debug-iphonesimulator/AutoByteusMobileShareExtension.build/AutoByteus\ Share-project-headers.hmap -Xcc -I/Users/runner/Library/Developer/Xcode/DerivedData/AutoByteusMobile-cswwofbhrcnggmfwuxfpbtrwjhrw/Build/Products/Debug-iphonesimulator/include -Xcc -I/Users/runner/Library/Developer/Xcode/DerivedData/AutoByteusMobile-cswwofbhrcnggmfwuxfpbtrwjhrw/Build/Intermediates.noindex/AutoByteusMobile.build/Debug-iphonesimulator/AutoByteusMobileShareExtension.build/DerivedSources-normal/arm64 -Xcc -I/Users/runner/Library/Developer/Xcode/DerivedData/AutoByteusMobile-cswwofbhrcnggmfwuxfpbtrwjhrw/Build/Intermediates.noindex/AutoByteusMobile.build/Debug-iphonesimulator/AutoByteusMobileShareExtension.build/DerivedSources/arm64 -Xcc -I/Users/runner/Library/Developer/Xcode/DerivedData/AutoByteusMobile-cswwofbhrcnggmfwuxfpbtrwjhrw/Build/Intermediates.noindex/AutoByteusMobile.build/Debug-iphonesimulator/AutoByteusMobileShareExtension.build/DerivedSources -Xcc -DDEBUG\=1 -emit-objc-header -emit-objc-header-path /Users/runner/Library/Developer/Xcode/DerivedData/AutoByteusMobile-cswwofbhrcnggmfwuxfpbtrwjhrw/Build/Intermediates.noindex/AutoByteusMobile.build/Debug-iphonesimulator/AutoByteusMobileShareExtension.build/Objects-normal/arm64/AutoByteus_Share-Swift.h -working-directory /Users/runner/work/autobyteus-workspace/autobyteus-workspace/autobyteus-ios -experimental-emit-module-separately -disable-cmo
Build And Test iOS App	Generate, build, and run implementation checks	2026-09-11T00:33:42.8804740Z 
Build And Test iOS App	Generate, build, and run implementation checks	2026-09-11T00:33:42.8805590Z Ld /Users/runner/Library/Developer/Xcode/DerivedData/AutoByteusMobile-cswwofbhrcnggmfwuxfpbtrwjhrw/Build/Products/Debug-iphonesimulator/AutoByteus\ Share.appex/AutoByteus\ Share.debug.dylib normal (in target 'AutoByteusMobileShareExtension' from project 'AutoByteusMobile')
Build And Test iOS App	Generate, build, and run implementation checks	2026-09-11T00:33:42.8807190Z     cd /Users/runner/work/autobyteus-workspace/autobyteus-workspace/autobyteus-ios
Build And Test iOS App	Generate, build, and run implementation checks	2026-09-11T00:33:42.8816550Z     /Applications/Xcode_26.3.app/Contents/Developer/Toolchains/XcodeDefault.xctoolchain/usr/bin/clang -Xlinker -reproducible -target arm64-apple-ios17.0-simulator -dynamiclib -isysroot /Applications/Xcode_26.3.app/Contents/Developer/Platforms/iPhoneSimulator.platform/Developer/SDKs/iPhoneSimulator26.2.sdk -O0 -L/Users/runner/Library/Developer/Xcode/DerivedData/AutoByteusMobile-cswwofbhrcnggmfwuxfpbtrwjhrw/Build/Intermediates.noindex/EagerLinkingTBDs/Debug-iphonesimulator -L/Users/runner/Library/Developer/Xcode/DerivedData/AutoByteusMobile-cswwofbhrcnggmfwuxfpbtrwjhrw/Build/Products/Debug-iphonesimulator -F/Users/runner/Library/Developer/Xcode/DerivedData/AutoByteusMobile-cswwofbhrcnggmfwuxfpbtrwjhrw/Build/Intermediates.noindex/EagerLinkingTBDs/Debug-iphonesimulator -F/Users/runner/Library/Developer/Xcode/DerivedData/AutoByteusMobile-cswwofbhrcnggmfwuxfpbtrwjhrw/Build/Products/Debug-iphonesimulator -filelist /Users/runner/Library/Developer/Xcode/DerivedData/AutoByteusMobile-cswwofbhrcnggmfwuxfpbtrwjhrw/Build/Intermediates.noindex/AutoByteusMobile.build/Debug-iphonesimulator/AutoByteusMobileShareExtension.build/Objects-normal/arm64/AutoByteus\ Share.LinkFileList -install_name @rpath/AutoByteus\ Share.debug.dylib -Xlinker -rpath -Xlinker /usr/lib/swift -Xlinker -rpath -Xlinker @executable_path/Frameworks -Xlinker -rpath -Xlinker @executable_path/../../Frameworks -dead_strip -Xlinker -object_path_lto -Xlinker /Users/runner/Library/Developer/Xcode/DerivedData/AutoByteusMobile-cswwofbhrcnggmfwuxfpbtrwjhrw/Build/Intermediates.noindex/AutoByteusMobile.build/Debug-iphonesimulator/AutoByteusMobileShareExtension.build/Objects-normal/arm64/AutoByteus\ Share_lto.o -rdynamic -Xlinker -no_deduplicate -Xlinker -objc_abi_version -Xlinker 2 -Xlinker -dependency_info -Xlinker /Users/runner/Library/Developer/Xcode/DerivedData/AutoByteusMobile-cswwofbhrcnggmfwuxfpbtrwjhrw/Build/Intermediates.noindex/AutoByteusMobile.build/Debug-iphonesimulator/AutoByteusMobileShareExtension.build/Objects-normal/arm64/AutoByteus\ Share_dependency_info.dat -fapplication-extension -fobjc-link-runtime -L/Applications/Xcode_26.3.app/Contents/Developer/Toolchains/XcodeDefault.xctoolchain/usr/lib/swift/iphonesimulator -L/usr/lib/swift -Xlinker -add_ast_path -Xlinker /Users/runner/Library/Developer/Xcode/DerivedData/AutoByteusMobile-cswwofbhrcnggmfwuxfpbtrwjhrw/Build/Intermediates.noindex/AutoByteusMobile.build/Debug-iphonesimulator/AutoByteusMobileShareExtension.build/Objects-normal/arm64/AutoByteus_Share.swiftmodule @/Users/runner/Library/Developer/Xcode/DerivedData/AutoByteusMobile-cswwofbhrcnggmfwuxfpbtrwjhrw/Build/Intermediates.noindex/AutoByteusMobile.build/Debug-iphonesimulator/AutoByteusMobileShareExtension.build/Objects-normal/arm64/AutoByteus_Share-linker-args.resp -Xlinker -alias -Xlinker _NSExtensionMain -Xlinker ___debug_main_executable_dylib_entry_point -framework AutoByteusMobileCore -Xlinker -no_adhoc_codesign -o /Users/runner/Library/Developer/Xcode/DerivedData/AutoByteusMobile-cswwofbhrcnggmfwuxfpbtrwjhrw/Build/Products/Debug-iphonesimulator/AutoByteus\ Share.appex/AutoByteus\ Share.debug.dylib
Build And Test iOS App	Generate, build, and run implementation checks	2026-09-11T00:33:42.8827270Z 
Build And Test iOS App	Generate, build, and run implementation checks	2026-09-11T00:33:42.8828430Z ConstructStubExecutorLinkFileList /Users/runner/Library/Developer/Xcode/DerivedData/AutoByteusMobile-cswwofbhrcnggmfwuxfpbtrwjhrw/Build/Intermediates.noindex/AutoByteusMobile.build/Debug-iphonesimulator/AutoByteusMobileShareExtension.build/AutoByteus\ Share-ExecutorLinkFileList-normal-arm64.txt (in target 'AutoByteusMobileShareExtension' from project 'AutoByteusMobile')
Build And Test iOS App	Generate, build, and run implementation checks	2026-09-11T00:33:42.8829930Z     cd /Users/runner/work/autobyteus-workspace/autobyteus-workspace/autobyteus-ios
Build And Test iOS App	Generate, build, and run implementation checks	2026-09-11T00:33:42.8832580Z     construct-stub-executor-link-file-list /Users/runner/Library/Developer/Xcode/DerivedData/AutoByteusMobile-cswwofbhrcnggmfwuxfpbtrwjhrw/Build/Products/Debug-iphonesimulator/AutoByteus\ Share.appex/AutoByteus\ Share.debug.dylib /Applications/Xcode_26.3.app/Contents/Developer/Platforms/iPhoneSimulator.platform/Developer/usr/lib/libPreviewsJITStubExecutor_no_swift_entry_point.a /Applications/Xcode_26.3.app/Contents/Developer/Platforms/iPhoneSimulator.platform/Developer/usr/lib/libPreviewsJITStubExecutor.a --output /Users/runner/Library/Developer/Xcode/DerivedData/AutoByteusMobile-cswwofbhrcnggmfwuxfpbtrwjhrw/Build/Intermediates.noindex/AutoByteusMobile.build/Debug-iphonesimulator/AutoByteusMobileShareExtension.build/AutoByteus\ Share-ExecutorLinkFileList-normal-arm64.txt
Build And Test iOS App	Generate, build, and run implementation checks	2026-09-11T00:33:42.8835420Z note: Using stub executor library without Swift entry point. (in target 'AutoByteusMobileShareExtension' from project 'AutoByteusMobile')
Build And Test iOS App	Generate, build, and run implementation checks	2026-09-11T00:33:42.8835850Z 
Build And Test iOS App	Generate, build, and run implementation checks	2026-09-11T00:33:42.8836650Z Ld /Users/runner/Library/Developer/Xcode/DerivedData/AutoByteusMobile-cswwofbhrcnggmfwuxfpbtrwjhrw/Build/Products/Debug-iphonesimulator/AutoByteus\ Share.appex/AutoByteus\ Share normal (in target 'AutoByteusMobileShareExtension' from project 'AutoByteusMobile')
Build And Test iOS App	Generate, build, and run implementation checks	2026-09-11T00:33:42.8837810Z     cd /Users/runner/work/autobyteus-workspace/autobyteus-workspace/autobyteus-ios
Build And Test iOS App	Generate, build, and run implementation checks	2026-09-11T00:33:42.8847890Z     /Applications/Xcode_26.3.app/Contents/Developer/Toolchains/XcodeDefault.xctoolchain/usr/bin/clang -Xlinker -reproducible -target arm64-apple-ios17.0-simulator -isysroot /Applications/Xcode_26.3.app/Contents/Developer/Platforms/iPhoneSimulator.platform/Developer/SDKs/iPhoneSimulator26.2.sdk -O0 -L/Users/runner/Library/Developer/Xcode/DerivedData/AutoByteusMobile-cswwofbhrcnggmfwuxfpbtrwjhrw/Build/Products/Debug-iphonesimulator -F/Users/runner/Library/Developer/Xcode/DerivedData/AutoByteusMobile-cswwofbhrcnggmfwuxfpbtrwjhrw/Build/Products/Debug-iphonesimulator -Xlinker -rpath -Xlinker @executable_path -Xlinker -rpath -Xlinker @executable_path/Frameworks -Xlinker -rpath -Xlinker @executable_path/../../Frameworks -rdynamic -Xlinker -no_deduplicate -Xlinker -objc_abi_version -Xlinker 2 -e ___debug_blank_executor_main -Xlinker -sectcreate -Xlinker __TEXT -Xlinker __debug_dylib -Xlinker /Users/runner/Library/Developer/Xcode/DerivedData/AutoByteusMobile-cswwofbhrcnggmfwuxfpbtrwjhrw/Build/Intermediates.noindex/AutoByteusMobile.build/Debug-iphonesimulator/AutoByteusMobileShareExtension.build/AutoByteus\ Share-DebugDylibPath-normal-arm64.txt -Xlinker -sectcreate -Xlinker __TEXT -Xlinker __debug_entry -Xlinker /Users/runner/Library/Developer/Xcode/DerivedData/AutoByteusMobile-cswwofbhrcnggmfwuxfpbtrwjhrw/Build/Intermediates.noindex/AutoByteusMobile.build/Debug-iphonesimulator/AutoByteusMobileShareExtension.build/AutoByteus\ Share-DebugEntryPoint-normal-arm64.txt -Xlinker -sectcreate -Xlinker __TEXT -Xlinker __debug_instlnm -Xlinker /Users/runner/Library/Developer/Xcode/DerivedData/AutoByteusMobile-cswwofbhrcnggmfwuxfpbtrwjhrw/Build/Intermediates.noindex/AutoByteusMobile.build/Debug-iphonesimulator/AutoByteusMobileShareExtension.build/AutoByteus\ Share-DebugDylibInstallName-normal-arm64.txt -Xlinker -filelist -Xlinker /Users/runner/Library/Developer/Xcode/DerivedData/AutoByteusMobile-cswwofbhrcnggmfwuxfpbtrwjhrw/Build/Intermediates.noindex/AutoByteusMobile.build/Debug-iphonesimulator/AutoByteusMobileShareExtension.build/AutoByteus\ Share-ExecutorLinkFileList-normal-arm64.txt -Xlinker -sectcreate -Xlinker __TEXT -Xlinker __entitlements -Xlinker /Users/runner/Library/Developer/Xcode/DerivedData/AutoByteusMobile-cswwofbhrcnggmfwuxfpbtrwjhrw/Build/Intermediates.noindex/AutoByteusMobile.build/Debug-iphonesimulator/AutoByteusMobileShareExtension.build/AutoByteus\ Share.appex-Simulated.xcent -Xlinker -sectcreate -Xlinker __TEXT -Xlinker __ents_der -Xlinker /Users/runner/Library/Developer/Xcode/DerivedData/AutoByteusMobile-cswwofbhrcnggmfwuxfpbtrwjhrw/Build/Intermediates.noindex/AutoByteusMobile.build/Debug-iphonesimulator/AutoByteusMobileShareExtension.build/AutoByteus\ Share.appex-Simulated.xcent.der /Users/runner/Library/Developer/Xcode/DerivedData/AutoByteusMobile-cswwofbhrcnggmfwuxfpbtrwjhrw/Build/Products/Debug-iphonesimulator/AutoByteus\ Share.appex/AutoByteus\ Share.debug.dylib -Xlinker -no_adhoc_codesign -o /Users/runner/Library/Developer/Xcode/DerivedData/AutoByteusMobile-cswwofbhrcnggmfwuxfpbtrwjhrw/Build/Products/Debug-iphonesimulator/AutoByteus\ Share.appex/AutoByteus\ Share
Build And Test iOS App	Generate, build, and run implementation checks	2026-09-11T00:33:42.8860300Z 
Build And Test iOS App	Generate, build, and run implementation checks	2026-09-11T00:33:42.8860920Z ExtractAppIntentsMetadata (in target 'AutoByteusMobileShareExtension' from project 'AutoByteusMobile')
Build And Test iOS App	Generate, build, and run implementation checks	2026-09-11T00:33:42.8861680Z     cd /Users/runner/work/autobyteus-workspace/autobyteus-workspace/autobyteus-ios
Build And Test iOS App	Generate, build, and run implementation checks	2026-09-11T00:33:42.8876090Z     /Applications/Xcode_26.3.app/Contents/Developer/Toolchains/XcodeDefault.xctoolchain/usr/bin/appintentsmetadataprocessor --toolchain-dir /var/run/com.apple.security.cryptexd/mnt/com.apple.MobileAsset.MetalToolchain-v17.3.7003.10.eFrmP5/Metal.xctoolchain --module-name AutoByteus_Share --sdk-root /Applications/Xcode_26.3.app/Contents/Developer/Platforms/iPhoneSimulator.platform/Developer/SDKs/iPhoneSimulator26.2.sdk --xcode-version 17C529 --platform-family iOS --deployment-target 17.0 --bundle-identifier org.autobyteus.mobile.share --output /Users/runner/Library/Developer/Xcode/DerivedData/AutoByteusMobile-cswwofbhrcnggmfwuxfpbtrwjhrw/Build/Products/Debug-iphonesimulator/AutoByteus\ Share.appex --target-triple arm64-apple-ios17.0-simulator --binary-file /Users/runner/Library/Developer/Xcode/DerivedData/AutoByteusMobile-cswwofbhrcnggmfwuxfpbtrwjhrw/Build/Products/Debug-iphonesimulator/AutoByteus\ Share.appex/AutoByteus\ Share --dependency-file /Users/runner/Library/Developer/Xcode/DerivedData/AutoByteusMobile-cswwofbhrcnggmfwuxfpbtrwjhrw/Build/Intermediates.noindex/AutoByteusMobile.build/Debug-iphonesimulator/AutoByteusMobileShareExtension.build/Objects-normal/arm64/AutoByteus\ Share_dependency_info.dat --stringsdata-file /Users/runner/Library/Developer/Xcode/DerivedData/AutoByteusMobile-cswwofbhrcnggmfwuxfpbtrwjhrw/Build/Intermediates.noindex/AutoByteusMobile.build/Debug-iphonesimulator/AutoByteusMobileShareExtension.build/Objects-normal/arm64/ExtractedAppShortcutsMetadata.stringsdata --source-file-list /Users/runner/Library/Developer/Xcode/DerivedData/AutoByteusMobile-cswwofbhrcnggmfwuxfpbtrwjhrw/Build/Intermediates.noindex/AutoByteusMobile.build/Debug-iphonesimulator/AutoByteusMobileShareExtension.build/Objects-normal/arm64/AutoByteus\ Share.SwiftFileList --metadata-file-list /Users/runner/Library/Developer/Xcode/DerivedData/AutoByteusMobile-cswwofbhrcnggmfwuxfpbtrwjhrw/Build/Intermediates.noindex/AutoByteusMobile.build/Debug-iphonesimulator/AutoByteusMobileShareExtension.build/AutoByteus\ Share.DependencyMetadataFileList --static-metadata-file-list /Users/runner/Library/Developer/Xcode/DerivedData/AutoByteusMobile-cswwofbhrcnggmfwuxfpbtrwjhrw/Build/Intermediates.noindex/AutoByteusMobile.build/Debug-iphonesimulator/AutoByteusMobileShareExtension.build/AutoByteus\ Share.DependencyStaticMetadataFileList --swift-const-vals-list /Users/runner/Library/Developer/Xcode/DerivedData/AutoByteusMobile-cswwofbhrcnggmfwuxfpbtrwjhrw/Build/Intermediates.noindex/AutoByteusMobile.build/Debug-iphonesimulator/AutoByteusMobileShareExtension.build/Objects-normal/arm64/AutoByteus\ Share.SwiftConstValuesFileList --compile-time-extraction --deployment-aware-processing --validate-assistant-intents --no-app-shortcuts-localization
Build And Test iOS App	Generate, build, and run implementation checks	2026-09-11T00:33:42.8887200Z 2026-09-11 00:33:34.357 appintentsmetadataprocessor[3286:13739] Starting appintentsmetadataprocessor export
Build And Test iOS App	Generate, build, and run implementation checks	2026-09-11T00:33:42.8888110Z 2026-09-11 00:33:34.358 appintentsmetadataprocessor[3286:13739] warning: Metadata extraction skipped. No AppIntents.framework dependency found.
Build And Test iOS App	Generate, build, and run implementation checks	2026-09-11T00:33:42.8888990Z 
Build And Test iOS App	Generate, build, and run implementation checks	2026-09-11T00:33:42.8889330Z AppIntentsSSUTraining (in target 'AutoByteusMobileShareExtension' from project 'AutoByteusMobile')
Build And Test iOS App	Generate, build, and run implementation checks	2026-09-11T00:33:42.8890030Z     cd /Users/runner/work/autobyteus-workspace/autobyteus-workspace/autobyteus-ios
Build And Test iOS App	Generate, build, and run implementation checks	2026-09-11T00:33:42.8895430Z     /Applications/Xcode_26.3.app/Contents/Developer/Toolchains/XcodeDefault.xctoolchain/usr/bin/appintentsnltrainingprocessor --infoplist-path /Users/runner/Library/Developer/Xcode/DerivedData/AutoByteusMobile-cswwofbhrcnggmfwuxfpbtrwjhrw/Build/Products/Debug-iphonesimulator/AutoByteus\ Share.appex/Info.plist --temp-dir-path /Users/runner/Library/Developer/Xcode/DerivedData/AutoByteusMobile-cswwofbhrcnggmfwuxfpbtrwjhrw/Build/Intermediates.noindex/AutoByteusMobile.build/Debug-iphonesimulator/AutoByteusMobileShareExtension.build/ssu --bundle-id org.autobyteus.mobile.share --product-path /Users/runner/Library/Developer/Xcode/DerivedData/AutoByteusMobile-cswwofbhrcnggmfwuxfpbtrwjhrw/Build/Products/Debug-iphonesimulator/AutoByteus\ Share.appex --extracted-metadata-path /Users/runner/Library/Developer/Xcode/DerivedData/AutoByteusMobile-cswwofbhrcnggmfwuxfpbtrwjhrw/Build/Products/Debug-iphonesimulator/AutoByteus\ Share.appex/Metadata.appintents --metadata-file-list /Users/runner/Library/Developer/Xcode/DerivedData/AutoByteusMobile-cswwofbhrcnggmfwuxfpbtrwjhrw/Build/Intermediates.noindex/AutoByteusMobile.build/Debug-iphonesimulator/AutoByteusMobileShareExtension.build/AutoByteus\ Share.DependencyMetadataFileList --archive-ssu-assets
Build And Test iOS App	Generate, build, and run implementation checks	2026-09-11T00:33:42.8901910Z 2026-09-11 00:33:34.380 appintentsnltrainingprocessor[3291:13748] Parsing options for appintentsnltrainingprocessor
Build And Test iOS App	Generate, build, and run implementation checks	2026-09-11T00:33:42.8903670Z 2026-09-11 00:33:34.381 appintentsnltrainingprocessor[3291:13748] No AppShortcuts found - Skipping.
Build And Test iOS App	Generate, build, and run implementation checks	2026-09-11T00:33:42.8904570Z 
Build And Test iOS App	Generate, build, and run implementation checks	2026-09-11T00:33:42.8906260Z CodeSign /Users/runner/Library/Developer/Xcode/DerivedData/AutoByteusMobile-cswwofbhrcnggmfwuxfpbtrwjhrw/Build/Products/Debug-iphonesimulator/AutoByteus\ Share.appex/AutoByteus\ Share.debug.dylib (in target 'AutoByteusMobileShareExtension' from project 'AutoByteusMobile')
Build And Test iOS App	Generate, build, and run implementation checks	2026-09-11T00:33:42.8907460Z     cd /Users/runner/work/autobyteus-workspace/autobyteus-workspace/autobyteus-ios
Build And Test iOS App	Generate, build, and run implementation checks	2026-09-11T00:33:42.8908340Z     
Build And Test iOS App	Generate, build, and run implementation checks	2026-09-11T00:33:42.8908580Z     Signing Identity:     "Sign to Run Locally"
Build And Test iOS App	Generate, build, and run implementation checks	2026-09-11T00:33:42.8908930Z     
Build And Test iOS App	Generate, build, and run implementation checks	2026-09-11T00:33:42.8910390Z     /usr/bin/codesign --force --sign - --timestamp\=none --generate-entitlement-der /Users/runner/Library/Developer/Xcode/DerivedData/AutoByteusMobile-cswwofbhrcnggmfwuxfpbtrwjhrw/Build/Products/Debug-iphonesimulator/AutoByteus\ Share.appex/AutoByteus\ Share.debug.dylib
Build And Test iOS App	Generate, build, and run implementation checks	2026-09-11T00:33:42.8911360Z 
Build And Test iOS App	Generate, build, and run implementation checks	2026-09-11T00:33:42.8912130Z CodeSign /Users/runner/Library/Developer/Xcode/DerivedData/AutoByteusMobile-cswwofbhrcnggmfwuxfpbtrwjhrw/Build/Products/Debug-iphonesimulator/AutoByteus\ Share.appex/__preview.dylib (in target 'AutoByteusMobileShareExtension' from project 'AutoByteusMobile')
Build And Test iOS App	Generate, build, and run implementation checks	2026-09-11T00:33:42.8913800Z     cd /Users/runner/work/autobyteus-workspace/autobyteus-workspace/autobyteus-ios
Build And Test iOS App	Generate, build, and run implementation checks	2026-09-11T00:33:42.8914390Z     
Build And Test iOS App	Generate, build, and run implementation checks	2026-09-11T00:33:42.8914690Z     Signing Identity:     "Sign to Run Locally"
Build And Test iOS App	Generate, build, and run implementation checks	2026-09-11T00:33:42.8914970Z     
Build And Test iOS App	Generate, build, and run implementation checks	2026-09-11T00:33:42.8916270Z     /usr/bin/codesign --force --sign - --timestamp\=none --generate-entitlement-der /Users/runner/Library/Developer/Xcode/DerivedData/AutoByteusMobile-cswwofbhrcnggmfwuxfpbtrwjhrw/Build/Products/Debug-iphonesimulator/AutoByteus\ Share.appex/__preview.dylib
Build And Test iOS App	Generate, build, and run implementation checks	2026-09-11T00:33:42.8917090Z 
Build And Test iOS App	Generate, build, and run implementation checks	2026-09-11T00:33:42.8917810Z CodeSign /Users/runner/Library/Developer/Xcode/DerivedData/AutoByteusMobile-cswwofbhrcnggmfwuxfpbtrwjhrw/Build/Products/Debug-iphonesimulator/AutoByteus\ Share.appex (in target 'AutoByteusMobileShareExtension' from project 'AutoByteusMobile')
Build And Test iOS App	Generate, build, and run implementation checks	2026-09-11T00:33:42.8919030Z     cd /Users/runner/work/autobyteus-workspace/autobyteus-workspace/autobyteus-ios
Build And Test iOS App	Generate, build, and run implementation checks	2026-09-11T00:33:42.8919640Z     
Build And Test iOS App	Generate, build, and run implementation checks	2026-09-11T00:33:42.8920090Z     Signing Identity:     "Sign to Run Locally"
Build And Test iOS App	Generate, build, and run implementation checks	2026-09-11T00:33:42.8920550Z     
Build And Test iOS App	Generate, build, and run implementation checks	2026-09-11T00:33:42.8923450Z     /usr/bin/codesign --force --sign - --entitlements /Users/runner/Library/Developer/Xcode/DerivedData/AutoByteusMobile-cswwofbhrcnggmfwuxfpbtrwjhrw/Build/Intermediates.noindex/AutoByteusMobile.build/Debug-iphonesimulator/AutoByteusMobileShareExtension.build/AutoByteus\ Share.appex.xcent --timestamp\=none --generate-entitlement-der /Users/runner/Library/Developer/Xcode/DerivedData/AutoByteusMobile-cswwofbhrcnggmfwuxfpbtrwjhrw/Build/Products/Debug-iphonesimulator/AutoByteus\ Share.appex
Build And Test iOS App	Generate, build, and run implementation checks	2026-09-11T00:33:42.8949420Z 
Build And Test iOS App	Generate, build, and run implementation checks	2026-09-11T00:33:42.8950680Z RegisterExecutionPolicyException /Users/runner/Library/Developer/Xcode/DerivedData/AutoByteusMobile-cswwofbhrcnggmfwuxfpbtrwjhrw/Build/Products/Debug-iphonesimulator/AutoByteus\ Share.appex (in target 'AutoByteusMobileShareExtension' from project 'AutoByteusMobile')
Build And Test iOS App	Generate, build, and run implementation checks	2026-09-11T00:33:42.8951950Z     cd /Users/runner/work/autobyteus-workspace/autobyteus-workspace/autobyteus-ios
Build And Test iOS App	Generate, build, and run implementation checks	2026-09-11T00:33:42.8953090Z     builtin-RegisterExecutionPolicyException /Users/runner/Library/Developer/Xcode/DerivedData/AutoByteusMobile-cswwofbhrcnggmfwuxfpbtrwjhrw/Build/Products/Debug-iphonesimulator/AutoByteus\ Share.appex
Build And Test iOS App	Generate, build, and run implementation checks	2026-09-11T00:33:42.8953970Z 
Build And Test iOS App	Generate, build, and run implementation checks	2026-09-11T00:33:42.8954730Z Touch /Users/runner/Library/Developer/Xcode/DerivedData/AutoByteusMobile-cswwofbhrcnggmfwuxfpbtrwjhrw/Build/Products/Debug-iphonesimulator/AutoByteus\ Share.appex (in target 'AutoByteusMobileShareExtension' from project 'AutoByteusMobile')
Build And Test iOS App	Generate, build, and run implementation checks	2026-09-11T00:33:42.8955900Z     cd /Users/runner/work/autobyteus-workspace/autobyteus-workspace/autobyteus-ios
Build And Test iOS App	Generate, build, and run implementation checks	2026-09-11T00:33:42.8956900Z     /usr/bin/touch -c /Users/runner/Library/Developer/Xcode/DerivedData/AutoByteusMobile-cswwofbhrcnggmfwuxfpbtrwjhrw/Build/Products/Debug-iphonesimulator/AutoByteus\ Share.appex
Build And Test iOS App	Generate, build, and run implementation checks	2026-09-11T00:33:42.8957540Z 
Build And Test iOS App	Generate, build, and run implementation checks	2026-09-11T00:33:42.8958710Z Ld /Users/runner/Library/Developer/Xcode/DerivedData/AutoByteusMobile-cswwofbhrcnggmfwuxfpbtrwjhrw/Build/Products/Debug-iphonesimulator/AutoByteus.app/__preview.dylib normal (in target 'AutoByteusMobile' from project 'AutoByteusMobile')
Build And Test iOS App	Generate, build, and run implementation checks	2026-09-11T00:33:42.8959810Z     cd /Users/runner/work/autobyteus-workspace/autobyteus-workspace/autobyteus-ios
Build And Test iOS App	Generate, build, and run implementation checks	2026-09-11T00:33:42.8966360Z     /Applications/Xcode_26.3.app/Contents/Developer/Toolchains/XcodeDefault.xctoolchain/usr/bin/clang -Xlinker -reproducible -target arm64-apple-ios17.0-simulator -dynamiclib -isysroot /Applications/Xcode_26.3.app/Contents/Developer/Platforms/iPhoneSimulator.platform/Developer/SDKs/iPhoneSimulator26.2.sdk -O0 -L/Users/runner/Library/Developer/Xcode/DerivedData/AutoByteusMobile-cswwofbhrcnggmfwuxfpbtrwjhrw/Build/Products/Debug-iphonesimulator -F/Users/runner/Library/Developer/Xcode/DerivedData/AutoByteusMobile-cswwofbhrcnggmfwuxfpbtrwjhrw/Build/Products/Debug-iphonesimulator -install_name @rpath/AutoByteus.debug.dylib -dead_strip -rdynamic -Xlinker -no_deduplicate -Xlinker -objc_abi_version -Xlinker 2 -Xlinker -dependency_info -Xlinker /Users/runner/Library/Developer/Xcode/DerivedData/AutoByteusMobile-cswwofbhrcnggmfwuxfpbtrwjhrw/Build/Intermediates.noindex/AutoByteusMobile.build/Debug-iphonesimulator/AutoByteusMobile.build/Objects-normal/arm64/AutoByteus_dependency_info.dat -Xlinker -sectcreate -Xlinker __TEXT -Xlinker __entitlements -Xlinker /Users/runner/Library/Developer/Xcode/DerivedData/AutoByteusMobile-cswwofbhrcnggmfwuxfpbtrwjhrw/Build/Intermediates.noindex/AutoByteusMobile.build/Debug-iphonesimulator/AutoByteusMobile.build/AutoByteus.app-Simulated.xcent -Xlinker -sectcreate -Xlinker __TEXT -Xlinker __ents_der -Xlinker /Users/runner/Library/Developer/Xcode/DerivedData/AutoByteusMobile-cswwofbhrcnggmfwuxfpbtrwjhrw/Build/Intermediates.noindex/AutoByteusMobile.build/Debug-iphonesimulator/AutoByteusMobile.build/AutoByteus.app-Simulated.xcent.der -Xlinker -no_adhoc_codesign -o /Users/runner/Library/Developer/Xcode/DerivedData/AutoByteusMobile-cswwofbhrcnggmfwuxfpbtrwjhrw/Build/Products/Debug-iphonesimulator/AutoByteus.app/__preview.dylib
Build And Test iOS App	Generate, build, and run implementation checks	2026-09-11T00:33:42.8973520Z 
Build And Test iOS App	Generate, build, and run implementation checks	2026-09-11T00:33:42.8973940Z SwiftDriver AutoByteusMobile normal arm64 com.apple.xcode.tools.swift.compiler (in target 'AutoByteusMobile' from project 'AutoByteusMobile')
Build And Test iOS App	Generate, build, and run implementation checks	2026-09-11T00:33:42.8974800Z     cd /Users/runner/work/autobyteus-workspace/autobyteus-workspace/autobyteus-ios
Build And Test iOS App	Generate, build, and run implementation checks	2026-09-11T00:33:42.8996280Z     builtin-SwiftDriver -- /Applications/Xcode_26.3.app/Contents/Developer/Toolchains/XcodeDefault.xctoolchain/usr/bin/swiftc -module-name AutoByteus -Onone -enforce-exclusivity\=checked @/Users/runner/Library/Developer/Xcode/DerivedData/AutoByteusMobile-cswwofbhrcnggmfwuxfpbtrwjhrw/Build/Intermediates.noindex/AutoByteusMobile.build/Debug-iphonesimulator/AutoByteusMobile.build/Objects-normal/arm64/AutoByteus.SwiftFileList -DDEBUG -enable-bare-slash-regex -enable-experimental-feature DebugDescriptionMacro -sdk /Applications/Xcode_26.3.app/Contents/Developer/Platforms/iPhoneSimulator.platform/Developer/SDKs/iPhoneSimulator26.2.sdk -target arm64-apple-ios17.0-simulator -g -module-cache-path /Users/runner/Library/Developer/Xcode/DerivedData/ModuleCache.noindex -Xfrontend -serialize-debugging-options -enable-testing -index-store-path /Users/runner/Library/Developer/Xcode/DerivedData/AutoByteusMobile-cswwofbhrcnggmfwuxfpbtrwjhrw/Index.noindex/DataStore -Xcc -D_LIBCPP_HARDENING_MODE\=_LIBCPP_HARDENING_MODE_DEBUG -swift-version 5 -I /Users/runner/Library/Developer/Xcode/DerivedData/AutoByteusMobile-cswwofbhrcnggmfwuxfpbtrwjhrw/Build/Products/Debug-iphonesimulator -F /Users/runner/Library/Developer/Xcode/DerivedData/AutoByteusMobile-cswwofbhrcnggmfwuxfpbtrwjhrw/Build/Products/Debug-iphonesimulator -c -j3 -enable-batch-mode -incremental -Xcc -ivfsstatcache -Xcc /Users/runner/Library/Developer/Xcode/DerivedData/SDKStatCaches.noindex/iphonesimulator26.2-23C57-dc75598d0054f22ec865fa860f139d72e244bd9a5feaf902f95f61bf06266e52.sdkstatcache -output-file-map /Users/runner/Library/Developer/Xcode/DerivedData/AutoByteusMobile-cswwofbhrcnggmfwuxfpbtrwjhrw/Build/Intermediates.noindex/AutoByteusMobile.build/Debug-iphonesimulator/AutoByteusMobile.build/Objects-normal/arm64/AutoByteusMobile-OutputFileMap.json -use-frontend-parseable-output -save-temps -no-color-diagnostics -explicit-module-build -module-cache-path /Users/runner/Library/Developer/Xcode/DerivedData/AutoByteusMobile-cswwofbhrcnggmfwuxfpbtrwjhrw/Build/Intermediates.noindex/SwiftExplicitPrecompiledModules -clang-scanner-module-cache-path /Users/runner/Library/Developer/Xcode/DerivedData/ModuleCache.noindex -sdk-module-cache-path /Users/runner/Library/Developer/Xcode/DerivedData/ModuleCache.noindex -serialize-diagnostics -emit-dependencies -emit-module -emit-module-path /Users/runner/Library/Developer/Xcode/DerivedData/AutoByteusMobile-cswwofbhrcnggmfwuxfpbtrwjhrw/Build/Intermediates.noindex/AutoByteusMobile.build/Debug-iphonesimulator/AutoByteusMobile.build/Objects-normal/arm64/AutoByteus.swiftmodule -validate-clang-modules-once -clang-build-session-file /Users/runner/Library/Developer/Xcode/DerivedData/ModuleCache.noindex/Session.modulevalidation -Xcc -I/Users/runner/Library/Developer/Xcode/DerivedData/AutoByteusMobile-cswwofbhrcnggmfwuxfpbtrwjhrw/Build/Intermediates.noindex/AutoByteusMobile.build/Debug-iphonesimulator/AutoByteusMobile.build/swift-overrides.hmap -emit-const-values -Xfrontend -const-gather-protocols-file -Xfrontend /Users/runner/Library/Developer/Xcode/DerivedData/AutoByteusMobile-cswwofbhrcnggmfwuxfpbtrwjhrw/Build/Intermediates.noindex/AutoByteusMobile.build/Debug-iphonesimulator/AutoByteusMobile.build/Objects-normal/arm64/AutoByteusMobile_const_extract_protocols.json -Xcc -iquote -Xcc /Users/runner/Library/Developer/Xcode/DerivedData/AutoByteusMobile-cswwofbhrcnggmfwuxfpbtrwjhrw/Build/Intermediates.noindex/AutoByteusMobile.build/Debug-iphonesimulator/AutoByteusMobile.build/AutoByteus-generated-files.hmap -Xcc -I/Users/runner/Library/Developer/Xcode/DerivedData/AutoByteusMobile-cswwofbhrcnggmfwuxfpbtrwjhrw/Build/Intermediates.noindex/AutoByteusMobile.build/Debug-iphonesimulator/AutoByteusMobile.build/AutoByteus-own-target-headers.hmap -Xcc -I/Users/runner/Library/Developer/Xcode/DerivedData/AutoByteusMobile-cswwofbhrcnggmfwuxfpbtrwjhrw/Build/Intermediates.noindex/AutoByteusMobile.build/Debug-iphonesimulator/AutoByteusMobile.build/AutoByteus-all-non-framework-target-headers.hmap -Xcc -ivfsoverlay -Xcc /Users/runner/Library/Developer/Xcode/DerivedData/AutoByteusMobile-cswwofbhrcnggmfwuxfpbtrwjhrw/Build/Intermediates.noindex/AutoByteusMobile.build/Debug-iphonesimulator/AutoByteusMobile-d09bd929cb8c8855c839362787f87620-VFS-iphonesimulator/all-product-headers.yaml -Xcc -iquote -Xcc /Users/runner/Library/Developer/Xcode/DerivedData/AutoByteusMobile-cswwofbhrcnggmfwuxfpbtrwjhrw/Build/Intermediates.noindex/AutoByteusMobile.build/Debug-iphonesimulator/AutoByteusMobile.build/AutoByteus-project-headers.hmap -Xcc -I/Users/runner/Library/Developer/Xcode/DerivedData/AutoByteusMobile-cswwofbhrcnggmfwuxfpbtrwjhrw/Build/Products/Debug-iphonesimulator/include -Xcc -I/Users/runner/Library/Developer/Xcode/DerivedData/AutoByteusMobile-cswwofbhrcnggmfwuxfpbtrwjhrw/Build/Intermediates.noindex/AutoByteusMobile.build/Debug-iphonesimulator/AutoByteusMobile.build/DerivedSources-normal/arm64 -Xcc -I/Users/runner/Library/Developer/Xcode/DerivedData/AutoByteusMobile-cswwofbhrcnggmfwuxfpbtrwjhrw/Build/Intermediates.noindex/AutoByteusMobile.build/Debug-iphonesimulator/AutoByteusMobile.build/DerivedSources/arm64 -Xcc -I/Users/runner/Library/Developer/Xcode/DerivedData/AutoByteusMobile-cswwofbhrcnggmfwuxfpbtrwjhrw/Build/Intermediates.noindex/AutoByteusMobile.build/Debug-iphonesimulator/AutoByteusMobile.build/DerivedSources -Xcc -DDEBUG\=1 -emit-objc-header -emit-objc-header-path /Users/runner/Library/Developer/Xcode/DerivedData/AutoByteusMobile-cswwofbhrcnggmfwuxfpbtrwjhrw/Build/Intermediates.noindex/AutoByteusMobile.build/Debug-iphonesimulator/AutoByteusMobile.build/Objects-normal/arm64/AutoByteus-Swift.h -working-directory /Users/runner/work/autobyteus-workspace/autobyteus-workspace/autobyteus-ios -experimental-emit-module-separately -disable-cmo
Build And Test iOS App	Generate, build, and run implementation checks	2026-09-11T00:33:42.9017260Z 
Build And Test iOS App	Generate, build, and run implementation checks	2026-09-11T00:33:42.9017840Z SwiftExplicitDependencyGeneratePcm arm64 /Users/runner/Library/Developer/Xcode/DerivedData/ModuleCache.noindex/DeveloperToolsSupport-33CWZXW11OZOMTWZRLCD0C8RL.pcm
Build And Test iOS App	Generate, build, and run implementation checks	2026-09-11T00:33:42.9018480Z 
Build And Test iOS App	Generate, build, and run implementation checks	2026-09-11T00:33:42.9018990Z SwiftExplicitDependencyGeneratePcm arm64 /Users/runner/Library/Developer/Xcode/DerivedData/ModuleCache.noindex/_Builtin_stddef-7E87Y9J0BNCH4XX2IAP5XDESI.pcm
Build And Test iOS App	Generate, build, and run implementation checks	2026-09-11T00:33:42.9019940Z 
Build And Test iOS App	Generate, build, and run implementation checks	2026-09-11T00:33:42.9020420Z SwiftExplicitDependencyGeneratePcm arm64 /Users/runner/Library/Developer/Xcode/DerivedData/ModuleCache.noindex/_Builtin_stdarg-80ZVKY6E4LAN7AUQTEVS4RY7V.pcm
Build And Test iOS App	Generate, build, and run implementation checks	2026-09-11T00:33:42.9021110Z 
Build And Test iOS App	Generate, build, and run implementation checks	2026-09-11T00:33:42.9021590Z SwiftExplicitDependencyGeneratePcm arm64 /Users/runner/Library/Developer/Xcode/DerivedData/ModuleCache.noindex/ptrauth-CZL36FG0U9UDJOEX9L3FXUWIA.pcm
Build And Test iOS App	Generate, build, and run implementation checks	2026-09-11T00:33:42.9022180Z 
Build And Test iOS App	Generate, build, and run implementation checks	2026-09-11T00:33:42.9022640Z SwiftExplicitDependencyGeneratePcm arm64 /Users/runner/Library/Developer/Xcode/DerivedData/ModuleCache.noindex/_Builtin_float-6MDK9TTC7Y990V1SQ766WW7N3.pcm
Build And Test iOS App	Generate, build, and run implementation checks	2026-09-11T00:33:42.9024020Z 
Build And Test iOS App	Generate, build, and run implementation checks	2026-09-11T00:33:42.9024740Z SwiftExplicitDependencyGeneratePcm arm64 /Users/runner/Library/Developer/Xcode/DerivedData/ModuleCache.noindex/_Builtin_stdbool-1UXPX3B11292KP95VIAL067GG.pcm
Build And Test iOS App	Generate, build, and run implementation checks	2026-09-11T00:33:42.9025560Z 
Build And Test iOS App	Generate, build, and run implementation checks	2026-09-11T00:33:42.9026050Z SwiftExplicitDependencyGeneratePcm arm64 /Users/runner/Library/Developer/Xcode/DerivedData/ModuleCache.noindex/SwiftShims-6LCDW2X4QH61HTTYRGLQBESQW.pcm
Build And Test iOS App	Generate, build, and run implementation checks	2026-09-11T00:33:42.9027420Z 
Build And Test iOS App	Generate, build, and run implementation checks	2026-09-11T00:33:42.9027980Z SwiftExplicitDependencyGeneratePcm arm64 /Users/runner/Library/Developer/Xcode/DerivedData/ModuleCache.noindex/_AvailabilityInternal-4V57YXGECA9I7A18YE4AZ18UT.pcm
Build And Test iOS App	Generate, build, and run implementation checks	2026-09-11T00:33:42.9028660Z 
Build And Test iOS App	Generate, build, and run implementation checks	2026-09-11T00:33:42.9029140Z SwiftExplicitDependencyGeneratePcm arm64 /Users/runner/Library/Developer/Xcode/DerivedData/ModuleCache.noindex/ptrcheck-6MBIPEOAY3QFNOGD7KTTMFJDP.pcm
Build And Test iOS App	Generate, build, and run implementation checks	2026-09-11T00:33:42.9029780Z 
Build And Test iOS App	Generate, build, and run implementation checks	2026-09-11T00:33:42.9030300Z SwiftExplicitDependencyGeneratePcm arm64 /Users/runner/Library/Developer/Xcode/DerivedData/ModuleCache.noindex/_SwiftConcurrencyShims-8BG66MPCCFZ034WL46G8AIOMU.pcm
Build And Test iOS App	Generate, build, and run implementation checks	2026-09-11T00:33:42.9031550Z 
Build And Test iOS App	Generate, build, and run implementation checks	2026-09-11T00:33:42.9032060Z SwiftExplicitDependencyGeneratePcm arm64 /Users/runner/Library/Developer/Xcode/DerivedData/ModuleCache.noindex/_DarwinFoundation1-3G1G2HIAH6SIFQYIS4IGRG9K5.pcm
Build And Test iOS App	Generate, build, and run implementation checks	2026-09-11T00:33:42.9032710Z 
Build And Test iOS App	Generate, build, and run implementation checks	2026-09-11T00:33:42.9033250Z SwiftExplicitDependencyGeneratePcm arm64 /Users/runner/Library/Developer/Xcode/DerivedData/ModuleCache.noindex/_DarwinFoundation2-B5497BU8ON93WYKD76E2W130A.pcm
Build And Test iOS App	Generate, build, and run implementation checks	2026-09-11T00:33:42.9033800Z 
Build And Test iOS App	Generate, build, and run implementation checks	2026-09-11T00:33:42.9034360Z SwiftExplicitDependencyGeneratePcm arm64 /Users/runner/Library/Developer/Xcode/DerivedData/ModuleCache.noindex/_Builtin_limits-2GYMI6Y6AKJGFCC0QMUX60YK3.pcm
Build And Test iOS App	Generate, build, and run implementation checks	2026-09-11T00:33:42.9034940Z 
Build And Test iOS App	Generate, build, and run implementation checks	2026-09-11T00:33:42.9035850Z SwiftExplicitDependencyGeneratePcm arm64 /Users/runner/Library/Developer/Xcode/DerivedData/ModuleCache.noindex/_Builtin_tgmath-2Z1ASP3VD7IZJNZW2BCQAV4TS.pcm
Build And Test iOS App	Generate, build, and run implementation checks	2026-09-11T00:33:42.9036410Z 
Build And Test iOS App	Generate, build, and run implementation checks	2026-09-11T00:33:42.9036930Z SwiftExplicitDependencyGeneratePcm arm64 /Users/runner/Library/Developer/Xcode/DerivedData/ModuleCache.noindex/_Builtin_stdint-1OVBP598DZ3VJ55SGHRZ1C4D9.pcm
Build And Test iOS App	Generate, build, and run implementation checks	2026-09-11T00:33:42.9037580Z 
Build And Test iOS App	Generate, build, and run implementation checks	2026-09-11T00:33:42.9037980Z SwiftExplicitDependencyGeneratePcm arm64 /Users/runner/Library/Developer/Xcode/DerivedData/ModuleCache.noindex/sys_types-5QLYYOGRMBZAAHJJMAP88HZNN.pcm
Build And Test iOS App	Generate, build, and run implementation checks	2026-09-11T00:33:42.9038530Z 
Build And Test iOS App	Generate, build, and run implementation checks	2026-09-11T00:33:42.9039010Z SwiftExplicitDependencyGeneratePcm arm64 /Users/runner/Library/Developer/Xcode/DerivedData/ModuleCache.noindex/_DarwinFoundation3-C8UVO5ZVDG973VE3DX4T12OBK.pcm
Build And Test iOS App	Generate, build, and run implementation checks	2026-09-11T00:33:42.9039570Z 
Build And Test iOS App	Generate, build, and run implementation checks	2026-09-11T00:33:42.9040320Z SwiftExplicitDependencyGeneratePcm arm64 /Users/runner/Library/Developer/Xcode/DerivedData/ModuleCache.noindex/_Builtin_intrinsics-DR6RSGL8IBBY2GG5306ZP0H13.pcm
Build And Test iOS App	Generate, build, and run implementation checks	2026-09-11T00:33:42.9040920Z 
Build And Test iOS App	Generate, build, and run implementation checks	2026-09-11T00:33:42.9041390Z SwiftExplicitDependencyGeneratePcm arm64 /Users/runner/Library/Developer/Xcode/DerivedData/ModuleCache.noindex/_Builtin_stdatomic-2XZ8UROLTLCI13Y1JP6QH2LP0.pcm
Build And Test iOS App	Generate, build, and run implementation checks	2026-09-11T00:33:42.9041960Z 
Build And Test iOS App	Generate, build, and run implementation checks	2026-09-11T00:33:42.9042430Z SwiftExplicitDependencyGeneratePcm arm64 /Users/runner/Library/Developer/Xcode/DerivedData/ModuleCache.noindex/_Builtin_inttypes-4Z6A8UX8B0YZJH0KTX924DI7X.pcm
Build And Test iOS App	Generate, build, and run implementation checks	2026-09-11T00:33:42.9043340Z 
Build And Test iOS App	Generate, build, and run implementation checks	2026-09-11T00:33:42.9043820Z SwiftExplicitDependencyGeneratePcm arm64 /Users/runner/Library/Developer/Xcode/DerivedData/ModuleCache.noindex/Darwin-6ZVD5NW04TCIQZ8726EP05A39.pcm
Build And Test iOS App	Generate, build, and run implementation checks	2026-09-11T00:33:42.9044330Z 
Build And Test iOS App	Generate, build, and run implementation checks	2026-09-11T00:33:42.9044870Z SwiftExplicitDependencyGeneratePcm arm64 /Users/runner/Library/Developer/Xcode/DerivedData/ModuleCache.noindex/simd-DBMJFF248XW8DXTA4QUHZJ1WZ.pcm
Build And Test iOS App	Generate, build, and run implementation checks	2026-09-11T00:33:42.9045410Z 
Build And Test iOS App	Generate, build, and run implementation checks	2026-09-11T00:33:42.9045890Z SwiftExplicitDependencyGeneratePcm arm64 /Users/runner/Library/Developer/Xcode/DerivedData/ModuleCache.noindex/ObjectiveC-2IRV0CDRUFRYGXQH66GKVC4XR.pcm
Build And Test iOS App	Generate, build, and run implementation checks	2026-09-11T00:33:42.9046510Z 
Build And Test iOS App	Generate, build, and run implementation checks	2026-09-11T00:33:42.9046970Z SwiftExplicitDependencyGeneratePcm arm64 /Users/runner/Library/Developer/Xcode/DerivedData/ModuleCache.noindex/MachO-4CQBMVXBOKSK2C9Z6XSTZSW3S.pcm
Build And Test iOS App	Generate, build, and run implementation checks	2026-09-11T00:33:42.9049140Z 
Build And Test iOS App	Generate, build, and run implementation checks	2026-09-11T00:33:42.9049750Z SwiftExplicitDependencyGeneratePcm arm64 /Users/runner/Library/Developer/Xcode/DerivedData/ModuleCache.noindex/os_object-2758PO7LAOX6UMJPKISAZH9YU.pcm
Build And Test iOS App	Generate, build, and run implementation checks	2026-09-11T00:33:42.9050440Z 
Build And Test iOS App	Generate, build, and run implementation checks	2026-09-11T00:33:42.9050950Z SwiftExplicitDependencyGeneratePcm arm64 /Users/runner/Library/Developer/Xcode/DerivedData/ModuleCache.noindex/os_workgroup-BWFEHK3FDZ9DKOBII1N6WWDLI.pcm
Build And Test iOS App	Generate, build, and run implementation checks	2026-09-11T00:33:42.9051620Z 
Build And Test iOS App	Generate, build, and run implementation checks	2026-09-11T00:33:42.9052080Z SwiftExplicitDependencyGeneratePcm arm64 /Users/runner/Library/Developer/Xcode/DerivedData/ModuleCache.noindex/Dispatch-43L2DSGUH8RHE0QR4Q83CQF9C.pcm
Build And Test iOS App	Generate, build, and run implementation checks	2026-09-11T00:33:42.9052600Z 
Build And Test iOS App	Generate, build, and run implementation checks	2026-09-11T00:33:42.9053150Z SwiftExplicitDependencyGeneratePcm arm64 /Users/runner/Library/Developer/Xcode/DerivedData/ModuleCache.noindex/CoreFoundation-AJWFL3GD51D9IUVH2LV6D6HP2.pcm
Build And Test iOS App	Generate, build, and run implementation checks	2026-09-11T00:33:42.9053720Z 
Build And Test iOS App	Generate, build, and run implementation checks	2026-09-11T00:33:42.9054160Z SwiftExplicitDependencyGeneratePcm arm64 /Users/runner/Library/Developer/Xcode/DerivedData/ModuleCache.noindex/dnssd-EMZ5FTLAWBHNNLCX8V0L0GE69.pcm
Build And Test iOS App	Generate, build, and run implementation checks	2026-09-11T00:33:42.9054810Z 
Build And Test iOS App	Generate, build, and run implementation checks	2026-09-11T00:33:42.9055250Z SwiftExplicitDependencyGeneratePcm arm64 /Users/runner/Library/Developer/Xcode/DerivedData/ModuleCache.noindex/XPC-CPXSBW94ITF2WX3R678JNHCYF.pcm
Build And Test iOS App	Generate, build, and run implementation checks	2026-09-11T00:33:42.9056150Z 
Build And Test iOS App	Generate, build, and run implementation checks	2026-09-11T00:33:42.9056640Z SwiftExplicitDependencyGeneratePcm arm64 /Users/runner/Library/Developer/Xcode/DerivedData/ModuleCache.noindex/CoreGraphics-CTHKLL96U3DCYFOSTO6MXH930.pcm
Build And Test iOS App	Generate, build, and run implementation checks	2026-09-11T00:33:42.9057230Z 
Build And Test iOS App	Generate, build, and run implementation checks	2026-09-11T00:33:42.9057750Z SwiftExplicitDependencyGeneratePcm arm64 /Users/runner/Library/Developer/Xcode/DerivedData/ModuleCache.noindex/CFNetwork-ASE9SLVVXF6GUCM7S844D8K9C.pcm
Build And Test iOS App	Generate, build, and run implementation checks	2026-09-11T00:33:42.9058250Z 
Build And Test iOS App	Generate, build, and run implementation checks	2026-09-11T00:33:42.9058680Z SwiftExplicitDependencyGeneratePcm arm64 /Users/runner/Library/Developer/Xcode/DerivedData/ModuleCache.noindex/os-BDOG33IB6KQOBMDJOUNVF3T9M.pcm
Build And Test iOS App	Generate, build, and run implementation checks	2026-09-11T00:33:42.9059190Z 
Build And Test iOS App	Generate, build, and run implementation checks	2026-09-11T00:33:42.9059680Z SwiftExplicitDependencyGeneratePcm arm64 /Users/runner/Library/Developer/Xcode/DerivedData/ModuleCache.noindex/CoreAudioTypes-4LR6M65Z6YLB8E9JBZXJ6H09C.pcm
Build And Test iOS App	Generate, build, and run implementation checks	2026-09-11T00:33:42.9060300Z 
Build And Test iOS App	Generate, build, and run implementation checks	2026-09-11T00:33:42.9060740Z SwiftExplicitDependencyGeneratePcm arm64 /Users/runner/Library/Developer/Xcode/DerivedData/ModuleCache.noindex/ImageIO-6PBSX0EYTP8X400C9MG4LADUX.pcm
Build And Test iOS App	Generate, build, and run implementation checks	2026-09-11T00:33:42.9061280Z 
Build And Test iOS App	Generate, build, and run implementation checks	2026-09-11T00:33:42.9062120Z SwiftExplicitDependencyGeneratePcm arm64 /Users/runner/Library/Developer/Xcode/DerivedData/ModuleCache.noindex/CoreText-F58TJC839JZB2DJ01TC1Z4YHL.pcm
Build And Test iOS App	Generate, build, and run implementation checks	2026-09-11T00:33:42.9062650Z 
Build And Test iOS App	Generate, build, and run implementation checks	2026-09-11T00:33:42.9063170Z SwiftExplicitDependencyGeneratePcm arm64 /Users/runner/Library/Developer/Xcode/DerivedData/ModuleCache.noindex/CoreAudio-1JHUEYMCOMZUR5TXZ7EC9OWP5.pcm
Build And Test iOS App	Generate, build, and run implementation checks	2026-09-11T00:33:42.9063740Z 
Build And Test iOS App	Generate, build, and run implementation checks	2026-09-11T00:33:42.9064260Z SwiftExplicitDependencyGeneratePcm arm64 /Users/runner/Library/Developer/Xcode/DerivedData/ModuleCache.noindex/Security-54VT4O3II9P0ST7N8CF014ESH.pcm
Build And Test iOS App	Generate, build, and run implementation checks	2026-09-11T00:33:42.9064800Z 
Build And Test iOS App	Generate, build, and run implementation checks	2026-09-11T00:33:42.9065290Z SwiftExplicitDependencyGeneratePcm arm64 /Users/runner/Library/Developer/Xcode/DerivedData/ModuleCache.noindex/Foundation-7HFQENLCUQJQREKF9ZLJ50PC5.pcm
Build And Test iOS App	Generate, build, and run implementation checks	2026-09-11T00:33:42.9065890Z 
Build And Test iOS App	Generate, build, and run implementation checks	2026-09-11T00:33:42.9066370Z SwiftExplicitDependencyGeneratePcm arm64 /Users/runner/Library/Developer/Xcode/DerivedData/ModuleCache.noindex/OSLog-BP9Q4EAVMM7Y34WGM0BO48XTJ.pcm
Build And Test iOS App	Generate, build, and run implementation checks	2026-09-11T00:33:42.9066880Z 
Build And Test iOS App	Generate, build, and run implementation checks	2026-09-11T00:33:42.9067750Z SwiftExplicitDependencyGeneratePcm arm64 /Users/runner/Library/Developer/Xcode/DerivedData/ModuleCache.noindex/LocalAuthentication-6DBT0QH0OM2O917OUSW5190T5.pcm
Build And Test iOS App	Generate, build, and run implementation checks	2026-09-11T00:33:42.9068330Z 
Build And Test iOS App	Generate, build, and run implementation checks	2026-09-11T00:33:42.9068850Z SwiftExplicitDependencyGeneratePcm arm64 /Users/runner/Library/Developer/Xcode/DerivedData/ModuleCache.noindex/Symbols-D5QQG547RCDBUN3J9S5LKUM2S.pcm
Build And Test iOS App	Generate, build, and run implementation checks	2026-09-11T00:33:42.9069430Z 
Build And Test iOS App	Generate, build, and run implementation checks	2026-09-11T00:33:42.9069890Z SwiftExplicitDependencyGeneratePcm arm64 /Users/runner/Library/Developer/Xcode/DerivedData/ModuleCache.noindex/FileProvider-DV9JY4DMOYOUNB5ZGBVDL2JXP.pcm
Build And Test iOS App	Generate, build, and run implementation checks	2026-09-11T00:33:42.9071020Z 
Build And Test iOS App	Generate, build, and run implementation checks	2026-09-11T00:33:42.9071540Z SwiftExplicitDependencyGeneratePcm arm64 /Users/runner/Library/Developer/Xcode/DerivedData/ModuleCache.noindex/UserNotifications-5GKI6XQ86U8Q1TD2H7CXMXQDD.pcm
Build And Test iOS App	Generate, build, and run implementation checks	2026-09-11T00:33:42.9072360Z 
Build And Test iOS App	Generate, build, and run implementation checks	2026-09-11T00:33:42.9072880Z SwiftExplicitDependencyGeneratePcm arm64 /Users/runner/Library/Developer/Xcode/DerivedData/ModuleCache.noindex/CoreTransferable-5JEXE1NIWJVMJ3EYIBJBURR9K.pcm
Build And Test iOS App	Generate, build, and run implementation checks	2026-09-11T00:33:42.9073530Z 
Build And Test iOS App	Generate, build, and run implementation checks	2026-09-11T00:33:42.9074020Z SwiftExplicitDependencyGeneratePcm arm64 /Users/runner/Library/Developer/Xcode/DerivedData/ModuleCache.noindex/UIUtilities-202TAD0X89CDF4MKIHELUTP14.pcm
Build And Test iOS App	Generate, build, and run implementation checks	2026-09-11T00:33:42.9074960Z 
Build And Test iOS App	Generate, build, and run implementation checks	2026-09-11T00:33:42.9075560Z SwiftExplicitDependencyGeneratePcm arm64 /Users/runner/Library/Developer/Xcode/DerivedData/ModuleCache.noindex/DataDetection-1TMDP7GX8NWQVAM8USPT5JMD3.pcm
Build And Test iOS App	Generate, build, and run implementation checks	2026-09-11T00:33:42.9076120Z 
Build And Test iOS App	Generate, build, and run implementation checks	2026-09-11T00:33:42.9076710Z SwiftExplicitDependencyGeneratePcm arm64 /Users/runner/Library/Developer/Xcode/DerivedData/ModuleCache.noindex/OpenGLES-6KMO59LISEY5AL07BUBBCDPOH.pcm
Build And Test iOS App	Generate, build, and run implementation checks	2026-09-11T00:33:42.9077250Z 
Build And Test iOS App	Generate, build, and run implementation checks	2026-09-11T00:33:42.9078200Z SwiftExplicitDependencyGeneratePcm arm64 /Users/runner/Library/Developer/Xcode/DerivedData/ModuleCache.noindex/UniformTypeIdentifiers-2S1BDQTEKO5TI7VAWKY25YF5F.pcm
Build And Test iOS App	Generate, build, and run implementation checks	2026-09-11T00:33:42.9078740Z 
Build And Test iOS App	Generate, build, and run implementation checks	2026-09-11T00:33:42.9079310Z SwiftExplicitDependencyGeneratePcm arm64 /Users/runner/Library/Developer/Xcode/DerivedData/ModuleCache.noindex/Network-DEXPE07AE5VZXCGTBVE1AVZK0.pcm
Build And Test iOS App	Generate, build, and run implementation checks	2026-09-11T00:33:42.9079870Z 
Build And Test iOS App	Generate, build, and run implementation checks	2026-09-11T00:33:42.9080430Z SwiftExplicitDependencyGeneratePcm arm64 /Users/runner/Library/Developer/Xcode/DerivedData/ModuleCache.noindex/IOSurface-4C7FWRJH8NB3N52BUKSWZONAS.pcm
Build And Test iOS App	Generate, build, and run implementation checks	2026-09-11T00:33:42.9081050Z 
Build And Test iOS App	Generate, build, and run implementation checks	2026-09-11T00:33:42.9081600Z SwiftExplicitDependencyGeneratePcm arm64 /Users/runner/Library/Developer/Xcode/DerivedData/ModuleCache.noindex/Accessibility-6FG87DK9SPI4T0QHFCHM4NFZE.pcm
Build And Test iOS App	Generate, build, and run implementation checks	2026-09-11T00:33:42.9082890Z 
Build And Test iOS App	Generate, build, and run implementation checks	2026-09-11T00:33:42.9083370Z SwiftExplicitDependencyGeneratePcm arm64 /Users/runner/Library/Developer/Xcode/DerivedData/ModuleCache.noindex/AVRouting-7X01VG0PO9Z9KLVXFMAE6TCK3.pcm
Build And Test iOS App	Generate, build, and run implementation checks	2026-09-11T00:33:42.9083890Z 
Build And Test iOS App	Generate, build, and run implementation checks	2026-09-11T00:33:42.9084360Z SwiftExplicitDependencyGeneratePcm arm64 /Users/runner/Library/Developer/Xcode/DerivedData/ModuleCache.noindex/Metal-52IQ97TX69Z6C2TZ3UKJUJSXC.pcm
Build And Test iOS App	Generate, build, and run implementation checks	2026-09-11T00:33:42.9085000Z 
Build And Test iOS App	Generate, build, and run implementation checks	2026-09-11T00:33:42.9086080Z SwiftExplicitDependencyGeneratePcm arm64 /Users/runner/Library/Developer/Xcode/DerivedData/ModuleCache.noindex/CoreMIDI-SLA7BSRTVLMKU05GD72WRKK7.pcm
Build And Test iOS App	Generate, build, and run implementation checks	2026-09-11T00:33:42.9086610Z 
Build And Test iOS App	Generate, build, and run implementation checks	2026-09-11T00:33:42.9087070Z SwiftExplicitDependencyGeneratePcm arm64 /Users/runner/Library/Developer/Xcode/DerivedData/ModuleCache.noindex/AudioToolbox-9OOJFSBLQZAU69WU1612XHP5P.pcm
Build And Test iOS App	Generate, build, and run implementation checks	2026-09-11T00:33:42.9087600Z 
Build And Test iOS App	Generate, build, and run implementation checks	2026-09-11T00:33:42.9088460Z SwiftExplicitDependencyGeneratePcm arm64 /Users/runner/Library/Developer/Xcode/DerivedData/ModuleCache.noindex/CoreVideo-2QKOEU1UUQKSK5VD1NT1IIWO0.pcm
Build And Test iOS App	Generate, build, and run implementation checks	2026-09-11T00:33:42.9089000Z 
Build And Test iOS App	Generate, build, and run implementation checks	2026-09-11T00:33:42.9089610Z SwiftExplicitDependencyGeneratePcm arm64 /Users/runner/Library/Developer/Xcode/DerivedData/ModuleCache.noindex/QuartzCore-117MK44TAWGER1D783CQB3Y5I.pcm
Build And Test iOS App	Generate, build, and run implementation checks	2026-09-11T00:33:42.9090150Z 
Build And Test iOS App	Generate, build, and run implementation checks	2026-09-11T00:33:42.9090600Z SwiftExplicitDependencyGeneratePcm arm64 /Users/runner/Library/Developer/Xcode/DerivedData/ModuleCache.noindex/CoreMedia-CQOFBJH4HQAABC9JRQ4SM3BDN.pcm
Build And Test iOS App	Generate, build, and run implementation checks	2026-09-11T00:33:42.9091210Z 
Build And Test iOS App	Generate, build, and run implementation checks	2026-09-11T00:33:42.9091650Z SwiftExplicitDependencyGeneratePcm arm64 /Users/runner/Library/Developer/Xcode/DerivedData/ModuleCache.noindex/CoreImage-4X56MDIG2UE4ZR59NHN6BRBCR.pcm
Build And Test iOS App	Generate, build, and run implementation checks	2026-09-11T00:33:42.9092560Z 
Build And Test iOS App	Generate, build, and run implementation checks	2026-09-11T00:33:42.9093050Z SwiftExplicitDependencyGeneratePcm arm64 /Users/runner/Library/Developer/Xcode/DerivedData/ModuleCache.noindex/SwiftUICore-4TCNI7XKP1QKKP2VT2SUY7FI4.pcm
Build And Test iOS App	Generate, build, and run implementation checks	2026-09-11T00:33:42.9093580Z 
Build And Test iOS App	Generate, build, and run implementation checks	2026-09-11T00:33:42.9094110Z SwiftExplicitDependencyGeneratePcm arm64 /Users/runner/Library/Developer/Xcode/DerivedData/ModuleCache.noindex/AVFAudio-BICPTFD1PG4FGK70UAZUWZ5FY.pcm
Build And Test iOS App	Generate, build, and run implementation checks	2026-09-11T00:33:42.9094610Z 
Build And Test iOS App	Generate, build, and run implementation checks	2026-09-11T00:33:42.9095070Z SwiftExplicitDependencyGeneratePcm arm64 /Users/runner/Library/Developer/Xcode/DerivedData/ModuleCache.noindex/MediaToolbox-D15JSIH16ICZQB9LRA3H3QXCT.pcm
Build And Test iOS App	Generate, build, and run implementation checks	2026-09-11T00:33:42.9096700Z 
Build And Test iOS App	Generate, build, and run implementation checks	2026-09-11T00:33:42.9097190Z SwiftExplicitDependencyGeneratePcm arm64 /Users/runner/Library/Developer/Xcode/DerivedData/ModuleCache.noindex/UIKit-8RQC2X6V7NLLPT9V0L33T8DW2.pcm
Build And Test iOS App	Generate, build, and run implementation checks	2026-09-11T00:33:43.0998400Z 
Build And Test iOS App	Generate, build, and run implementation checks	2026-09-11T00:33:43.1001870Z SwiftExplicitDependencyGeneratePcm arm64 /Users/runner/Library/Developer/Xcode/DerivedData/ModuleCache.noindex/AVFoundation-6R2MUM0QI619M1TEWEHLEJDTW.pcm
Build And Test iOS App	Generate, build, and run implementation checks	2026-09-11T00:33:43.1003320Z 
Build And Test iOS App	Generate, build, and run implementation checks	2026-09-11T00:33:43.1004120Z LinkAssetCatalog /Users/runner/work/autobyteus-workspace/autobyteus-workspace/autobyteus-ios/AutoByteusMobile/Assets.xcassets (in target 'AutoByteusMobile' from project 'AutoByteusMobile')
Build And Test iOS App	Generate, build, and run implementation checks	2026-09-11T00:33:43.1005000Z     cd /Users/runner/work/autobyteus-workspace/autobyteus-workspace/autobyteus-ios
Build And Test iOS App	Generate, build, and run implementation checks	2026-09-11T00:33:43.1011190Z     builtin-linkAssetCatalog --thinned /Users/runner/Library/Developer/Xcode/DerivedData/AutoByteusMobile-cswwofbhrcnggmfwuxfpbtrwjhrw/Build/Intermediates.noindex/AutoByteusMobile.build/Debug-iphonesimulator/AutoByteusMobile.build/assetcatalog_output/thinned --thinned-dependencies /Users/runner/Library/Developer/Xcode/DerivedData/AutoByteusMobile-cswwofbhrcnggmfwuxfpbtrwjhrw/Build/Intermediates.noindex/AutoByteusMobile.build/Debug-iphonesimulator/AutoByteusMobile.build/assetcatalog_dependencies_thinned --thinned-info-plist-content /Users/runner/Library/Developer/Xcode/DerivedData/AutoByteusMobile-cswwofbhrcnggmfwuxfpbtrwjhrw/Build/Intermediates.noindex/AutoByteusMobile.build/Debug-iphonesimulator/AutoByteusMobile.build/assetcatalog_generated_info.plist_thinned --unthinned /Users/runner/Library/Developer/Xcode/DerivedData/AutoByteusMobile-cswwofbhrcnggmfwuxfpbtrwjhrw/Build/Intermediates.noindex/AutoByteusMobile.build/Debug-iphonesimulator/AutoByteusMobile.build/assetcatalog_output/unthinned --unthinned-dependencies /Users/runner/Library/Developer/Xcode/DerivedData/AutoByteusMobile-cswwofbhrcnggmfwuxfpbtrwjhrw/Build/Intermediates.noindex/AutoByteusMobile.build/Debug-iphonesimulator/AutoByteusMobile.build/assetcatalog_dependencies_unthinned --unthinned-info-plist-content /Users/runner/Library/Developer/Xcode/DerivedData/AutoByteusMobile-cswwofbhrcnggmfwuxfpbtrwjhrw/Build/Intermediates.noindex/AutoByteusMobile.build/Debug-iphonesimulator/AutoByteusMobile.build/assetcatalog_generated_info.plist_unthinned --output /Users/runner/Library/Developer/Xcode/DerivedData/AutoByteusMobile-cswwofbhrcnggmfwuxfpbtrwjhrw/Build/Products/Debug-iphonesimulator/AutoByteus.app --plist-output /Users/runner/Library/Developer/Xcode/DerivedData/AutoByteusMobile-cswwofbhrcnggmfwuxfpbtrwjhrw/Build/Intermediates.noindex/AutoByteusMobile.build/Debug-iphonesimulator/AutoByteusMobile.build/assetcatalog_generated_info.plist
Build And Test iOS App	Generate, build, and run implementation checks	2026-09-11T00:33:43.1018100Z note: Emplaced /Users/runner/Library/Developer/Xcode/DerivedData/AutoByteusMobile-cswwofbhrcnggmfwuxfpbtrwjhrw/Build/Products/Debug-iphonesimulator/AutoByteus.app/Assets.car (in target 'AutoByteusMobile' from project 'AutoByteusMobile')
Build And Test iOS App	Generate, build, and run implementation checks	2026-09-11T00:33:43.1020620Z note: Emplaced /Users/runner/Library/Developer/Xcode/DerivedData/AutoByteusMobile-cswwofbhrcnggmfwuxfpbtrwjhrw/Build/Products/Debug-iphonesimulator/AutoByteus.app/AppIcon76x76@2x~ipad.png (in target 'AutoByteusMobile' from project 'AutoByteusMobile')
Build And Test iOS App	Generate, build, and run implementation checks	2026-09-11T00:33:43.1022150Z note: Emplaced /Users/runner/Library/Developer/Xcode/DerivedData/AutoByteusMobile-cswwofbhrcnggmfwuxfpbtrwjhrw/Build/Products/Debug-iphonesimulator/AutoByteus.app/AppIcon60x60@2x.png (in target 'AutoByteusMobile' from project 'AutoByteusMobile')
Build And Test iOS App	Generate, build, and run implementation checks	2026-09-11T00:33:43.1022950Z 
Build And Test iOS App	Generate, build, and run implementation checks	2026-09-11T00:33:43.1023450Z SwiftExplicitDependencyGeneratePcm arm64 /Users/runner/Library/Developer/Xcode/DerivedData/ModuleCache.noindex/AuthenticationServices-DND0NGO69FXP6N4883QRFPLNG.pcm
Build And Test iOS App	Generate, build, and run implementation checks	2026-09-11T00:33:43.2282920Z 
Build And Test iOS App	Generate, build, and run implementation checks	2026-09-11T00:33:43.2283850Z SwiftExplicitDependencyGeneratePcm arm64 /Users/runner/Library/Developer/Xcode/DerivedData/ModuleCache.noindex/WebKit-ET57WEK4V6JCTQG39PVUON8RG.pcm
Build And Test iOS App	Generate, build, and run implementation checks	2026-09-11T00:33:43.2299480Z 
Build And Test iOS App	Generate, build, and run implementation checks	2026-09-11T00:33:43.2308120Z SwiftExplicitDependencyGeneratePcm arm64 /Users/runner/Library/Developer/Xcode/DerivedData/ModuleCache.noindex/SafariServices-ADE8DLCIO30Y41LZTC0MHQNYZ.pcm
Build And Test iOS App	Generate, build, and run implementation checks	2026-09-11T00:33:43.2309090Z 
Build And Test iOS App	Generate, build, and run implementation checks	2026-09-11T00:33:43.2309710Z SwiftEmitModule normal arm64 Emitting\ module\ for\ AutoByteus (in target 'AutoByteusMobile' from project 'AutoByteusMobile')
Build And Test iOS App	Generate, build, and run implementation checks	2026-09-11T00:33:43.2903350Z 
Build And Test iOS App	Generate, build, and run implementation checks	2026-09-11T00:33:43.3008280Z EmitSwiftModule normal arm64 (in target 'AutoByteusMobile' from project 'AutoByteusMobile')
Build And Test iOS App	Generate, build, and run implementation checks	2026-09-11T00:33:43.3133210Z     cd /Users/runner/work/autobyteus-workspace/autobyteus-workspace/autobyteus-ios
Build And Test iOS App	Generate, build, and run implementation checks	2026-09-11T00:33:43.3255660Z     
Build And Test iOS App	Generate, build, and run implementation checks	2026-09-11T00:33:43.5779590Z 
Build And Test iOS App	Generate, build, and run implementation checks	2026-09-11T00:33:43.5892560Z SwiftCompile normal arm64 Compiling\ SceneDelegate.swift,\ WebShellViewController.swift,\ GeneratedAssetSymbols.swift /Users/runner/work/autobyteus-workspace/autobyteus-workspace/autobyteus-ios/AutoByteusMobile/SceneDelegate.swift /Users/runner/work/autobyteus-workspace/autobyteus-workspace/autobyteus-ios/AutoByteusMobile/WebShellViewController.swift /Users/runner/Library/Developer/Xcode/DerivedData/AutoByteusMobile-cswwofbhrcnggmfwuxfpbtrwjhrw/Build/Intermediates.noindex/AutoByteusMobile.build/Debug-iphonesimulator/AutoByteusMobile.build/DerivedSources/GeneratedAssetSymbols.swift (in target 'AutoByteusMobile' from project 'AutoByteusMobile')
Build And Test iOS App	Generate, build, and run implementation checks	2026-09-11T00:33:43.5991270Z SwiftCompile normal arm64 /Users/runner/work/autobyteus-workspace/autobyteus-workspace/autobyteus-ios/AutoByteusMobile/SceneDelegate.swift (in target 'AutoByteusMobile' from project 'AutoByteusMobile')
Build And Test iOS App	Generate, build, and run implementation checks	2026-09-11T00:33:43.6092170Z     cd /Users/runner/work/autobyteus-workspace/autobyteus-workspace/autobyteus-ios
Build And Test iOS App	Generate, build, and run implementation checks	2026-09-11T00:33:43.6193560Z     
Build And Test iOS App	Generate, build, and run implementation checks	2026-09-11T00:33:43.9190090Z 
Build And Test iOS App	Generate, build, and run implementation checks	2026-09-11T00:33:43.9291950Z SwiftCompile normal arm64 /Users/runner/work/autobyteus-workspace/autobyteus-workspace/autobyteus-ios/AutoByteusMobile/WebShellViewController.swift (in target 'AutoByteusMobile' from project 'AutoByteusMobile')
Build And Test iOS App	Generate, build, and run implementation checks	2026-09-11T00:33:43.9392370Z     cd /Users/runner/work/autobyteus-workspace/autobyteus-workspace/autobyteus-ios
Build And Test iOS App	Generate, build, and run implementation checks	2026-09-11T00:33:43.9494110Z     
Build And Test iOS App	Generate, build, and run implementation checks	2026-09-11T00:33:43.9514000Z 
Build And Test iOS App	Generate, build, and run implementation checks	2026-09-11T00:33:43.9516130Z SwiftCompile normal arm64 /Users/runner/Library/Developer/Xcode/DerivedData/AutoByteusMobile-cswwofbhrcnggmfwuxfpbtrwjhrw/Build/Intermediates.noindex/AutoByteusMobile.build/Debug-iphonesimulator/AutoByteusMobile.build/DerivedSources/GeneratedAssetSymbols.swift (in target 'AutoByteusMobile' from project 'AutoByteusMobile')
Build And Test iOS App	Generate, build, and run implementation checks	2026-09-11T00:33:43.9578700Z     cd /Users/runner/work/autobyteus-workspace/autobyteus-workspace/autobyteus-ios
Build And Test iOS App	Generate, build, and run implementation checks	2026-09-11T00:33:43.9579850Z     
Build And Test iOS App	Generate, build, and run implementation checks	2026-09-11T00:33:43.9580170Z 
Build And Test iOS App	Generate, build, and run implementation checks	2026-09-11T00:33:43.9582020Z SwiftCompile normal arm64 Compiling\ AppDelegate.swift,\ AppShellCoordinator.swift,\ AutoByteusWebViewController.swift /Users/runner/work/autobyteus-workspace/autobyteus-workspace/autobyteus-ios/AutoByteusMobile/AppDelegate.swift /Users/runner/work/autobyteus-workspace/autobyteus-workspace/autobyteus-ios/AutoByteusMobile/AppShellCoordinator.swift /Users/runner/work/autobyteus-workspace/autobyteus-workspace/autobyteus-ios/AutoByteusMobile/AutoByteusWebViewController.swift (in target 'AutoByteusMobile' from project 'AutoByteusMobile')
Build And Test iOS App	Generate, build, and run implementation checks	2026-09-11T00:33:43.9584510Z SwiftCompile normal arm64 /Users/runner/work/autobyteus-workspace/autobyteus-workspace/autobyteus-ios/AutoByteusMobile/AppDelegate.swift (in target 'AutoByteusMobile' from project 'AutoByteusMobile')
Build And Test iOS App	Generate, build, and run implementation checks	2026-09-11T00:33:43.9585540Z     cd /Users/runner/work/autobyteus-workspace/autobyteus-workspace/autobyteus-ios
Build And Test iOS App	Generate, build, and run implementation checks	2026-09-11T00:33:43.9586120Z     
Build And Test iOS App	Generate, build, and run implementation checks	2026-09-11T00:33:44.6978690Z 
Build And Test iOS App	Generate, build, and run implementation checks	2026-09-11T00:33:44.7008550Z SwiftCompile normal arm64 /Users/runner/work/autobyteus-workspace/autobyteus-workspace/autobyteus-ios/AutoByteusMobile/AppShellCoordinator.swift (in target 'AutoByteusMobile' from project 'AutoByteusMobile')
Build And Test iOS App	Generate, build, and run implementation checks	2026-09-11T00:33:44.7025410Z     cd /Users/runner/work/autobyteus-workspace/autobyteus-workspace/autobyteus-ios
Build And Test iOS App	Generate, build, and run implementation checks	2026-09-11T00:33:44.7028290Z     
Build And Test iOS App	Generate, build, and run implementation checks	2026-09-11T00:33:44.7029010Z 
Build And Test iOS App	Generate, build, and run implementation checks	2026-09-11T00:33:44.7030930Z SwiftCompile normal arm64 /Users/runner/work/autobyteus-workspace/autobyteus-workspace/autobyteus-ios/AutoByteusMobile/AutoByteusWebViewController.swift (in target 'AutoByteusMobile' from project 'AutoByteusMobile')
Build And Test iOS App	Generate, build, and run implementation checks	2026-09-11T00:33:44.7034140Z     cd /Users/runner/work/autobyteus-workspace/autobyteus-workspace/autobyteus-ios
Build And Test iOS App	Generate, build, and run implementation checks	2026-09-11T00:33:44.7035450Z     
Build And Test iOS App	Generate, build, and run implementation checks	2026-09-11T00:33:44.7035980Z 
Build And Test iOS App	Generate, build, and run implementation checks	2026-09-11T00:33:44.7040820Z SwiftCompile normal arm64 Compiling\ ConnectionViewController.swift,\ ExternalActions.swift,\ QRCodeScannerViewController.swift /Users/runner/work/autobyteus-workspace/autobyteus-workspace/autobyteus-ios/AutoByteusMobile/ConnectionViewController.swift /Users/runner/work/autobyteus-workspace/autobyteus-workspace/autobyteus-ios/AutoByteusMobile/ExternalActions.swift /Users/runner/work/autobyteus-workspace/autobyteus-workspace/autobyteus-ios/AutoByteusMobile/QRCodeScannerViewController.swift (in target 'AutoByteusMobile' from project 'AutoByteusMobile')
Build And Test iOS App	Generate, build, and run implementation checks	2026-09-11T00:33:44.7048130Z SwiftCompile normal arm64 /Users/runner/work/autobyteus-workspace/autobyteus-workspace/autobyteus-ios/AutoByteusMobile/ConnectionViewController.swift (in target 'AutoByteusMobile' from project 'AutoByteusMobile')
Build And Test iOS App	Generate, build, and run implementation checks	2026-09-11T00:33:44.7050850Z     cd /Users/runner/work/autobyteus-workspace/autobyteus-workspace/autobyteus-ios
Build And Test iOS App	Generate, build, and run implementation checks	2026-09-11T00:33:44.7052250Z     
Build And Test iOS App	Generate, build, and run implementation checks	2026-09-11T00:33:45.2771500Z 
Build And Test iOS App	Generate, build, and run implementation checks	2026-09-11T00:33:45.2773790Z SwiftCompile normal arm64 /Users/runner/work/autobyteus-workspace/autobyteus-workspace/autobyteus-ios/AutoByteusMobile/ExternalActions.swift (in target 'AutoByteusMobile' from project 'AutoByteusMobile')
Build And Test iOS App	Generate, build, and run implementation checks	2026-09-11T00:33:45.2780450Z     cd /Users/runner/work/autobyteus-workspace/autobyteus-workspace/autobyteus-ios
Build And Test iOS App	Generate, build, and run implementation checks	2026-09-11T00:33:45.2781230Z     
Build And Test iOS App	Generate, build, and run implementation checks	2026-09-11T00:33:45.2782320Z 
Build And Test iOS App	Generate, build, and run implementation checks	2026-09-11T00:33:45.2784900Z SwiftCompile normal arm64 /Users/runner/work/autobyteus-workspace/autobyteus-workspace/autobyteus-ios/AutoByteusMobile/QRCodeScannerViewController.swift (in target 'AutoByteusMobile' from project 'AutoByteusMobile')
Build And Test iOS App	Generate, build, and run implementation checks	2026-09-11T00:33:45.2786130Z     cd /Users/runner/work/autobyteus-workspace/autobyteus-workspace/autobyteus-ios
Build And Test iOS App	Generate, build, and run implementation checks	2026-09-11T00:33:45.2786800Z     
Build And Test iOS App	Generate, build, and run implementation checks	2026-09-11T00:33:45.2787090Z 
Build And Test iOS App	Generate, build, and run implementation checks	2026-09-11T00:33:45.3023160Z SwiftDriverJobDiscovery normal arm64 Emitting module for AutoByteus (in target 'AutoByteusMobile' from project 'AutoByteusMobile')
Build And Test iOS App	Generate, build, and run implementation checks	2026-09-11T00:33:45.3025950Z 
Build And Test iOS App	Generate, build, and run implementation checks	2026-09-11T00:33:45.3026620Z SwiftDriver\ Compilation\ Requirements AutoByteusMobile normal arm64 com.apple.xcode.tools.swift.compiler (in target 'AutoByteusMobile' from project 'AutoByteusMobile')
Build And Test iOS App	Generate, build, and run implementation checks	2026-09-11T00:33:45.3028460Z     cd /Users/runner/work/autobyteus-workspace/autobyteus-workspace/autobyteus-ios
Build And Test iOS App	Generate, build, and run implementation checks	2026-09-11T00:33:45.3049630Z     builtin-Swift-Compilation-Requirements -- /Applications/Xcode_26.3.app/Contents/Developer/Toolchains/XcodeDefault.xctoolchain/usr/bin/swiftc -module-name AutoByteus -Onone -enforce-exclusivity\=checked @/Users/runner/Library/Developer/Xcode/DerivedData/AutoByteusMobile-cswwofbhrcnggmfwuxfpbtrwjhrw/Build/Intermediates.noindex/AutoByteusMobile.build/Debug-iphonesimulator/AutoByteusMobile.build/Objects-normal/arm64/AutoByteus.SwiftFileList -DDEBUG -enable-bare-slash-regex -enable-experimental-feature DebugDescriptionMacro -sdk /Applications/Xcode_26.3.app/Contents/Developer/Platforms/iPhoneSimulator.platform/Developer/SDKs/iPhoneSimulator26.2.sdk -target arm64-apple-ios17.0-simulator -g -module-cache-path /Users/runner/Library/Developer/Xcode/DerivedData/ModuleCache.noindex -Xfrontend -serialize-debugging-options -enable-testing -index-store-path /Users/runner/Library/Developer/Xcode/DerivedData/AutoByteusMobile-cswwofbhrcnggmfwuxfpbtrwjhrw/Index.noindex/DataStore -Xcc -D_LIBCPP_HARDENING_MODE\=_LIBCPP_HARDENING_MODE_DEBUG -swift-version 5 -I /Users/runner/Library/Developer/Xcode/DerivedData/AutoByteusMobile-cswwofbhrcnggmfwuxfpbtrwjhrw/Build/Products/Debug-iphonesimulator -F /Users/runner/Library/Developer/Xcode/DerivedData/AutoByteusMobile-cswwofbhrcnggmfwuxfpbtrwjhrw/Build/Products/Debug-iphonesimulator -c -j3 -enable-batch-mode -incremental -Xcc -ivfsstatcache -Xcc /Users/runner/Library/Developer/Xcode/DerivedData/SDKStatCaches.noindex/iphonesimulator26.2-23C57-dc75598d0054f22ec865fa860f139d72e244bd9a5feaf902f95f61bf06266e52.sdkstatcache -output-file-map /Users/runner/Library/Developer/Xcode/DerivedData/AutoByteusMobile-cswwofbhrcnggmfwuxfpbtrwjhrw/Build/Intermediates.noindex/AutoByteusMobile.build/Debug-iphonesimulator/AutoByteusMobile.build/Objects-normal/arm64/AutoByteusMobile-OutputFileMap.json -use-frontend-parseable-output -save-temps -no-color-diagnostics -explicit-module-build -module-cache-path /Users/runner/Library/Developer/Xcode/DerivedData/AutoByteusMobile-cswwofbhrcnggmfwuxfpbtrwjhrw/Build/Intermediates.noindex/SwiftExplicitPrecompiledModules -clang-scanner-module-cache-path /Users/runner/Library/Developer/Xcode/DerivedData/ModuleCache.noindex -sdk-module-cache-path /Users/runner/Library/Developer/Xcode/DerivedData/ModuleCache.noindex -serialize-diagnostics -emit-dependencies -emit-module -emit-module-path /Users/runner/Library/Developer/Xcode/DerivedData/AutoByteusMobile-cswwofbhrcnggmfwuxfpbtrwjhrw/Build/Intermediates.noindex/AutoByteusMobile.build/Debug-iphonesimulator/AutoByteusMobile.build/Objects-normal/arm64/AutoByteus.swiftmodule -validate-clang-modules-once -clang-build-session-file /Users/runner/Library/Developer/Xcode/DerivedData/ModuleCache.noindex/Session.modulevalidation -Xcc -I/Users/runner/Library/Developer/Xcode/DerivedData/AutoByteusMobile-cswwofbhrcnggmfwuxfpbtrwjhrw/Build/Intermediates.noindex/AutoByteusMobile.build/Debug-iphonesimulator/AutoByteusMobile.build/swift-overrides.hmap -emit-const-values -Xfrontend -const-gather-protocols-file -Xfrontend /Users/runner/Library/Developer/Xcode/DerivedData/AutoByteusMobile-cswwofbhrcnggmfwuxfpbtrwjhrw/Build/Intermediates.noindex/AutoByteusMobile.build/Debug-iphonesimulator/AutoByteusMobile.build/Objects-normal/arm64/AutoByteusMobile_const_extract_protocols.json -Xcc -iquote -Xcc /Users/runner/Library/Developer/Xcode/DerivedData/AutoByteusMobile-cswwofbhrcnggmfwuxfpbtrwjhrw/Build/Intermediates.noindex/AutoByteusMobile.build/Debug-iphonesimulator/AutoByteusMobile.build/AutoByteus-generated-files.hmap -Xcc -I/Users/runner/Library/Developer/Xcode/DerivedData/AutoByteusMobile-cswwofbhrcnggmfwuxfpbtrwjhrw/Build/Intermediates.noindex/AutoByteusMobile.build/Debug-iphonesimulator/AutoByteusMobile.build/AutoByteus-own-target-headers.hmap -Xcc -I/Users/runner/Library/Developer/Xcode/DerivedData/AutoByteusMobile-cswwofbhrcnggmfwuxfpbtrwjhrw/Build/Intermediates.noindex/AutoByteusMobile.build/Debug-iphonesimulator/AutoByteusMobile.build/AutoByteus-all-non-framework-target-headers.hmap -Xcc -ivfsoverlay -Xcc /Users/runner/Library/Developer/Xcode/DerivedData/AutoByteusMobile-cswwofbhrcnggmfwuxfpbtrwjhrw/Build/Intermediates.noindex/AutoByteusMobile.build/Debug-iphonesimulator/AutoByteusMobile-d09bd929cb8c8855c839362787f87620-VFS-iphonesimulator/all-product-headers.yaml -Xcc -iquote -Xcc /Users/runner/Library/Developer/Xcode/DerivedData/AutoByteusMobile-cswwofbhrcnggmfwuxfpbtrwjhrw/Build/Intermediates.noindex/AutoByteusMobile.build/Debug-iphonesimulator/AutoByteusMobile.build/AutoByteus-project-headers.hmap -Xcc -I/Users/runner/Library/Developer/Xcode/DerivedData/AutoByteusMobile-cswwofbhrcnggmfwuxfpbtrwjhrw/Build/Products/Debug-iphonesimulator/include -Xcc -I/Users/runner/Library/Developer/Xcode/DerivedData/AutoByteusMobile-cswwofbhrcnggmfwuxfpbtrwjhrw/Build/Intermediates.noindex/AutoByteusMobile.build/Debug-iphonesimulator/AutoByteusMobile.build/DerivedSources-normal/arm64 -Xcc -I/Users/runner/Library/Developer/Xcode/DerivedData/AutoByteusMobile-cswwofbhrcnggmfwuxfpbtrwjhrw/Build/Intermediates.noindex/AutoByteusMobile.build/Debug-iphonesimulator/AutoByteusMobile.build/DerivedSources/arm64 -Xcc -I/Users/runner/Library/Developer/Xcode/DerivedData/AutoByteusMobile-cswwofbhrcnggmfwuxfpbtrwjhrw/Build/Intermediates.noindex/AutoByteusMobile.build/Debug-iphonesimulator/AutoByteusMobile.build/DerivedSources -Xcc -DDEBUG\=1 -emit-objc-header -emit-objc-header-path /Users/runner/Library/Developer/Xcode/DerivedData/AutoByteusMobile-cswwofbhrcnggmfwuxfpbtrwjhrw/Build/Intermediates.noindex/AutoByteusMobile.build/Debug-iphonesimulator/AutoByteusMobile.build/Objects-normal/arm64/AutoByteus-Swift.h -working-directory /Users/runner/work/autobyteus-workspace/autobyteus-workspace/autobyteus-ios -experimental-emit-module-separately -disable-cmo
Build And Test iOS App	Generate, build, and run implementation checks	2026-09-11T00:33:45.3074190Z 
Build And Test iOS App	Generate, build, and run implementation checks	2026-09-11T00:33:45.3074920Z SwiftDriverJobDiscovery normal arm64 Compiling SceneDelegate.swift, WebShellViewController.swift, GeneratedAssetSymbols.swift (in target 'AutoByteusMobile' from project 'AutoByteusMobile')
Build And Test iOS App	Generate, build, and run implementation checks	2026-09-11T00:33:45.3075610Z 
Build And Test iOS App	Generate, build, and run implementation checks	2026-09-11T00:33:45.3078440Z SwiftMergeGeneratedHeaders /Users/runner/Library/Developer/Xcode/DerivedData/AutoByteusMobile-cswwofbhrcnggmfwuxfpbtrwjhrw/Build/Intermediates.noindex/AutoByteusMobile.build/Debug-iphonesimulator/AutoByteusMobile.build/DerivedSources/AutoByteus-Swift.h /Users/runner/Library/Developer/Xcode/DerivedData/AutoByteusMobile-cswwofbhrcnggmfwuxfpbtrwjhrw/Build/Intermediates.noindex/AutoByteusMobile.build/Debug-iphonesimulator/AutoByteusMobile.build/Objects-normal/arm64/AutoByteus-Swift.h (in target 'AutoByteusMobile' from project 'AutoByteusMobile')
Build And Test iOS App	Generate, build, and run implementation checks	2026-09-11T00:33:45.3080860Z     cd /Users/runner/work/autobyteus-workspace/autobyteus-workspace/autobyteus-ios
Build And Test iOS App	Generate, build, and run implementation checks	2026-09-11T00:33:45.3082880Z     builtin-swiftHeaderTool -arch arm64 /Users/runner/Library/Developer/Xcode/DerivedData/AutoByteusMobile-cswwofbhrcnggmfwuxfpbtrwjhrw/Build/Intermediates.noindex/AutoByteusMobile.build/Debug-iphonesimulator/AutoByteusMobile.build/Objects-normal/arm64/AutoByteus-Swift.h -o /Users/runner/Library/Developer/Xcode/DerivedData/AutoByteusMobile-cswwofbhrcnggmfwuxfpbtrwjhrw/Build/Intermediates.noindex/AutoByteusMobile.build/Debug-iphonesimulator/AutoByteusMobile.build/DerivedSources/AutoByteus-Swift.h
Build And Test iOS App	Generate, build, and run implementation checks	2026-09-11T00:33:45.3085040Z 
Build And Test iOS App	Generate, build, and run implementation checks	2026-09-11T00:33:45.3086640Z Copy /Users/runner/Library/Developer/Xcode/DerivedData/AutoByteusMobile-cswwofbhrcnggmfwuxfpbtrwjhrw/Build/Products/Debug-iphonesimulator/AutoByteus.swiftmodule/arm64-apple-ios-simulator.swiftmodule /Users/runner/Library/Developer/Xcode/DerivedData/AutoByteusMobile-cswwofbhrcnggmfwuxfpbtrwjhrw/Build/Intermediates.noindex/AutoByteusMobile.build/Debug-iphonesimulator/AutoByteusMobile.build/Objects-normal/arm64/AutoByteus.swiftmodule (in target 'AutoByteusMobile' from project 'AutoByteusMobile')
Build And Test iOS App	Generate, build, and run implementation checks	2026-09-11T00:33:45.3088630Z     cd /Users/runner/work/autobyteus-workspace/autobyteus-workspace/autobyteus-ios
Build And Test iOS App	Generate, build, and run implementation checks	2026-09-11T00:33:45.3090980Z     builtin-copy -exclude .DS_Store -exclude CVS -exclude .svn -exclude .git -exclude .hg -resolve-src-symlinks -rename /Users/runner/Library/Developer/Xcode/DerivedData/AutoByteusMobile-cswwofbhrcnggmfwuxfpbtrwjhrw/Build/Intermediates.noindex/AutoByteusMobile.build/Debug-iphonesimulator/AutoByteusMobile.build/Objects-normal/arm64/AutoByteus.swiftmodule /Users/runner/Library/Developer/Xcode/DerivedData/AutoByteusMobile-cswwofbhrcnggmfwuxfpbtrwjhrw/Build/Products/Debug-iphonesimulator/AutoByteus.swiftmodule/arm64-apple-ios-simulator.swiftmodule
Build And Test iOS App	Generate, build, and run implementation checks	2026-09-11T00:33:45.3094640Z 
Build And Test iOS App	Generate, build, and run implementation checks	2026-09-11T00:33:45.3097740Z Copy /Users/runner/Library/Developer/Xcode/DerivedData/AutoByteusMobile-cswwofbhrcnggmfwuxfpbtrwjhrw/Build/Products/Debug-iphonesimulator/AutoByteus.swiftmodule/arm64-apple-ios-simulator.swiftdoc /Users/runner/Library/Developer/Xcode/DerivedData/AutoByteusMobile-cswwofbhrcnggmfwuxfpbtrwjhrw/Build/Intermediates.noindex/AutoByteusMobile.build/Debug-iphonesimulator/AutoByteusMobile.build/Objects-normal/arm64/AutoByteus.swiftdoc (in target 'AutoByteusMobile' from project 'AutoByteusMobile')
Build And Test iOS App	Generate, build, and run implementation checks	2026-09-11T00:33:45.3099640Z     cd /Users/runner/work/autobyteus-workspace/autobyteus-workspace/autobyteus-ios
Build And Test iOS App	Generate, build, and run implementation checks	2026-09-11T00:33:45.3101980Z     builtin-copy -exclude .DS_Store -exclude CVS -exclude .svn -exclude .git -exclude .hg -resolve-src-symlinks -rename /Users/runner/Library/Developer/Xcode/DerivedData/AutoByteusMobile-cswwofbhrcnggmfwuxfpbtrwjhrw/Build/Intermediates.noindex/AutoByteusMobile.build/Debug-iphonesimulator/AutoByteusMobile.build/Objects-normal/arm64/AutoByteus.swiftdoc /Users/runner/Library/Developer/Xcode/DerivedData/AutoByteusMobile-cswwofbhrcnggmfwuxfpbtrwjhrw/Build/Products/Debug-iphonesimulator/AutoByteus.swiftmodule/arm64-apple-ios-simulator.swiftdoc
Build And Test iOS App	Generate, build, and run implementation checks	2026-09-11T00:33:45.3104290Z 
Build And Test iOS App	Generate, build, and run implementation checks	2026-09-11T00:33:45.3106110Z Copy /Users/runner/Library/Developer/Xcode/DerivedData/AutoByteusMobile-cswwofbhrcnggmfwuxfpbtrwjhrw/Build/Products/Debug-iphonesimulator/AutoByteus.swiftmodule/arm64-apple-ios-simulator.abi.json /Users/runner/Library/Developer/Xcode/DerivedData/AutoByteusMobile-cswwofbhrcnggmfwuxfpbtrwjhrw/Build/Intermediates.noindex/AutoByteusMobile.build/Debug-iphonesimulator/AutoByteusMobile.build/Objects-normal/arm64/AutoByteus.abi.json (in target 'AutoByteusMobile' from project 'AutoByteusMobile')
Build And Test iOS App	Generate, build, and run implementation checks	2026-09-11T00:33:45.3108520Z     cd /Users/runner/work/autobyteus-workspace/autobyteus-workspace/autobyteus-ios
Build And Test iOS App	Generate, build, and run implementation checks	2026-09-11T00:33:45.3110900Z     builtin-copy -exclude .DS_Store -exclude CVS -exclude .svn -exclude .git -exclude .hg -resolve-src-symlinks -rename /Users/runner/Library/Developer/Xcode/DerivedData/AutoByteusMobile-cswwofbhrcnggmfwuxfpbtrwjhrw/Build/Intermediates.noindex/AutoByteusMobile.build/Debug-iphonesimulator/AutoByteusMobile.build/Objects-normal/arm64/AutoByteus.abi.json /Users/runner/Library/Developer/Xcode/DerivedData/AutoByteusMobile-cswwofbhrcnggmfwuxfpbtrwjhrw/Build/Products/Debug-iphonesimulator/AutoByteus.swiftmodule/arm64-apple-ios-simulator.abi.json
Build And Test iOS App	Generate, build, and run implementation checks	2026-09-11T00:33:45.3113150Z 
Build And Test iOS App	Generate, build, and run implementation checks	2026-09-11T00:33:45.3114790Z Copy /Users/runner/Library/Developer/Xcode/DerivedData/AutoByteusMobile-cswwofbhrcnggmfwuxfpbtrwjhrw/Build/Products/Debug-iphonesimulator/AutoByteus.swiftmodule/Project/arm64-apple-ios-simulator.swiftsourceinfo /Users/runner/Library/Developer/Xcode/DerivedData/AutoByteusMobile-cswwofbhrcnggmfwuxfpbtrwjhrw/Build/Intermediates.noindex/AutoByteusMobile.build/Debug-iphonesimulator/AutoByteusMobile.build/Objects-normal/arm64/AutoByteus.swiftsourceinfo (in target 'AutoByteusMobile' from project 'AutoByteusMobile')
Build And Test iOS App	Generate, build, and run implementation checks	2026-09-11T00:33:45.3116710Z     cd /Users/runner/work/autobyteus-workspace/autobyteus-workspace/autobyteus-ios
Build And Test iOS App	Generate, build, and run implementation checks	2026-09-11T00:33:45.3118830Z     builtin-copy -exclude .DS_Store -exclude CVS -exclude .svn -exclude .git -exclude .hg -resolve-src-symlinks -rename /Users/runner/Library/Developer/Xcode/DerivedData/AutoByteusMobile-cswwofbhrcnggmfwuxfpbtrwjhrw/Build/Intermediates.noindex/AutoByteusMobile.build/Debug-iphonesimulator/AutoByteusMobile.build/Objects-normal/arm64/AutoByteus.swiftsourceinfo /Users/runner/Library/Developer/Xcode/DerivedData/AutoByteusMobile-cswwofbhrcnggmfwuxfpbtrwjhrw/Build/Products/Debug-iphonesimulator/AutoByteus.swiftmodule/Project/arm64-apple-ios-simulator.swiftsourceinfo
Build And Test iOS App	Generate, build, and run implementation checks	2026-09-11T00:33:45.3120680Z 
Build And Test iOS App	Generate, build, and run implementation checks	2026-09-11T00:33:45.3121360Z SwiftDriverJobDiscovery normal arm64 Compiling AppDelegate.swift, AppShellCoordinator.swift, AutoByteusWebViewController.swift (in target 'AutoByteusMobile' from project 'AutoByteusMobile')
Build And Test iOS App	Generate, build, and run implementation checks	2026-09-11T00:33:45.3122060Z 
Build And Test iOS App	Generate, build, and run implementation checks	2026-09-11T00:33:45.3122640Z SwiftDriverJobDiscovery normal arm64 Compiling ConnectionViewController.swift, ExternalActions.swift, QRCodeScannerViewController.swift (in target 'AutoByteusMobile' from project 'AutoByteusMobile')
Build And Test iOS App	Generate, build, and run implementation checks	2026-09-11T00:33:45.3130920Z 
Build And Test iOS App	Generate, build, and run implementation checks	2026-09-11T00:33:45.3133060Z SwiftDriver\ Compilation AutoByteusMobile normal arm64 com.apple.xcode.tools.swift.compiler (in target 'AutoByteusMobile' from project 'AutoByteusMobile')
Build And Test iOS App	Generate, build, and run implementation checks	2026-09-11T00:33:45.3134370Z     cd /Users/runner/work/autobyteus-workspace/autobyteus-workspace/autobyteus-ios
Build And Test iOS App	Generate, build, and run implementation checks	2026-09-11T00:33:45.3153820Z     builtin-Swift-Compilation -- /Applications/Xcode_26.3.app/Contents/Developer/Toolchains/XcodeDefault.xctoolchain/usr/bin/swiftc -module-name AutoByteus -Onone -enforce-exclusivity\=checked @/Users/runner/Library/Developer/Xcode/DerivedData/AutoByteusMobile-cswwofbhrcnggmfwuxfpbtrwjhrw/Build/Intermediates.noindex/AutoByteusMobile.build/Debug-iphonesimulator/AutoByteusMobile.build/Objects-normal/arm64/AutoByteus.SwiftFileList -DDEBUG -enable-bare-slash-regex -enable-experimental-feature DebugDescriptionMacro -sdk /Applications/Xcode_26.3.app/Contents/Developer/Platforms/iPhoneSimulator.platform/Developer/SDKs/iPhoneSimulator26.2.sdk -target arm64-apple-ios17.0-simulator -g -module-cache-path /Users/runner/Library/Developer/Xcode/DerivedData/ModuleCache.noindex -Xfrontend -serialize-debugging-options -enable-testing -index-store-path /Users/runner/Library/Developer/Xcode/DerivedData/AutoByteusMobile-cswwofbhrcnggmfwuxfpbtrwjhrw/Index.noindex/DataStore -Xcc -D_LIBCPP_HARDENING_MODE\=_LIBCPP_HARDENING_MODE_DEBUG -swift-version 5 -I /Users/runner/Library/Developer/Xcode/DerivedData/AutoByteusMobile-cswwofbhrcnggmfwuxfpbtrwjhrw/Build/Products/Debug-iphonesimulator -F /Users/runner/Library/Developer/Xcode/DerivedData/AutoByteusMobile-cswwofbhrcnggmfwuxfpbtrwjhrw/Build/Products/Debug-iphonesimulator -c -j3 -enable-batch-mode -incremental -Xcc -ivfsstatcache -Xcc /Users/runner/Library/Developer/Xcode/DerivedData/SDKStatCaches.noindex/iphonesimulator26.2-23C57-dc75598d0054f22ec865fa860f139d72e244bd9a5feaf902f95f61bf06266e52.sdkstatcache -output-file-map /Users/runner/Library/Developer/Xcode/DerivedData/AutoByteusMobile-cswwofbhrcnggmfwuxfpbtrwjhrw/Build/Intermediates.noindex/AutoByteusMobile.build/Debug-iphonesimulator/AutoByteusMobile.build/Objects-normal/arm64/AutoByteusMobile-OutputFileMap.json -use-frontend-parseable-output -save-temps -no-color-diagnostics -explicit-module-build -module-cache-path /Users/runner/Library/Developer/Xcode/DerivedData/AutoByteusMobile-cswwofbhrcnggmfwuxfpbtrwjhrw/Build/Intermediates.noindex/SwiftExplicitPrecompiledModules -clang-scanner-module-cache-path /Users/runner/Library/Developer/Xcode/DerivedData/ModuleCache.noindex -sdk-module-cache-path /Users/runner/Library/Developer/Xcode/DerivedData/ModuleCache.noindex -serialize-diagnostics -emit-dependencies -emit-module -emit-module-path /Users/runner/Library/Developer/Xcode/DerivedData/AutoByteusMobile-cswwofbhrcnggmfwuxfpbtrwjhrw/Build/Intermediates.noindex/AutoByteusMobile.build/Debug-iphonesimulator/AutoByteusMobile.build/Objects-normal/arm64/AutoByteus.swiftmodule -validate-clang-modules-once -clang-build-session-file /Users/runner/Library/Developer/Xcode/DerivedData/ModuleCache.noindex/Session.modulevalidation -Xcc -I/Users/runner/Library/Developer/Xcode/DerivedData/AutoByteusMobile-cswwofbhrcnggmfwuxfpbtrwjhrw/Build/Intermediates.noindex/AutoByteusMobile.build/Debug-iphonesimulator/AutoByteusMobile.build/swift-overrides.hmap -emit-const-values -Xfrontend -const-gather-protocols-file -Xfrontend /Users/runner/Library/Developer/Xcode/DerivedData/AutoByteusMobile-cswwofbhrcnggmfwuxfpbtrwjhrw/Build/Intermediates.noindex/AutoByteusMobile.build/Debug-iphonesimulator/AutoByteusMobile.build/Objects-normal/arm64/AutoByteusMobile_const_extract_protocols.json -Xcc -iquote -Xcc /Users/runner/Library/Developer/Xcode/DerivedData/AutoByteusMobile-cswwofbhrcnggmfwuxfpbtrwjhrw/Build/Intermediates.noindex/AutoByteusMobile.build/Debug-iphonesimulator/AutoByteusMobile.build/AutoByteus-generated-files.hmap -Xcc -I/Users/runner/Library/Developer/Xcode/DerivedData/AutoByteusMobile-cswwofbhrcnggmfwuxfpbtrwjhrw/Build/Intermediates.noindex/AutoByteusMobile.build/Debug-iphonesimulator/AutoByteusMobile.build/AutoByteus-own-target-headers.hmap -Xcc -I/Users/runner/Library/Developer/Xcode/DerivedData/AutoByteusMobile-cswwofbhrcnggmfwuxfpbtrwjhrw/Build/Intermediates.noindex/AutoByteusMobile.build/Debug-iphonesimulator/AutoByteusMobile.build/AutoByteus-all-non-framework-target-headers.hmap -Xcc -ivfsoverlay -Xcc /Users/runner/Library/Developer/Xcode/DerivedData/AutoByteusMobile-cswwofbhrcnggmfwuxfpbtrwjhrw/Build/Intermediates.noindex/AutoByteusMobile.build/Debug-iphonesimulator/AutoByteusMobile-d09bd929cb8c8855c839362787f87620-VFS-iphonesimulator/all-product-headers.yaml -Xcc -iquote -Xcc /Users/runner/Library/Developer/Xcode/DerivedData/AutoByteusMobile-cswwofbhrcnggmfwuxfpbtrwjhrw/Build/Intermediates.noindex/AutoByteusMobile.build/Debug-iphonesimulator/AutoByteusMobile.build/AutoByteus-project-headers.hmap -Xcc -I/Users/runner/Library/Developer/Xcode/DerivedData/AutoByteusMobile-cswwofbhrcnggmfwuxfpbtrwjhrw/Build/Products/Debug-iphonesimulator/include -Xcc -I/Users/runner/Library/Developer/Xcode/DerivedData/AutoByteusMobile-cswwofbhrcnggmfwuxfpbtrwjhrw/Build/Intermediates.noindex/AutoByteusMobile.build/Debug-iphonesimulator/AutoByteusMobile.build/DerivedSources-normal/arm64 -Xcc -I/Users/runner/Library/Developer/Xcode/DerivedData/AutoByteusMobile-cswwofbhrcnggmfwuxfpbtrwjhrw/Build/Intermediates.noindex/AutoByteusMobile.build/Debug-iphonesimulator/AutoByteusMobile.build/DerivedSources/arm64 -Xcc -I/Users/runner/Library/Developer/Xcode/DerivedData/AutoByteusMobile-cswwofbhrcnggmfwuxfpbtrwjhrw/Build/Intermediates.noindex/AutoByteusMobile.build/Debug-iphonesimulator/AutoByteusMobile.build/DerivedSources -Xcc -DDEBUG\=1 -emit-objc-header -emit-objc-header-path /Users/runner/Library/Developer/Xcode/DerivedData/AutoByteusMobile-cswwofbhrcnggmfwuxfpbtrwjhrw/Build/Intermediates.noindex/AutoByteusMobile.build/Debug-iphonesimulator/AutoByteusMobile.build/Objects-normal/arm64/AutoByteus-Swift.h -working-directory /Users/runner/work/autobyteus-workspace/autobyteus-workspace/autobyteus-ios -experimental-emit-module-separately -disable-cmo
Build And Test iOS App	Generate, build, and run implementation checks	2026-09-11T00:33:45.3173900Z 
Build And Test iOS App	Generate, build, and run implementation checks	2026-09-11T00:33:45.3174610Z Ld /Users/runner/Library/Developer/Xcode/DerivedData/AutoByteusMobile-cswwofbhrcnggmfwuxfpbtrwjhrw/Build/Products/Debug-iphonesimulator/AutoByteus.app/AutoByteus.debug.dylib normal (in target 'AutoByteusMobile' from project 'AutoByteusMobile')
Build And Test iOS App	Generate, build, and run implementation checks	2026-09-11T00:33:45.3175630Z     cd /Users/runner/work/autobyteus-workspace/autobyteus-workspace/autobyteus-ios
Build And Test iOS App	Generate, build, and run implementation checks	2026-09-11T00:33:45.3184810Z     /Applications/Xcode_26.3.app/Contents/Developer/Toolchains/XcodeDefault.xctoolchain/usr/bin/clang -Xlinker -reproducible -target arm64-apple-ios17.0-simulator -dynamiclib -isysroot /Applications/Xcode_26.3.app/Contents/Developer/Platforms/iPhoneSimulator.platform/Developer/SDKs/iPhoneSimulator26.2.sdk -O0 -L/Users/runner/Library/Developer/Xcode/DerivedData/AutoByteusMobile-cswwofbhrcnggmfwuxfpbtrwjhrw/Build/Intermediates.noindex/EagerLinkingTBDs/Debug-iphonesimulator -L/Users/runner/Library/Developer/Xcode/DerivedData/AutoByteusMobile-cswwofbhrcnggmfwuxfpbtrwjhrw/Build/Products/Debug-iphonesimulator -F/Users/runner/Library/Developer/Xcode/DerivedData/AutoByteusMobile-cswwofbhrcnggmfwuxfpbtrwjhrw/Build/Intermediates.noindex/EagerLinkingTBDs/Debug-iphonesimulator -F/Users/runner/Library/Developer/Xcode/DerivedData/AutoByteusMobile-cswwofbhrcnggmfwuxfpbtrwjhrw/Build/Products/Debug-iphonesimulator -filelist /Users/runner/Library/Developer/Xcode/DerivedData/AutoByteusMobile-cswwofbhrcnggmfwuxfpbtrwjhrw/Build/Intermediates.noindex/AutoByteusMobile.build/Debug-iphonesimulator/AutoByteusMobile.build/Objects-normal/arm64/AutoByteus.LinkFileList -install_name @rpath/AutoByteus.debug.dylib -Xlinker -rpath -Xlinker /usr/lib/swift -Xlinker -rpath -Xlinker @executable_path/Frameworks -dead_strip -Xlinker -object_path_lto -Xlinker /Users/runner/Library/Developer/Xcode/DerivedData/AutoByteusMobile-cswwofbhrcnggmfwuxfpbtrwjhrw/Build/Intermediates.noindex/AutoByteusMobile.build/Debug-iphonesimulator/AutoByteusMobile.build/Objects-normal/arm64/AutoByteus_lto.o -rdynamic -Xlinker -no_deduplicate -Xlinker -objc_abi_version -Xlinker 2 -Xlinker -dependency_info -Xlinker /Users/runner/Library/Developer/Xcode/DerivedData/AutoByteusMobile-cswwofbhrcnggmfwuxfpbtrwjhrw/Build/Intermediates.noindex/AutoByteusMobile.build/Debug-iphonesimulator/AutoByteusMobile.build/Objects-normal/arm64/AutoByteus_dependency_info.dat -fobjc-link-runtime -L/Applications/Xcode_26.3.app/Contents/Developer/Toolchains/XcodeDefault.xctoolchain/usr/lib/swift/iphonesimulator -L/usr/lib/swift -Xlinker -add_ast_path -Xlinker /Users/runner/Library/Developer/Xcode/DerivedData/AutoByteusMobile-cswwofbhrcnggmfwuxfpbtrwjhrw/Build/Intermediates.noindex/AutoByteusMobile.build/Debug-iphonesimulator/AutoByteusMobile.build/Objects-normal/arm64/AutoByteus.swiftmodule @/Users/runner/Library/Developer/Xcode/DerivedData/AutoByteusMobile-cswwofbhrcnggmfwuxfpbtrwjhrw/Build/Intermediates.noindex/AutoByteusMobile.build/Debug-iphonesimulator/AutoByteusMobile.build/Objects-normal/arm64/AutoByteus-linker-args.resp -Xlinker -alias -Xlinker _main -Xlinker ___debug_main_executable_dylib_entry_point -framework AutoByteusMobileCore -Xlinker -no_adhoc_codesign -o /Users/runner/Library/Developer/Xcode/DerivedData/AutoByteusMobile-cswwofbhrcnggmfwuxfpbtrwjhrw/Build/Products/Debug-iphonesimulator/AutoByteus.app/AutoByteus.debug.dylib
Build And Test iOS App	Generate, build, and run implementation checks	2026-09-11T00:33:45.6245470Z 
Build And Test iOS App	Generate, build, and run implementation checks	2026-09-11T00:33:45.6257390Z ConstructStubExecutorLinkFileList /Users/runner/Library/Developer/Xcode/DerivedData/AutoByteusMobile-cswwofbhrcnggmfwuxfpbtrwjhrw/Build/Intermediates.noindex/AutoByteusMobile.build/Debug-iphonesimulator/AutoByteusMobile.build/AutoByteus-ExecutorLinkFileList-normal-arm64.txt (in target 'AutoByteusMobile' from project 'AutoByteusMobile')
Build And Test iOS App	Generate, build, and run implementation checks	2026-09-11T00:33:45.6259480Z     cd /Users/runner/work/autobyteus-workspace/autobyteus-workspace/autobyteus-ios
Build And Test iOS App	Generate, build, and run implementation checks	2026-09-11T00:33:45.6264130Z     construct-stub-executor-link-file-list /Users/runner/Library/Developer/Xcode/DerivedData/AutoByteusMobile-cswwofbhrcnggmfwuxfpbtrwjhrw/Build/Products/Debug-iphonesimulator/AutoByteus.app/AutoByteus.debug.dylib /Applications/Xcode_26.3.app/Contents/Developer/Platforms/iPhoneSimulator.platform/Developer/usr/lib/libPreviewsJITStubExecutor_no_swift_entry_point.a /Applications/Xcode_26.3.app/Contents/Developer/Platforms/iPhoneSimulator.platform/Developer/usr/lib/libPreviewsJITStubExecutor.a --output /Users/runner/Library/Developer/Xcode/DerivedData/AutoByteusMobile-cswwofbhrcnggmfwuxfpbtrwjhrw/Build/Intermediates.noindex/AutoByteusMobile.build/Debug-iphonesimulator/AutoByteusMobile.build/AutoByteus-ExecutorLinkFileList-normal-arm64.txt
Build And Test iOS App	Generate, build, and run implementation checks	2026-09-11T00:33:45.6266720Z note: Using stub executor library with Swift entry point. (in target 'AutoByteusMobile' from project 'AutoByteusMobile')
Build And Test iOS App	Generate, build, and run implementation checks	2026-09-11T00:33:45.6269450Z 
Build And Test iOS App	Generate, build, and run implementation checks	2026-09-11T00:33:45.6270210Z Ld /Users/runner/Library/Developer/Xcode/DerivedData/AutoByteusMobile-cswwofbhrcnggmfwuxfpbtrwjhrw/Build/Products/Debug-iphonesimulator/AutoByteus.app/AutoByteus normal (in target 'AutoByteusMobile' from project 'AutoByteusMobile')
Build And Test iOS App	Generate, build, and run implementation checks	2026-09-11T00:33:45.6271860Z     cd /Users/runner/work/autobyteus-workspace/autobyteus-workspace/autobyteus-ios
Build And Test iOS App	Generate, build, and run implementation checks	2026-09-11T00:33:45.6279680Z     /Applications/Xcode_26.3.app/Contents/Developer/Toolchains/XcodeDefault.xctoolchain/usr/bin/clang -Xlinker -reproducible -target arm64-apple-ios17.0-simulator -isysroot /Applications/Xcode_26.3.app/Contents/Developer/Platforms/iPhoneSimulator.platform/Developer/SDKs/iPhoneSimulator26.2.sdk -O0 -L/Users/runner/Library/Developer/Xcode/DerivedData/AutoByteusMobile-cswwofbhrcnggmfwuxfpbtrwjhrw/Build/Products/Debug-iphonesimulator -F/Users/runner/Library/Developer/Xcode/DerivedData/AutoByteusMobile-cswwofbhrcnggmfwuxfpbtrwjhrw/Build/Products/Debug-iphonesimulator -Xlinker -rpath -Xlinker @executable_path -Xlinker -rpath -Xlinker @executable_path/Frameworks -rdynamic -Xlinker -no_deduplicate -Xlinker -objc_abi_version -Xlinker 2 -e ___debug_blank_executor_main -Xlinker -sectcreate -Xlinker __TEXT -Xlinker __debug_dylib -Xlinker /Users/runner/Library/Developer/Xcode/DerivedData/AutoByteusMobile-cswwofbhrcnggmfwuxfpbtrwjhrw/Build/Intermediates.noindex/AutoByteusMobile.build/Debug-iphonesimulator/AutoByteusMobile.build/AutoByteus-DebugDylibPath-normal-arm64.txt -Xlinker -sectcreate -Xlinker __TEXT -Xlinker __debug_instlnm -Xlinker /Users/runner/Library/Developer/Xcode/DerivedData/AutoByteusMobile-cswwofbhrcnggmfwuxfpbtrwjhrw/Build/Intermediates.noindex/AutoByteusMobile.build/Debug-iphonesimulator/AutoByteusMobile.build/AutoByteus-DebugDylibInstallName-normal-arm64.txt -Xlinker -filelist -Xlinker /Users/runner/Library/Developer/Xcode/DerivedData/AutoByteusMobile-cswwofbhrcnggmfwuxfpbtrwjhrw/Build/Intermediates.noindex/AutoByteusMobile.build/Debug-iphonesimulator/AutoByteusMobile.build/AutoByteus-ExecutorLinkFileList-normal-arm64.txt -Xlinker -sectcreate -Xlinker __TEXT -Xlinker __entitlements -Xlinker /Users/runner/Library/Developer/Xcode/DerivedData/AutoByteusMobile-cswwofbhrcnggmfwuxfpbtrwjhrw/Build/Intermediates.noindex/AutoByteusMobile.build/Debug-iphonesimulator/AutoByteusMobile.build/AutoByteus.app-Simulated.xcent -Xlinker -sectcreate -Xlinker __TEXT -Xlinker __ents_der -Xlinker /Users/runner/Library/Developer/Xcode/DerivedData/AutoByteusMobile-cswwofbhrcnggmfwuxfpbtrwjhrw/Build/Intermediates.noindex/AutoByteusMobile.build/Debug-iphonesimulator/AutoByteusMobile.build/AutoByteus.app-Simulated.xcent.der /Users/runner/Library/Developer/Xcode/DerivedData/AutoByteusMobile-cswwofbhrcnggmfwuxfpbtrwjhrw/Build/Products/Debug-iphonesimulator/AutoByteus.app/AutoByteus.debug.dylib -Xlinker -no_adhoc_codesign -o /Users/runner/Library/Developer/Xcode/DerivedData/AutoByteusMobile-cswwofbhrcnggmfwuxfpbtrwjhrw/Build/Products/Debug-iphonesimulator/AutoByteus.app/AutoByteus
Build And Test iOS App	Generate, build, and run implementation checks	2026-09-11T00:33:45.6553590Z 
Build And Test iOS App	Generate, build, and run implementation checks	2026-09-11T00:33:45.6558480Z Copy /Users/runner/Library/Developer/Xcode/DerivedData/AutoByteusMobile-cswwofbhrcnggmfwuxfpbtrwjhrw/Build/Products/Debug-iphonesimulator/AutoByteus.app/PlugIns/AutoByteus\ Share.appex /Users/runner/Library/Developer/Xcode/DerivedData/AutoByteusMobile-cswwofbhrcnggmfwuxfpbtrwjhrw/Build/Products/Debug-iphonesimulator/AutoByteus\ Share.appex (in target 'AutoByteusMobile' from project 'AutoByteusMobile')
Build And Test iOS App	Generate, build, and run implementation checks	2026-09-11T00:33:45.6560670Z     cd /Users/runner/work/autobyteus-workspace/autobyteus-workspace/autobyteus-ios
Build And Test iOS App	Generate, build, and run implementation checks	2026-09-11T00:33:45.6562790Z     builtin-copy -exclude .DS_Store -exclude CVS -exclude .svn -exclude .git -exclude .hg -exclude Headers -exclude PrivateHeaders -exclude Modules -exclude \*.tbd -resolve-src-symlinks -remove-static-executable /Users/runner/Library/Developer/Xcode/DerivedData/AutoByteusMobile-cswwofbhrcnggmfwuxfpbtrwjhrw/Build/Products/Debug-iphonesimulator/AutoByteus\ Share.appex /Users/runner/Library/Developer/Xcode/DerivedData/AutoByteusMobile-cswwofbhrcnggmfwuxfpbtrwjhrw/Build/Products/Debug-iphonesimulator/AutoByteus.app/PlugIns
Build And Test iOS App	Generate, build, and run implementation checks	2026-09-11T00:33:45.6601120Z 
Build And Test iOS App	Generate, build, and run implementation checks	2026-09-11T00:33:45.6606170Z Copy /Users/runner/Library/Developer/Xcode/DerivedData/AutoByteusMobile-cswwofbhrcnggmfwuxfpbtrwjhrw/Build/Products/Debug-iphonesimulator/AutoByteus.app/Frameworks/AutoByteusMobileCore.framework /Users/runner/Library/Developer/Xcode/DerivedData/AutoByteusMobile-cswwofbhrcnggmfwuxfpbtrwjhrw/Build/Products/Debug-iphonesimulator/AutoByteusMobileCore.framework (in target 'AutoByteusMobile' from project 'AutoByteusMobile')
Build And Test iOS App	Generate, build, and run implementation checks	2026-09-11T00:33:45.6611120Z     cd /Users/runner/work/autobyteus-workspace/autobyteus-workspace/autobyteus-ios
Build And Test iOS App	Generate, build, and run implementation checks	2026-09-11T00:33:45.6613240Z     builtin-copy -exclude .DS_Store -exclude CVS -exclude .svn -exclude .git -exclude .hg -exclude Headers -exclude PrivateHeaders -exclude Modules -exclude \*.tbd -resolve-src-symlinks -remove-static-executable /Users/runner/Library/Developer/Xcode/DerivedData/AutoByteusMobile-cswwofbhrcnggmfwuxfpbtrwjhrw/Build/Products/Debug-iphonesimulator/AutoByteusMobileCore.framework /Users/runner/Library/Developer/Xcode/DerivedData/AutoByteusMobile-cswwofbhrcnggmfwuxfpbtrwjhrw/Build/Products/Debug-iphonesimulator/AutoByteus.app/Frameworks
Build And Test iOS App	Generate, build, and run implementation checks	2026-09-11T00:33:45.6661060Z 
Build And Test iOS App	Generate, build, and run implementation checks	2026-09-11T00:33:45.6668940Z ProcessInfoPlistFile /Users/runner/Library/Developer/Xcode/DerivedData/AutoByteusMobile-cswwofbhrcnggmfwuxfpbtrwjhrw/Build/Products/Debug-iphonesimulator/AutoByteus.app/Info.plist /Users/runner/work/autobyteus-workspace/autobyteus-workspace/autobyteus-ios/AutoByteusMobile/Info.plist (in target 'AutoByteusMobile' from project 'AutoByteusMobile')
Build And Test iOS App	Generate, build, and run implementation checks	2026-09-11T00:33:45.6670470Z     cd /Users/runner/work/autobyteus-workspace/autobyteus-workspace/autobyteus-ios
Build And Test iOS App	Generate, build, and run implementation checks	2026-09-11T00:33:45.6681130Z     builtin-infoPlistUtility /Users/runner/work/autobyteus-workspace/autobyteus-workspace/autobyteus-ios/AutoByteusMobile/Info.plist -producttype com.apple.product-type.application -genpkginfo /Users/runner/Library/Developer/Xcode/DerivedData/AutoByteusMobile-cswwofbhrcnggmfwuxfpbtrwjhrw/Build/Products/Debug-iphonesimulator/AutoByteus.app/PkgInfo -expandbuildsettings -format binary -platform iphonesimulator -additionalcontentfile /Users/runner/Library/Developer/Xcode/DerivedData/AutoByteusMobile-cswwofbhrcnggmfwuxfpbtrwjhrw/Build/Intermediates.noindex/AutoByteusMobile.build/Debug-iphonesimulator/AutoByteusMobile.build/assetcatalog_generated_info.plist -scanforprivacyfile /Users/runner/Library/Developer/Xcode/DerivedData/AutoByteusMobile-cswwofbhrcnggmfwuxfpbtrwjhrw/Build/Products/Debug-iphonesimulator/AutoByteus.app/Frameworks/AutoByteusMobileCore.framework -scanforprivacyfile /Users/runner/Library/Developer/Xcode/DerivedData/AutoByteusMobile-cswwofbhrcnggmfwuxfpbtrwjhrw/Build/Products/Debug-iphonesimulator/AutoByteus.app/PlugIns/AutoByteus\ Share.appex -o /Users/runner/Library/Developer/Xcode/DerivedData/AutoByteusMobile-cswwofbhrcnggmfwuxfpbtrwjhrw/Build/Products/Debug-iphonesimulator/AutoByteus.app/Info.plist
Build And Test iOS App	Generate, build, and run implementation checks	2026-09-11T00:33:45.6803990Z 
Build And Test iOS App	Generate, build, and run implementation checks	2026-09-11T00:33:45.6806690Z CodeSign /Users/runner/Library/Developer/Xcode/DerivedData/AutoByteusMobile-cswwofbhrcnggmfwuxfpbtrwjhrw/Build/Products/Debug-iphonesimulator/AutoByteus.app/Frameworks/AutoByteusMobileCore.framework (in target 'AutoByteusMobile' from project 'AutoByteusMobile')
Build And Test iOS App	Generate, build, and run implementation checks	2026-09-11T00:33:45.6808030Z     cd /Users/runner/work/autobyteus-workspace/autobyteus-workspace/autobyteus-ios
Build And Test iOS App	Generate, build, and run implementation checks	2026-09-11T00:33:45.6808380Z     
Build And Test iOS App	Generate, build, and run implementation checks	2026-09-11T00:33:45.6808580Z     Signing Identity:     "Sign to Run Locally"
Build And Test iOS App	Generate, build, and run implementation checks	2026-09-11T00:33:45.6808820Z     
Build And Test iOS App	Generate, build, and run implementation checks	2026-09-11T00:33:45.6809940Z     /usr/bin/codesign --force --sign - --timestamp\=none --preserve-metadata\=identifier,entitlements,flags --generate-entitlement-der /Users/runner/Library/Developer/Xcode/DerivedData/AutoByteusMobile-cswwofbhrcnggmfwuxfpbtrwjhrw/Build/Products/Debug-iphonesimulator/AutoByteus.app/Frameworks/AutoByteusMobileCore.framework
Build And Test iOS App	Generate, build, and run implementation checks	2026-09-11T00:33:45.6888310Z /Users/runner/Library/Developer/Xcode/DerivedData/AutoByteusMobile-cswwofbhrcnggmfwuxfpbtrwjhrw/Build/Products/Debug-iphonesimulator/AutoByteus.app/Frameworks/AutoByteusMobileCore.framework: replacing existing signature
Build And Test iOS App	Generate, build, and run implementation checks	2026-09-11T00:33:45.6950300Z 
Build And Test iOS App	Generate, build, and run implementation checks	2026-09-11T00:33:45.6951110Z ExtractAppIntentsMetadata (in target 'AutoByteusMobile' from project 'AutoByteusMobile')
Build And Test iOS App	Generate, build, and run implementation checks	2026-09-11T00:33:45.6953980Z     cd /Users/runner/work/autobyteus-workspace/autobyteus-workspace/autobyteus-ios
Build And Test iOS App	Generate, build, and run implementation checks	2026-09-11T00:33:45.6967460Z     /Applications/Xcode_26.3.app/Contents/Developer/Toolchains/XcodeDefault.xctoolchain/usr/bin/appintentsmetadataprocessor --toolchain-dir /var/run/com.apple.security.cryptexd/mnt/com.apple.MobileAsset.MetalToolchain-v17.3.7003.10.eFrmP5/Metal.xctoolchain --module-name AutoByteus --sdk-root /Applications/Xcode_26.3.app/Contents/Developer/Platforms/iPhoneSimulator.platform/Developer/SDKs/iPhoneSimulator26.2.sdk --xcode-version 17C529 --platform-family iOS --deployment-target 17.0 --bundle-identifier org.autobyteus.mobile --output /Users/runner/Library/Developer/Xcode/DerivedData/AutoByteusMobile-cswwofbhrcnggmfwuxfpbtrwjhrw/Build/Products/Debug-iphonesimulator/AutoByteus.app --target-triple arm64-apple-ios17.0-simulator --binary-file /Users/runner/Library/Developer/Xcode/DerivedData/AutoByteusMobile-cswwofbhrcnggmfwuxfpbtrwjhrw/Build/Products/Debug-iphonesimulator/AutoByteus.app/AutoByteus --dependency-file /Users/runner/Library/Developer/Xcode/DerivedData/AutoByteusMobile-cswwofbhrcnggmfwuxfpbtrwjhrw/Build/Intermediates.noindex/AutoByteusMobile.build/Debug-iphonesimulator/AutoByteusMobile.build/Objects-normal/arm64/AutoByteus_dependency_info.dat --stringsdata-file /Users/runner/Library/Developer/Xcode/DerivedData/AutoByteusMobile-cswwofbhrcnggmfwuxfpbtrwjhrw/Build/Intermediates.noindex/AutoByteusMobile.build/Debug-iphonesimulator/AutoByteusMobile.build/Objects-normal/arm64/ExtractedAppShortcutsMetadata.stringsdata --source-file-list /Users/runner/Library/Developer/Xcode/DerivedData/AutoByteusMobile-cswwofbhrcnggmfwuxfpbtrwjhrw/Build/Intermediates.noindex/AutoByteusMobile.build/Debug-iphonesimulator/AutoByteusMobile.build/Objects-normal/arm64/AutoByteus.SwiftFileList --metadata-file-list /Users/runner/Library/Developer/Xcode/DerivedData/AutoByteusMobile-cswwofbhrcnggmfwuxfpbtrwjhrw/Build/Intermediates.noindex/AutoByteusMobile.build/Debug-iphonesimulator/AutoByteusMobile.build/AutoByteus.DependencyMetadataFileList --static-metadata-file-list /Users/runner/Library/Developer/Xcode/DerivedData/AutoByteusMobile-cswwofbhrcnggmfwuxfpbtrwjhrw/Build/Intermediates.noindex/AutoByteusMobile.build/Debug-iphonesimulator/AutoByteusMobile.build/AutoByteus.DependencyStaticMetadataFileList --swift-const-vals-list /Users/runner/Library/Developer/Xcode/DerivedData/AutoByteusMobile-cswwofbhrcnggmfwuxfpbtrwjhrw/Build/Intermediates.noindex/AutoByteusMobile.build/Debug-iphonesimulator/AutoByteusMobile.build/Objects-normal/arm64/AutoByteus.SwiftConstValuesFileList --compile-time-extraction --deployment-aware-processing --validate-assistant-intents --no-app-shortcuts-localization
Build And Test iOS App	Generate, build, and run implementation checks	2026-09-11T00:33:45.7368050Z 2026-09-11 00:33:45.732 appintentsmetadataprocessor[3689:14732] Starting appintentsmetadataprocessor export
Build And Test iOS App	Generate, build, and run implementation checks	2026-09-11T00:33:45.7384590Z 2026-09-11 00:33:45.734 appintentsmetadataprocessor[3689:14732] warning: Metadata extraction skipped. No AppIntents.framework dependency found.
Build And Test iOS App	Generate, build, and run implementation checks	2026-09-11T00:33:45.7418010Z 
Build And Test iOS App	Generate, build, and run implementation checks	2026-09-11T00:33:45.7432460Z CopySwiftLibs /Users/runner/Library/Developer/Xcode/DerivedData/AutoByteusMobile-cswwofbhrcnggmfwuxfpbtrwjhrw/Build/Products/Debug-iphonesimulator/AutoByteus.app (in target 'AutoByteusMobile' from project 'AutoByteusMobile')
Build And Test iOS App	Generate, build, and run implementation checks	2026-09-11T00:33:45.7434140Z     cd /Users/runner/work/autobyteus-workspace/autobyteus-workspace/autobyteus-ios
Build And Test iOS App	Generate, build, and run implementation checks	2026-09-11T00:33:45.7440310Z     builtin-swiftStdLibTool --copy --verbose --sign - --scan-executable /Users/runner/Library/Developer/Xcode/DerivedData/AutoByteusMobile-cswwofbhrcnggmfwuxfpbtrwjhrw/Build/Products/Debug-iphonesimulator/AutoByteus.app/AutoByteus.debug.dylib --scan-folder /Users/runner/Library/Developer/Xcode/DerivedData/AutoByteusMobile-cswwofbhrcnggmfwuxfpbtrwjhrw/Build/Products/Debug-iphonesimulator/AutoByteus.app/Frameworks --scan-folder /Users/runner/Library/Developer/Xcode/DerivedData/AutoByteusMobile-cswwofbhrcnggmfwuxfpbtrwjhrw/Build/Products/Debug-iphonesimulator/AutoByteus.app/PlugIns --scan-folder /Users/runner/Library/Developer/Xcode/DerivedData/AutoByteusMobile-cswwofbhrcnggmfwuxfpbtrwjhrw/Build/Products/Debug-iphonesimulator/AutoByteus.app/SystemExtensions --scan-folder /Users/runner/Library/Developer/Xcode/DerivedData/AutoByteusMobile-cswwofbhrcnggmfwuxfpbtrwjhrw/Build/Products/Debug-iphonesimulator/AutoByteus.app/Extensions --scan-folder /Users/runner/Library/Developer/Xcode/DerivedData/AutoByteusMobile-cswwofbhrcnggmfwuxfpbtrwjhrw/Build/Products/Debug-iphonesimulator/AutoByteusMobileCore.framework --platform iphonesimulator --toolchain /var/run/com.apple.security.cryptexd/mnt/com.apple.MobileAsset.MetalToolchain-v17.3.7003.10.eFrmP5/Metal.xctoolchain --toolchain /Applications/Xcode_26.3.app/Contents/Developer/Toolchains/XcodeDefault.xctoolchain --destination /Users/runner/Library/Developer/Xcode/DerivedData/AutoByteusMobile-cswwofbhrcnggmfwuxfpbtrwjhrw/Build/Products/Debug-iphonesimulator/AutoByteus.app/Frameworks --strip-bitcode --strip-bitcode-tool /Applications/Xcode_26.3.app/Contents/Developer/Toolchains/XcodeDefault.xctoolchain/usr/bin/bitcode_strip --emit-dependency-info /Users/runner/Library/Developer/Xcode/DerivedData/AutoByteusMobile-cswwofbhrcnggmfwuxfpbtrwjhrw/Build/Intermediates.noindex/AutoByteusMobile.build/Debug-iphonesimulator/AutoByteusMobile.build/SwiftStdLibToolInputDependencies.dep --filter-for-swift-os
Build And Test iOS App	Generate, build, and run implementation checks	2026-09-11T00:33:45.7448570Z 
Build And Test iOS App	Generate, build, and run implementation checks	2026-09-11T00:33:45.7448910Z AppIntentsSSUTraining (in target 'AutoByteusMobile' from project 'AutoByteusMobile')
Build And Test iOS App	Generate, build, and run implementation checks	2026-09-11T00:33:45.7449480Z     cd /Users/runner/work/autobyteus-workspace/autobyteus-workspace/autobyteus-ios
Build And Test iOS App	Generate, build, and run implementation checks	2026-09-11T00:33:45.7453270Z     /Applications/Xcode_26.3.app/Contents/Developer/Toolchains/XcodeDefault.xctoolchain/usr/bin/appintentsnltrainingprocessor --infoplist-path /Users/runner/Library/Developer/Xcode/DerivedData/AutoByteusMobile-cswwofbhrcnggmfwuxfpbtrwjhrw/Build/Products/Debug-iphonesimulator/AutoByteus.app/Info.plist --temp-dir-path /Users/runner/Library/Developer/Xcode/DerivedData/AutoByteusMobile-cswwofbhrcnggmfwuxfpbtrwjhrw/Build/Intermediates.noindex/AutoByteusMobile.build/Debug-iphonesimulator/AutoByteusMobile.build/ssu --bundle-id org.autobyteus.mobile --product-path /Users/runner/Library/Developer/Xcode/DerivedData/AutoByteusMobile-cswwofbhrcnggmfwuxfpbtrwjhrw/Build/Products/Debug-iphonesimulator/AutoByteus.app --extracted-metadata-path /Users/runner/Library/Developer/Xcode/DerivedData/AutoByteusMobile-cswwofbhrcnggmfwuxfpbtrwjhrw/Build/Products/Debug-iphonesimulator/AutoByteus.app/Metadata.appintents --metadata-file-list /Users/runner/Library/Developer/Xcode/DerivedData/AutoByteusMobile-cswwofbhrcnggmfwuxfpbtrwjhrw/Build/Intermediates.noindex/AutoByteusMobile.build/Debug-iphonesimulator/AutoByteusMobile.build/AutoByteus.DependencyMetadataFileList --archive-ssu-assets
Build And Test iOS App	Generate, build, and run implementation checks	2026-09-11T00:33:45.7562210Z 2026-09-11 00:33:45.754 appintentsnltrainingprocessor[3703:14758] Parsing options for appintentsnltrainingprocessor
Build And Test iOS App	Generate, build, and run implementation checks	2026-09-11T00:33:45.7564240Z 2026-09-11 00:33:45.755 appintentsnltrainingprocessor[3703:14758] No AppShortcuts found - Skipping.
Build And Test iOS App	Generate, build, and run implementation checks	2026-09-11T00:33:45.7564950Z 
Build And Test iOS App	Generate, build, and run implementation checks	2026-09-11T00:33:45.7572470Z CodeSign /Users/runner/Library/Developer/Xcode/DerivedData/AutoByteusMobile-cswwofbhrcnggmfwuxfpbtrwjhrw/Build/Products/Debug-iphonesimulator/AutoByteus.app/AutoByteus.debug.dylib (in target 'AutoByteusMobile' from project 'AutoByteusMobile')
Build And Test iOS App	Generate, build, and run implementation checks	2026-09-11T00:33:45.7573610Z     cd /Users/runner/work/autobyteus-workspace/autobyteus-workspace/autobyteus-ios
Build And Test iOS App	Generate, build, and run implementation checks	2026-09-11T00:33:45.7574010Z     
Build And Test iOS App	Generate, build, and run implementation checks	2026-09-11T00:33:45.7574820Z     Signing Identity:     "Sign to Run Locally"
Build And Test iOS App	Generate, build, and run implementation checks	2026-09-11T00:33:45.7575180Z     
Build And Test iOS App	Generate, build, and run implementation checks	2026-09-11T00:33:45.7576080Z     /usr/bin/codesign --force --sign - --timestamp\=none --generate-entitlement-der /Users/runner/Library/Developer/Xcode/DerivedData/AutoByteusMobile-cswwofbhrcnggmfwuxfpbtrwjhrw/Build/Products/Debug-iphonesimulator/AutoByteus.app/AutoByteus.debug.dylib
Build And Test iOS App	Generate, build, and run implementation checks	2026-09-11T00:33:45.7731550Z 
Build And Test iOS App	Generate, build, and run implementation checks	2026-09-11T00:33:45.7733410Z CodeSign /Users/runner/Library/Developer/Xcode/DerivedData/AutoByteusMobile-cswwofbhrcnggmfwuxfpbtrwjhrw/Build/Products/Debug-iphonesimulator/AutoByteus.app/__preview.dylib (in target 'AutoByteusMobile' from project 'AutoByteusMobile')
Build And Test iOS App	Generate, build, and run implementation checks	2026-09-11T00:33:45.7734700Z     cd /Users/runner/work/autobyteus-workspace/autobyteus-workspace/autobyteus-ios
Build And Test iOS App	Generate, build, and run implementation checks	2026-09-11T00:33:45.7735260Z     
Build And Test iOS App	Generate, build, and run implementation checks	2026-09-11T00:33:45.7735590Z     Signing Identity:     "Sign to Run Locally"
Build And Test iOS App	Generate, build, and run implementation checks	2026-09-11T00:33:45.7735910Z     
Build And Test iOS App	Generate, build, and run implementation checks	2026-09-11T00:33:45.7737030Z     /usr/bin/codesign --force --sign - --timestamp\=none --generate-entitlement-der /Users/runner/Library/Developer/Xcode/DerivedData/AutoByteusMobile-cswwofbhrcnggmfwuxfpbtrwjhrw/Build/Products/Debug-iphonesimulator/AutoByteus.app/__preview.dylib
Build And Test iOS App	Generate, build, and run implementation checks	2026-09-11T00:33:45.7867160Z 
Build And Test iOS App	Generate, build, and run implementation checks	2026-09-11T00:33:45.7870870Z CodeSign /Users/runner/Library/Developer/Xcode/DerivedData/AutoByteusMobile-cswwofbhrcnggmfwuxfpbtrwjhrw/Build/Products/Debug-iphonesimulator/AutoByteus.app (in target 'AutoByteusMobile' from project 'AutoByteusMobile')
Build And Test iOS App	Generate, build, and run implementation checks	2026-09-11T00:33:45.7871950Z     cd /Users/runner/work/autobyteus-workspace/autobyteus-workspace/autobyteus-ios
Build And Test iOS App	Generate, build, and run implementation checks	2026-09-11T00:33:45.7872840Z     
Build And Test iOS App	Generate, build, and run implementation checks	2026-09-11T00:33:45.7873820Z     Signing Identity:     "Sign to Run Locally"
Build And Test iOS App	Generate, build, and run implementation checks	2026-09-11T00:33:45.7874190Z     
Build And Test iOS App	Generate, build, and run implementation checks	2026-09-11T00:33:45.7875840Z     /usr/bin/codesign --force --sign - --entitlements /Users/runner/Library/Developer/Xcode/DerivedData/AutoByteusMobile-cswwofbhrcnggmfwuxfpbtrwjhrw/Build/Intermediates.noindex/AutoByteusMobile.build/Debug-iphonesimulator/AutoByteusMobile.build/AutoByteus.app.xcent --timestamp\=none --generate-entitlement-der /Users/runner/Library/Developer/Xcode/DerivedData/AutoByteusMobile-cswwofbhrcnggmfwuxfpbtrwjhrw/Build/Products/Debug-iphonesimulator/AutoByteus.app
Build And Test iOS App	Generate, build, and run implementation checks	2026-09-11T00:33:45.8037700Z 
Build And Test iOS App	Generate, build, and run implementation checks	2026-09-11T00:33:45.8044110Z ValidateEmbeddedBinary /Users/runner/Library/Developer/Xcode/DerivedData/AutoByteusMobile-cswwofbhrcnggmfwuxfpbtrwjhrw/Build/Products/Debug-iphonesimulator/AutoByteus.app/PlugIns/AutoByteus\ Share.appex (in target 'AutoByteusMobile' from project 'AutoByteusMobile')
Build And Test iOS App	Generate, build, and run implementation checks	2026-09-11T00:33:45.8052010Z     cd /Users/runner/work/autobyteus-workspace/autobyteus-workspace/autobyteus-ios
Build And Test iOS App	Generate, build, and run implementation checks	2026-09-11T00:33:45.8054490Z     /Applications/Xcode_26.3.app/Contents/Developer/usr/bin/embeddedBinaryValidationUtility /Users/runner/Library/Developer/Xcode/DerivedData/AutoByteusMobile-cswwofbhrcnggmfwuxfpbtrwjhrw/Build/Products/Debug-iphonesimulator/AutoByteus.app/PlugIns/AutoByteus\ Share.appex -signing-cert - -info-plist-path /Users/runner/Library/Developer/Xcode/DerivedData/AutoByteusMobile-cswwofbhrcnggmfwuxfpbtrwjhrw/Build/Products/Debug-iphonesimulator/AutoByteus.app/Info.plist
Build And Test iOS App	Generate, build, and run implementation checks	2026-09-11T00:33:46.7632240Z 
Build And Test iOS App	Generate, build, and run implementation checks	2026-09-11T00:33:46.7633460Z RegisterExecutionPolicyException /Users/runner/Library/Developer/Xcode/DerivedData/AutoByteusMobile-cswwofbhrcnggmfwuxfpbtrwjhrw/Build/Products/Debug-iphonesimulator/AutoByteus.app (in target 'AutoByteusMobile' from project 'AutoByteusMobile')
Build And Test iOS App	Generate, build, and run implementation checks	2026-09-11T00:33:46.7634590Z     cd /Users/runner/work/autobyteus-workspace/autobyteus-workspace/autobyteus-ios
Build And Test iOS App	Generate, build, and run implementation checks	2026-09-11T00:33:46.7635440Z     builtin-RegisterExecutionPolicyException /Users/runner/Library/Developer/Xcode/DerivedData/AutoByteusMobile-cswwofbhrcnggmfwuxfpbtrwjhrw/Build/Products/Debug-iphonesimulator/AutoByteus.app
Build And Test iOS App	Generate, build, and run implementation checks	2026-09-11T00:33:46.7636050Z 
Build And Test iOS App	Generate, build, and run implementation checks	2026-09-11T00:33:46.7636650Z Validate /Users/runner/Library/Developer/Xcode/DerivedData/AutoByteusMobile-cswwofbhrcnggmfwuxfpbtrwjhrw/Build/Products/Debug-iphonesimulator/AutoByteus.app (in target 'AutoByteusMobile' from project 'AutoByteusMobile')
Build And Test iOS App	Generate, build, and run implementation checks	2026-09-11T00:33:46.7637510Z     cd /Users/runner/work/autobyteus-workspace/autobyteus-workspace/autobyteus-ios
Build And Test iOS App	Generate, build, and run implementation checks	2026-09-11T00:33:46.7638400Z     builtin-validationUtility /Users/runner/Library/Developer/Xcode/DerivedData/AutoByteusMobile-cswwofbhrcnggmfwuxfpbtrwjhrw/Build/Products/Debug-iphonesimulator/AutoByteus.app -shallow-bundle -infoplist-subpath Info.plist
Build And Test iOS App	Generate, build, and run implementation checks	2026-09-11T00:33:46.7639080Z 
Build And Test iOS App	Generate, build, and run implementation checks	2026-09-11T00:33:46.7639670Z Touch /Users/runner/Library/Developer/Xcode/DerivedData/AutoByteusMobile-cswwofbhrcnggmfwuxfpbtrwjhrw/Build/Products/Debug-iphonesimulator/AutoByteus.app (in target 'AutoByteusMobile' from project 'AutoByteusMobile')
Build And Test iOS App	Generate, build, and run implementation checks	2026-09-11T00:33:46.7640540Z     cd /Users/runner/work/autobyteus-workspace/autobyteus-workspace/autobyteus-ios
Build And Test iOS App	Generate, build, and run implementation checks	2026-09-11T00:33:46.7641300Z     /usr/bin/touch -c /Users/runner/Library/Developer/Xcode/DerivedData/AutoByteusMobile-cswwofbhrcnggmfwuxfpbtrwjhrw/Build/Products/Debug-iphonesimulator/AutoByteus.app
Build And Test iOS App	Generate, build, and run implementation checks	2026-09-11T00:33:46.7641880Z 
Build And Test iOS App	Generate, build, and run implementation checks	2026-09-11T00:33:46.8176540Z ** BUILD SUCCEEDED **
Build And Test iOS App	Generate, build, and run implementation checks	2026-09-11T00:33:46.8177020Z 
Build And Test iOS App	Generate, build, and run implementation checks	2026-09-11T00:33:47.7461940Z Command line invocation:
Build And Test iOS App	Generate, build, and run implementation checks	2026-09-11T00:33:47.7486990Z     /Applications/Xcode_26.3.app/Contents/Developer/usr/bin/xcodebuild -project autobyteus-ios/AutoByteusMobile.xcodeproj -scheme AutoByteusMobile -destination "platform=iOS Simulator,id=5FEB61C5-E3F5-471D-AE23-8A07438D5E92" -resultBundlePath /Users/runner/work/_temp/ios-build/AutoByteusMobileCoreTests.xcresult "-only-testing:AutoByteusMobileCoreTests" IOS_BUNDLE_ID=org.autobyteus.mobile IOS_SHARE_EXTENSION_BUNDLE_ID=org.autobyteus.mobile.share MARKETING_VERSION=1.4.69 CURRENT_PROJECT_VERSION=131 test
Build And Test iOS App	Generate, build, and run implementation checks	2026-09-11T00:33:47.7532580Z 
Build And Test iOS App	Generate, build, and run implementation checks	2026-09-11T00:33:47.7572900Z Build settings from command line:
Build And Test iOS App	Generate, build, and run implementation checks	2026-09-11T00:33:47.7573360Z     CURRENT_PROJECT_VERSION = 131
Build And Test iOS App	Generate, build, and run implementation checks	2026-09-11T00:33:47.7573730Z     IOS_BUNDLE_ID = org.autobyteus.mobile
Build And Test iOS App	Generate, build, and run implementation checks	2026-09-11T00:33:47.7574180Z     IOS_SHARE_EXTENSION_BUNDLE_ID = org.autobyteus.mobile.share
Build And Test iOS App	Generate, build, and run implementation checks	2026-09-11T00:33:47.7575580Z     MARKETING_VERSION = 1.4.69
Build And Test iOS App	Generate, build, and run implementation checks	2026-09-11T00:33:47.7576400Z 
Build And Test iOS App	Generate, build, and run implementation checks	2026-09-11T00:33:48.1665510Z Writing result bundle at path:
Build And Test iOS App	Generate, build, and run implementation checks	2026-09-11T00:33:48.1666050Z 	/Users/runner/work/_temp/ios-build/AutoByteusMobileCoreTests.xcresult
Build And Test iOS App	Generate, build, and run implementation checks	2026-09-11T00:33:48.1666330Z 
Build And Test iOS App	Generate, build, and run implementation checks	2026-09-11T00:33:48.1931860Z --- xcodebuild: WARNING: Using the first of multiple matching destinations:
Build And Test iOS App	Generate, build, and run implementation checks	2026-09-11T00:33:48.1932610Z { platform:iOS Simulator, arch:arm64, id:5FEB61C5-E3F5-471D-AE23-8A07438D5E92, OS:26.2, name:iPhone 17 Pro }
Build And Test iOS App	Generate, build, and run implementation checks	2026-09-11T00:33:48.1933620Z { platform:iOS Simulator, arch:x86_64, id:5FEB61C5-E3F5-471D-AE23-8A07438D5E92, OS:26.2, name:iPhone 17 Pro }
Build And Test iOS App	Generate, build, and run implementation checks	2026-09-11T00:33:51.8966000Z ComputePackagePrebuildTargetDependencyGraph
Build And Test iOS App	Generate, build, and run implementation checks	2026-09-11T00:33:51.9877130Z 
Build And Test iOS App	Generate, build, and run implementation checks	2026-09-11T00:33:51.9887080Z Prepare packages
Build And Test iOS App	Generate, build, and run implementation checks	2026-09-11T00:33:51.9887590Z 
Build And Test iOS App	Generate, build, and run implementation checks	2026-09-11T00:33:51.9985770Z CreateBuildRequest
Build And Test iOS App	Generate, build, and run implementation checks	2026-09-11T00:33:51.9986060Z 
Build And Test iOS App	Generate, build, and run implementation checks	2026-09-11T00:33:51.9986240Z SendProjectDescription
Build And Test iOS App	Generate, build, and run implementation checks	2026-09-11T00:33:52.0069610Z 
Build And Test iOS App	Generate, build, and run implementation checks	2026-09-11T00:33:52.0070100Z CreateBuildOperation
Build And Test iOS App	Generate, build, and run implementation checks	2026-09-11T00:33:52.0113260Z 
Build And Test iOS App	Generate, build, and run implementation checks	2026-09-11T00:33:52.0138280Z ComputeTargetDependencyGraph
Build And Test iOS App	Generate, build, and run implementation checks	2026-09-11T00:33:52.0599900Z note: Building targets in dependency order
Build And Test iOS App	Generate, build, and run implementation checks	2026-09-11T00:33:52.0604790Z note: Target dependency graph (5 targets)
Build And Test iOS App	Generate, build, and run implementation checks	2026-09-11T00:33:52.0606380Z     Target 'AutoByteusMobileUITests' in project 'AutoByteusMobile'
Build And Test iOS App	Generate, build, and run implementation checks	2026-09-11T00:33:52.0611040Z         ➜ Explicit dependency on target 'AutoByteusMobile' in project 'AutoByteusMobile'
Build And Test iOS App	Generate, build, and run implementation checks	2026-09-11T00:33:52.0612520Z     Target 'AutoByteusMobileCoreTests' in project 'AutoByteusMobile'
Build And Test iOS App	Generate, build, and run implementation checks	2026-09-11T00:33:52.0613650Z         ➜ Explicit dependency on target 'AutoByteusMobileCore' in project 'AutoByteusMobile'
Build And Test iOS App	Generate, build, and run implementation checks	2026-09-11T00:33:52.0614290Z     Target 'AutoByteusMobile' in project 'AutoByteusMobile'
Build And Test iOS App	Generate, build, and run implementation checks	2026-09-11T00:33:52.0614930Z         ➜ Explicit dependency on target 'AutoByteusMobileCore' in project 'AutoByteusMobile'
Build And Test iOS App	Generate, build, and run implementation checks	2026-09-11T00:33:52.0615790Z         ➜ Explicit dependency on target 'AutoByteusMobileShareExtension' in project 'AutoByteusMobile'
Build And Test iOS App	Generate, build, and run implementation checks	2026-09-11T00:33:52.0616490Z     Target 'AutoByteusMobileShareExtension' in project 'AutoByteusMobile'
Build And Test iOS App	Generate, build, and run implementation checks	2026-09-11T00:33:52.0617140Z         ➜ Explicit dependency on target 'AutoByteusMobileCore' in project 'AutoByteusMobile'
Build And Test iOS App	Generate, build, and run implementation checks	2026-09-11T00:33:52.0617780Z     Target 'AutoByteusMobileCore' in project 'AutoByteusMobile' (no dependencies)
Build And Test iOS App	Generate, build, and run implementation checks	2026-09-11T00:33:52.0618150Z 
Build And Test iOS App	Generate, build, and run implementation checks	2026-09-11T00:33:52.0716490Z GatherProvisioningInputs
Build And Test iOS App	Generate, build, and run implementation checks	2026-09-11T00:33:52.2081850Z 
Build And Test iOS App	Generate, build, and run implementation checks	2026-09-11T00:33:52.2152140Z CreateBuildDescription
Build And Test iOS App	Generate, build, and run implementation checks	2026-09-11T00:33:52.2578720Z 
Build And Test iOS App	Generate, build, and run implementation checks	2026-09-11T00:33:52.2695980Z ExecuteExternalTool /Applications/Xcode_26.3.app/Contents/Developer/Toolchains/XcodeDefault.xctoolchain/usr/bin/clang -v -E -dM -arch arm64 -isysroot /Applications/Xcode_26.3.app/Contents/Developer/Platforms/iPhoneSimulator.platform/Developer/SDKs/iPhoneSimulator26.2.sdk -x c -c /dev/null
Build And Test iOS App	Generate, build, and run implementation checks	2026-09-11T00:33:52.3395990Z 
Build And Test iOS App	Generate, build, and run implementation checks	2026-09-11T00:33:52.3413980Z ExecuteExternalTool /Applications/Xcode_26.3.app/Contents/Developer/Toolchains/XcodeDefault.xctoolchain/usr/bin/swiftc --version
Build And Test iOS App	Generate, build, and run implementation checks	2026-09-11T00:33:52.4399560Z 
Build And Test iOS App	Generate, build, and run implementation checks	2026-09-11T00:33:52.4401750Z ExecuteExternalTool /Applications/Xcode_26.3.app/Contents/Developer/Toolchains/XcodeDefault.xctoolchain/usr/bin/clang -v -E -dM -isysroot /Applications/Xcode_26.3.app/Contents/Developer/Platforms/iPhoneSimulator.platform/Developer/SDKs/iPhoneSimulator26.2.sdk -x c -c /dev/null
Build And Test iOS App	Generate, build, and run implementation checks	2026-09-11T00:33:52.4403160Z 
Build And Test iOS App	Generate, build, and run implementation checks	2026-09-11T00:33:52.4404020Z ExecuteExternalTool /Applications/Xcode_26.3.app/Contents/Developer/usr/bin/actool --print-asset-tag-combinations --output-format xml1 /Users/runner/work/autobyteus-workspace/autobyteus-workspace/autobyteus-ios/AutoByteusMobile/Assets.xcassets
Build And Test iOS App	Generate, build, and run implementation checks	2026-09-11T00:33:52.4404910Z 
Build And Test iOS App	Generate, build, and run implementation checks	2026-09-11T00:33:52.4405320Z ExecuteExternalTool /Applications/Xcode_26.3.app/Contents/Developer/usr/bin/actool --version --output-format xml1
Build And Test iOS App	Generate, build, and run implementation checks	2026-09-11T00:33:52.4405760Z 
Build And Test iOS App	Generate, build, and run implementation checks	2026-09-11T00:33:52.4487020Z ExecuteExternalTool /Applications/Xcode_26.3.app/Contents/Developer/Toolchains/XcodeDefault.xctoolchain/usr/bin/ld -version_details
Build And Test iOS App	Generate, build, and run implementation checks	2026-09-11T00:33:52.4662940Z 
Build And Test iOS App	Generate, build, and run implementation checks	2026-09-11T00:33:52.5147140Z Build description signature: e9952fe5d9bd1da4f0acbc843782cee1
Build And Test iOS App	Generate, build, and run implementation checks	2026-09-11T00:33:52.5172180Z Build description path: /Users/runner/Library/Developer/Xcode/DerivedData/AutoByteusMobile-cswwofbhrcnggmfwuxfpbtrwjhrw/Build/Intermediates.noindex/XCBuildData/e9952fe5d9bd1da4f0acbc843782cee1.xcbuilddata
Build And Test iOS App	Generate, build, and run implementation checks	2026-09-11T00:33:52.5683010Z ClangStatCache /Applications/Xcode_26.3.app/Contents/Developer/Toolchains/XcodeDefault.xctoolchain/usr/bin/clang-stat-cache /Applications/Xcode_26.3.app/Contents/Developer/Platforms/iPhoneSimulator.platform/Developer/SDKs/iPhoneSimulator26.2.sdk /Users/runner/Library/Developer/Xcode/DerivedData/SDKStatCaches.noindex/iphonesimulator26.2-23C57-dc75598d0054f22ec865fa860f139d72e244bd9a5feaf902f95f61bf06266e52.sdkstatcache
Build And Test iOS App	Generate, build, and run implementation checks	2026-09-11T00:33:52.5689480Z     cd /Users/runner/work/autobyteus-workspace/autobyteus-workspace/autobyteus-ios/AutoByteusMobile.xcodeproj
Build And Test iOS App	Generate, build, and run implementation checks	2026-09-11T00:33:52.5691350Z     /Applications/Xcode_26.3.app/Contents/Developer/Toolchains/XcodeDefault.xctoolchain/usr/bin/clang-stat-cache /Applications/Xcode_26.3.app/Contents/Developer/Platforms/iPhoneSimulator.platform/Developer/SDKs/iPhoneSimulator26.2.sdk -o /Users/runner/Library/Developer/Xcode/DerivedData/SDKStatCaches.noindex/iphonesimulator26.2-23C57-dc75598d0054f22ec865fa860f139d72e244bd9a5feaf902f95f61bf06266e52.sdkstatcache
Build And Test iOS App	Generate, build, and run implementation checks	2026-09-11T00:33:52.6151570Z 
Build And Test iOS App	Generate, build, and run implementation checks	2026-09-11T00:33:52.6153390Z ProcessInfoPlistFile /Users/runner/Library/Developer/Xcode/DerivedData/AutoByteusMobile-cswwofbhrcnggmfwuxfpbtrwjhrw/Build/Products/Debug-iphonesimulator/AutoByteusMobileCore.framework/Info.plist /Users/runner/Library/Developer/Xcode/DerivedData/AutoByteusMobile-cswwofbhrcnggmfwuxfpbtrwjhrw/Build/Intermediates.noindex/AutoByteusMobile.build/Debug-iphonesimulator/AutoByteusMobileCore.build/empty-AutoByteusMobileCore.plist (in target 'AutoByteusMobileCore' from project 'AutoByteusMobile')
Build And Test iOS App	Generate, build, and run implementation checks	2026-09-11T00:33:52.6155850Z     cd /Users/runner/work/autobyteus-workspace/autobyteus-workspace/autobyteus-ios
Build And Test iOS App	Generate, build, and run implementation checks	2026-09-11T00:33:52.6158040Z     builtin-infoPlistUtility /Users/runner/Library/Developer/Xcode/DerivedData/AutoByteusMobile-cswwofbhrcnggmfwuxfpbtrwjhrw/Build/Intermediates.noindex/AutoByteusMobile.build/Debug-iphonesimulator/AutoByteusMobileCore.build/empty-AutoByteusMobileCore.plist -producttype com.apple.product-type.framework -expandbuildsettings -format binary -platform iphonesimulator -o /Users/runner/Library/Developer/Xcode/DerivedData/AutoByteusMobile-cswwofbhrcnggmfwuxfpbtrwjhrw/Build/Products/Debug-iphonesimulator/AutoByteusMobileCore.framework/Info.plist
Build And Test iOS App	Generate, build, and run implementation checks	2026-09-11T00:33:52.6221470Z 
Build And Test iOS App	Generate, build, and run implementation checks	2026-09-11T00:33:52.6518550Z WriteAuxiliaryFile /Users/runner/Library/Developer/Xcode/DerivedData/AutoByteusMobile-cswwofbhrcnggmfwuxfpbtrwjhrw/Build/Intermediates.noindex/AutoByteusMobile.build/Debug-iphonesimulator/AutoByteusMobileUITests.build/ProductTypeInfoPlistAdditions.plist (in target 'AutoByteusMobileUITests' from project 'AutoByteusMobile')
Build And Test iOS App	Generate, build, and run implementation checks	2026-09-11T00:33:52.6540560Z     cd /Users/runner/work/autobyteus-workspace/autobyteus-workspace/autobyteus-ios
Build And Test iOS App	Generate, build, and run implementation checks	2026-09-11T00:33:52.6609260Z     write-file /Users/runner/Library/Developer/Xcode/DerivedData/AutoByteusMobile-cswwofbhrcnggmfwuxfpbtrwjhrw/Build/Intermediates.noindex/AutoByteusMobile.build/Debug-iphonesimulator/AutoByteusMobileUITests.build/ProductTypeInfoPlistAdditions.plist
Build And Test iOS App	Generate, build, and run implementation checks	2026-09-11T00:33:52.6641950Z 
Build And Test iOS App	Generate, build, and run implementation checks	2026-09-11T00:33:52.6647030Z WriteAuxiliaryFile /Users/runner/Library/Developer/Xcode/DerivedData/AutoByteusMobile-cswwofbhrcnggmfwuxfpbtrwjhrw/Build/Intermediates.noindex/AutoByteusMobile.build/Debug-iphonesimulator/AutoByteusMobileUITests.build/Objects-normal/arm64/AutoByteusMobileUITests.SwiftFileList (in target 'AutoByteusMobileUITests' from project 'AutoByteusMobile')
Build And Test iOS App	Generate, build, and run implementation checks	2026-09-11T00:33:52.6652880Z     cd /Users/runner/work/autobyteus-workspace/autobyteus-workspace/autobyteus-ios
Build And Test iOS App	Generate, build, and run implementation checks	2026-09-11T00:33:52.6737530Z     write-file /Users/runner/Library/Developer/Xcode/DerivedData/AutoByteusMobile-cswwofbhrcnggmfwuxfpbtrwjhrw/Build/Intermediates.noindex/AutoByteusMobile.build/Debug-iphonesimulator/AutoByteusMobileUITests.build/Objects-normal/arm64/AutoByteusMobileUITests.SwiftFileList
Build And Test iOS App	Generate, build, and run implementation checks	2026-09-11T00:33:52.6839410Z 
Build And Test iOS App	Generate, build, and run implementation checks	2026-09-11T00:33:52.6960200Z WriteAuxiliaryFile /Users/runner/Library/Developer/Xcode/DerivedData/AutoByteusMobile-cswwofbhrcnggmfwuxfpbtrwjhrw/Build/Intermediates.noindex/AutoByteusMobile.build/Debug-iphonesimulator/AutoByteusMobileUITests.build/Objects-normal/arm64/AutoByteusMobileUITests_const_extract_protocols.json (in target 'AutoByteusMobileUITests' from project 'AutoByteusMobile')
Build And Test iOS App	Generate, build, and run implementation checks	2026-09-11T00:33:52.7081230Z     cd /Users/runner/work/autobyteus-workspace/autobyteus-workspace/autobyteus-ios
Build And Test iOS App	Generate, build, and run implementation checks	2026-09-11T00:33:52.7092440Z     write-file /Users/runner/Library/Developer/Xcode/DerivedData/AutoByteusMobile-cswwofbhrcnggmfwuxfpbtrwjhrw/Build/Intermediates.noindex/AutoByteusMobile.build/Debug-iphonesimulator/AutoByteusMobileUITests.build/Objects-normal/arm64/AutoByteusMobileUITests_const_extract_protocols.json
Build And Test iOS App	Generate, build, and run implementation checks	2026-09-11T00:33:52.7096130Z 
Build And Test iOS App	Generate, build, and run implementation checks	2026-09-11T00:33:52.7097640Z WriteAuxiliaryFile /Users/runner/Library/Developer/Xcode/DerivedData/AutoByteusMobile-cswwofbhrcnggmfwuxfpbtrwjhrw/Build/Intermediates.noindex/AutoByteusMobile.build/Debug-iphonesimulator/AutoByteusMobileUITests.build/Objects-normal/arm64/AutoByteusMobileUITests.SwiftConstValuesFileList (in target 'AutoByteusMobileUITests' from project 'AutoByteusMobile')
Build And Test iOS App	Generate, build, and run implementation checks	2026-09-11T00:33:52.7099330Z     cd /Users/runner/work/autobyteus-workspace/autobyteus-workspace/autobyteus-ios
Build And Test iOS App	Generate, build, and run implementation checks	2026-09-11T00:33:52.7100720Z     write-file /Users/runner/Library/Developer/Xcode/DerivedData/AutoByteusMobile-cswwofbhrcnggmfwuxfpbtrwjhrw/Build/Intermediates.noindex/AutoByteusMobile.build/Debug-iphonesimulator/AutoByteusMobileUITests.build/Objects-normal/arm64/AutoByteusMobileUITests.SwiftConstValuesFileList
Build And Test iOS App	Generate, build, and run implementation checks	2026-09-11T00:33:52.7102030Z 
Build And Test iOS App	Generate, build, and run implementation checks	2026-09-11T00:33:52.7103200Z WriteAuxiliaryFile /Users/runner/Library/Developer/Xcode/DerivedData/AutoByteusMobile-cswwofbhrcnggmfwuxfpbtrwjhrw/Build/Intermediates.noindex/AutoByteusMobile.build/Debug-iphonesimulator/AutoByteusMobileUITests.build/Objects-normal/arm64/AutoByteusMobileUITests.LinkFileList (in target 'AutoByteusMobileUITests' from project 'AutoByteusMobile')
Build And Test iOS App	Generate, build, and run implementation checks	2026-09-11T00:33:52.7104700Z     cd /Users/runner/work/autobyteus-workspace/autobyteus-workspace/autobyteus-ios
Build And Test iOS App	Generate, build, and run implementation checks	2026-09-11T00:33:52.7106090Z     write-file /Users/runner/Library/Developer/Xcode/DerivedData/AutoByteusMobile-cswwofbhrcnggmfwuxfpbtrwjhrw/Build/Intermediates.noindex/AutoByteusMobile.build/Debug-iphonesimulator/AutoByteusMobileUITests.build/Objects-normal/arm64/AutoByteusMobileUITests.LinkFileList
Build And Test iOS App	Generate, build, and run implementation checks	2026-09-11T00:33:52.7107160Z 
Build And Test iOS App	Generate, build, and run implementation checks	2026-09-11T00:33:52.7108380Z WriteAuxiliaryFile /Users/runner/Library/Developer/Xcode/DerivedData/AutoByteusMobile-cswwofbhrcnggmfwuxfpbtrwjhrw/Build/Intermediates.noindex/AutoByteusMobile.build/Debug-iphonesimulator/AutoByteusMobileUITests.build/Objects-normal/arm64/AutoByteusMobileUITests-OutputFileMap.json (in target 'AutoByteusMobileUITests' from project 'AutoByteusMobile')
Build And Test iOS App	Generate, build, and run implementation checks	2026-09-11T00:33:52.7109960Z     cd /Users/runner/work/autobyteus-workspace/autobyteus-workspace/autobyteus-ios
Build And Test iOS App	Generate, build, and run implementation checks	2026-09-11T00:33:52.7111280Z     write-file /Users/runner/Library/Developer/Xcode/DerivedData/AutoByteusMobile-cswwofbhrcnggmfwuxfpbtrwjhrw/Build/Intermediates.noindex/AutoByteusMobile.build/Debug-iphonesimulator/AutoByteusMobileUITests.build/Objects-normal/arm64/AutoByteusMobileUITests-OutputFileMap.json
Build And Test iOS App	Generate, build, and run implementation checks	2026-09-11T00:33:52.7112450Z 
Build And Test iOS App	Generate, build, and run implementation checks	2026-09-11T00:33:52.7113580Z WriteAuxiliaryFile /Users/runner/Library/Developer/Xcode/DerivedData/AutoByteusMobile-cswwofbhrcnggmfwuxfpbtrwjhrw/Build/Intermediates.noindex/AutoByteusMobile.build/Debug-iphonesimulator/AutoByteusMobileUITests.build/DerivedSources/Entitlements-Simulated.plist (in target 'AutoByteusMobileUITests' from project 'AutoByteusMobile')
Build And Test iOS App	Generate, build, and run implementation checks	2026-09-11T00:33:52.7117870Z     cd /Users/runner/work/autobyteus-workspace/autobyteus-workspace/autobyteus-ios
Build And Test iOS App	Generate, build, and run implementation checks	2026-09-11T00:33:52.7121250Z     write-file /Users/runner/Library/Developer/Xcode/DerivedData/AutoByteusMobile-cswwofbhrcnggmfwuxfpbtrwjhrw/Build/Intermediates.noindex/AutoByteusMobile.build/Debug-iphonesimulator/AutoByteusMobileUITests.build/DerivedSources/Entitlements-Simulated.plist
Build And Test iOS App	Generate, build, and run implementation checks	2026-09-11T00:33:52.7123970Z 
Build And Test iOS App	Generate, build, and run implementation checks	2026-09-11T00:33:52.7126810Z WriteAuxiliaryFile /Users/runner/Library/Developer/Xcode/DerivedData/AutoByteusMobile-cswwofbhrcnggmfwuxfpbtrwjhrw/Build/Intermediates.noindex/AutoByteusMobile.build/Debug-iphonesimulator/AutoByteusMobileUITests.build/AutoByteusMobileUITests.hmap (in target 'AutoByteusMobileUITests' from project 'AutoByteusMobile')
Build And Test iOS App	Generate, build, and run implementation checks	2026-09-11T00:33:52.7134250Z     cd /Users/runner/work/autobyteus-workspace/autobyteus-workspace/autobyteus-ios
Build And Test iOS App	Generate, build, and run implementation checks	2026-09-11T00:33:52.7135860Z     write-file /Users/runner/Library/Developer/Xcode/DerivedData/AutoByteusMobile-cswwofbhrcnggmfwuxfpbtrwjhrw/Build/Intermediates.noindex/AutoByteusMobile.build/Debug-iphonesimulator/AutoByteusMobileUITests.build/AutoByteusMobileUITests.hmap
Build And Test iOS App	Generate, build, and run implementation checks	2026-09-11T00:33:52.7136850Z 
Build And Test iOS App	Generate, build, and run implementation checks	2026-09-11T00:33:52.7139090Z WriteAuxiliaryFile /Users/runner/Library/Developer/Xcode/DerivedData/AutoByteusMobile-cswwofbhrcnggmfwuxfpbtrwjhrw/Build/Intermediates.noindex/AutoByteusMobile.build/Debug-iphonesimulator/AutoByteusMobileUITests.build/AutoByteusMobileUITests.DependencyStaticMetadataFileList (in target 'AutoByteusMobileUITests' from project 'AutoByteusMobile')
Build And Test iOS App	Generate, build, and run implementation checks	2026-09-11T00:33:52.7140940Z     cd /Users/runner/work/autobyteus-workspace/autobyteus-workspace/autobyteus-ios
Build And Test iOS App	Generate, build, and run implementation checks	2026-09-11T00:33:52.7142270Z     write-file /Users/runner/Library/Developer/Xcode/DerivedData/AutoByteusMobile-cswwofbhrcnggmfwuxfpbtrwjhrw/Build/Intermediates.noindex/AutoByteusMobile.build/Debug-iphonesimulator/AutoByteusMobileUITests.build/AutoByteusMobileUITests.DependencyStaticMetadataFileList
Build And Test iOS App	Generate, build, and run implementation checks	2026-09-11T00:33:52.7143370Z 
Build And Test iOS App	Generate, build, and run implementation checks	2026-09-11T00:33:52.7144530Z WriteAuxiliaryFile /Users/runner/Library/Developer/Xcode/DerivedData/AutoByteusMobile-cswwofbhrcnggmfwuxfpbtrwjhrw/Build/Intermediates.noindex/AutoByteusMobile.build/Debug-iphonesimulator/AutoByteusMobileUITests.build/AutoByteusMobileUITests.DependencyMetadataFileList (in target 'AutoByteusMobileUITests' from project 'AutoByteusMobile')
Build And Test iOS App	Generate, build, and run implementation checks	2026-09-11T00:33:52.7146070Z     cd /Users/runner/work/autobyteus-workspace/autobyteus-workspace/autobyteus-ios
Build And Test iOS App	Generate, build, and run implementation checks	2026-09-11T00:33:52.7147480Z     write-file /Users/runner/Library/Developer/Xcode/DerivedData/AutoByteusMobile-cswwofbhrcnggmfwuxfpbtrwjhrw/Build/Intermediates.noindex/AutoByteusMobile.build/Debug-iphonesimulator/AutoByteusMobileUITests.build/AutoByteusMobileUITests.DependencyMetadataFileList
Build And Test iOS App	Generate, build, and run implementation checks	2026-09-11T00:33:52.7148730Z 
Build And Test iOS App	Generate, build, and run implementation checks	2026-09-11T00:33:52.7150040Z WriteAuxiliaryFile /Users/runner/Library/Developer/Xcode/DerivedData/AutoByteusMobile-cswwofbhrcnggmfwuxfpbtrwjhrw/Build/Intermediates.noindex/AutoByteusMobile.build/Debug-iphonesimulator/AutoByteusMobileUITests.build/AutoByteusMobileUITests-project-headers.hmap (in target 'AutoByteusMobileUITests' from project 'AutoByteusMobile')
Build And Test iOS App	Generate, build, and run implementation checks	2026-09-11T00:33:52.7151860Z     cd /Users/runner/work/autobyteus-workspace/autobyteus-workspace/autobyteus-ios
Build And Test iOS App	Generate, build, and run implementation checks	2026-09-11T00:33:52.7153380Z     write-file /Users/runner/Library/Developer/Xcode/DerivedData/AutoByteusMobile-cswwofbhrcnggmfwuxfpbtrwjhrw/Build/Intermediates.noindex/AutoByteusMobile.build/Debug-iphonesimulator/AutoByteusMobileUITests.build/AutoByteusMobileUITests-project-headers.hmap
Build And Test iOS App	Generate, build, and run implementation checks	2026-09-11T00:33:52.7154540Z 
Build And Test iOS App	Generate, build, and run implementation checks	2026-09-11T00:33:52.7155870Z WriteAuxiliaryFile /Users/runner/Library/Developer/Xcode/DerivedData/AutoByteusMobile-cswwofbhrcnggmfwuxfpbtrwjhrw/Build/Intermediates.noindex/AutoByteusMobile.build/Debug-iphonesimulator/AutoByteusMobileUITests.build/AutoByteusMobileUITests-own-target-headers.hmap (in target 'AutoByteusMobileUITests' from project 'AutoByteusMobile')
Build And Test iOS App	Generate, build, and run implementation checks	2026-09-11T00:33:52.7157550Z     cd /Users/runner/work/autobyteus-workspace/autobyteus-workspace/autobyteus-ios
Build And Test iOS App	Generate, build, and run implementation checks	2026-09-11T00:33:52.7159020Z     write-file /Users/runner/Library/Developer/Xcode/DerivedData/AutoByteusMobile-cswwofbhrcnggmfwuxfpbtrwjhrw/Build/Intermediates.noindex/AutoByteusMobile.build/Debug-iphonesimulator/AutoByteusMobileUITests.build/AutoByteusMobileUITests-own-target-headers.hmap
Build And Test iOS App	Generate, build, and run implementation checks	2026-09-11T00:33:52.7160180Z 
Build And Test iOS App	Generate, build, and run implementation checks	2026-09-11T00:33:52.7161500Z WriteAuxiliaryFile /Users/runner/Library/Developer/Xcode/DerivedData/AutoByteusMobile-cswwofbhrcnggmfwuxfpbtrwjhrw/Build/Intermediates.noindex/AutoByteusMobile.build/Debug-iphonesimulator/AutoByteusMobileUITests.build/AutoByteusMobileUITests-generated-files.hmap (in target 'AutoByteusMobileUITests' from project 'AutoByteusMobile')
Build And Test iOS App	Generate, build, and run implementation checks	2026-09-11T00:33:52.7163000Z     cd /Users/runner/work/autobyteus-workspace/autobyteus-workspace/autobyteus-ios
Build And Test iOS App	Generate, build, and run implementation checks	2026-09-11T00:33:52.7164910Z     write-file /Users/runner/Library/Developer/Xcode/DerivedData/AutoByteusMobile-cswwofbhrcnggmfwuxfpbtrwjhrw/Build/Intermediates.noindex/AutoByteusMobile.build/Debug-iphonesimulator/AutoByteusMobileUITests.build/AutoByteusMobileUITests-generated-files.hmap
Build And Test iOS App	Generate, build, and run implementation checks	2026-09-11T00:33:52.7166220Z 
Build And Test iOS App	Generate, build, and run implementation checks	2026-09-11T00:33:52.7167470Z WriteAuxiliaryFile /Users/runner/Library/Developer/Xcode/DerivedData/AutoByteusMobile-cswwofbhrcnggmfwuxfpbtrwjhrw/Build/Intermediates.noindex/AutoByteusMobile.build/Debug-iphonesimulator/AutoByteusMobileUITests.build/AutoByteusMobileUITests-all-non-framework-target-headers.hmap (in target 'AutoByteusMobileUITests' from project 'AutoByteusMobile')
Build And Test iOS App	Generate, build, and run implementation checks	2026-09-11T00:33:52.7168980Z     cd /Users/runner/work/autobyteus-workspace/autobyteus-workspace/autobyteus-ios
Build And Test iOS App	Generate, build, and run implementation checks	2026-09-11T00:33:52.7170320Z     write-file /Users/runner/Library/Developer/Xcode/DerivedData/AutoByteusMobile-cswwofbhrcnggmfwuxfpbtrwjhrw/Build/Intermediates.noindex/AutoByteusMobile.build/Debug-iphonesimulator/AutoByteusMobileUITests.build/AutoByteusMobileUITests-all-non-framework-target-headers.hmap
Build And Test iOS App	Generate, build, and run implementation checks	2026-09-11T00:33:52.7171390Z 
Build And Test iOS App	Generate, build, and run implementation checks	2026-09-11T00:33:52.7172540Z WriteAuxiliaryFile /Users/runner/Library/Developer/Xcode/DerivedData/AutoByteusMobile-cswwofbhrcnggmfwuxfpbtrwjhrw/Build/Intermediates.noindex/AutoByteusMobile.build/Debug-iphonesimulator/AutoByteusMobileUITests.build/AutoByteusMobileUITests-all-target-headers.hmap (in target 'AutoByteusMobileUITests' from project 'AutoByteusMobile')
Build And Test iOS App	Generate, build, and run implementation checks	2026-09-11T00:33:52.7174790Z     cd /Users/runner/work/autobyteus-workspace/autobyteus-workspace/autobyteus-ios
Build And Test iOS App	Generate, build, and run implementation checks	2026-09-11T00:33:52.7176200Z     write-file /Users/runner/Library/Developer/Xcode/DerivedData/AutoByteusMobile-cswwofbhrcnggmfwuxfpbtrwjhrw/Build/Intermediates.noindex/AutoByteusMobile.build/Debug-iphonesimulator/AutoByteusMobileUITests.build/AutoByteusMobileUITests-all-target-headers.hmap
Build And Test iOS App	Generate, build, and run implementation checks	2026-09-11T00:33:52.7177230Z 
Build And Test iOS App	Generate, build, and run implementation checks	2026-09-11T00:33:52.7178360Z WriteAuxiliaryFile /Users/runner/Library/Developer/Xcode/DerivedData/AutoByteusMobile-cswwofbhrcnggmfwuxfpbtrwjhrw/Build/Intermediates.noindex/AutoByteusMobile.build/Debug-iphonesimulator/AutoByteusMobileCoreTests.build/empty-AutoByteusMobileCoreTests.plist (in target 'AutoByteusMobileCoreTests' from project 'AutoByteusMobile')
Build And Test iOS App	Generate, build, and run implementation checks	2026-09-11T00:33:52.7179850Z     cd /Users/runner/work/autobyteus-workspace/autobyteus-workspace/autobyteus-ios
Build And Test iOS App	Generate, build, and run implementation checks	2026-09-11T00:33:52.7181100Z     write-file /Users/runner/Library/Developer/Xcode/DerivedData/AutoByteusMobile-cswwofbhrcnggmfwuxfpbtrwjhrw/Build/Intermediates.noindex/AutoByteusMobile.build/Debug-iphonesimulator/AutoByteusMobileCoreTests.build/empty-AutoByteusMobileCoreTests.plist
Build And Test iOS App	Generate, build, and run implementation checks	2026-09-11T00:33:52.7182090Z 
Build And Test iOS App	Generate, build, and run implementation checks	2026-09-11T00:33:52.7183460Z WriteAuxiliaryFile /Users/runner/Library/Developer/Xcode/DerivedData/AutoByteusMobile-cswwofbhrcnggmfwuxfpbtrwjhrw/Build/Intermediates.noindex/AutoByteusMobile.build/Debug-iphonesimulator/AutoByteusMobileCoreTests.build/Objects-normal/arm64/AutoByteusMobileCoreTests_const_extract_protocols.json (in target 'AutoByteusMobileCoreTests' from project 'AutoByteusMobile')
Build And Test iOS App	Generate, build, and run implementation checks	2026-09-11T00:33:52.7244060Z     cd /Users/runner/work/autobyteus-workspace/autobyteus-workspace/autobyteus-ios
Build And Test iOS App	Generate, build, and run implementation checks	2026-09-11T00:33:52.7346410Z     write-file /Users/runner/Library/Developer/Xcode/DerivedData/AutoByteusMobile-cswwofbhrcnggmfwuxfpbtrwjhrw/Build/Intermediates.noindex/AutoByteusMobile.build/Debug-iphonesimulator/AutoByteusMobileCoreTests.build/Objects-normal/arm64/AutoByteusMobileCoreTests_const_extract_protocols.json
Build And Test iOS App	Generate, build, and run implementation checks	2026-09-11T00:33:52.7448060Z 
Build And Test iOS App	Generate, build, and run implementation checks	2026-09-11T00:33:52.7550580Z WriteAuxiliaryFile /Users/runner/Library/Developer/Xcode/DerivedData/AutoByteusMobile-cswwofbhrcnggmfwuxfpbtrwjhrw/Build/Intermediates.noindex/AutoByteusMobile.build/Debug-iphonesimulator/AutoByteusMobileCoreTests.build/Objects-normal/arm64/AutoByteusMobileCoreTests.SwiftFileList (in target 'AutoByteusMobileCoreTests' from project 'AutoByteusMobile')
Build And Test iOS App	Generate, build, and run implementation checks	2026-09-11T00:33:52.7568230Z     cd /Users/runner/work/autobyteus-workspace/autobyteus-workspace/autobyteus-ios
Build And Test iOS App	Generate, build, and run implementation checks	2026-09-11T00:33:52.7570420Z     write-file /Users/runner/Library/Developer/Xcode/DerivedData/AutoByteusMobile-cswwofbhrcnggmfwuxfpbtrwjhrw/Build/Intermediates.noindex/AutoByteusMobile.build/Debug-iphonesimulator/AutoByteusMobileCoreTests.build/Objects-normal/arm64/AutoByteusMobileCoreTests.SwiftFileList
Build And Test iOS App	Generate, build, and run implementation checks	2026-09-11T00:33:52.7572040Z 
Build And Test iOS App	Generate, build, and run implementation checks	2026-09-11T00:33:52.7573570Z WriteAuxiliaryFile /Users/runner/Library/Developer/Xcode/DerivedData/AutoByteusMobile-cswwofbhrcnggmfwuxfpbtrwjhrw/Build/Intermediates.noindex/AutoByteusMobile.build/Debug-iphonesimulator/AutoByteusMobileCoreTests.build/Objects-normal/arm64/AutoByteusMobileCoreTests.SwiftConstValuesFileList (in target 'AutoByteusMobileCoreTests' from project 'AutoByteusMobile')
Build And Test iOS App	Generate, build, and run implementation checks	2026-09-11T00:33:52.7575520Z     cd /Users/runner/work/autobyteus-workspace/autobyteus-workspace/autobyteus-ios
Build And Test iOS App	Generate, build, and run implementation checks	2026-09-11T00:33:52.7577220Z     write-file /Users/runner/Library/Developer/Xcode/DerivedData/AutoByteusMobile-cswwofbhrcnggmfwuxfpbtrwjhrw/Build/Intermediates.noindex/AutoByteusMobile.build/Debug-iphonesimulator/AutoByteusMobileCoreTests.build/Objects-normal/arm64/AutoByteusMobileCoreTests.SwiftConstValuesFileList
Build And Test iOS App	Generate, build, and run implementation checks	2026-09-11T00:33:52.7578630Z 
Build And Test iOS App	Generate, build, and run implementation checks	2026-09-11T00:33:52.7579990Z WriteAuxiliaryFile /Users/runner/Library/Developer/Xcode/DerivedData/AutoByteusMobile-cswwofbhrcnggmfwuxfpbtrwjhrw/Build/Intermediates.noindex/AutoByteusMobile.build/Debug-iphonesimulator/AutoByteusMobileCoreTests.build/Objects-normal/arm64/AutoByteusMobileCoreTests.LinkFileList (in target 'AutoByteusMobileCoreTests' from project 'AutoByteusMobile')
Build And Test iOS App	Generate, build, and run implementation checks	2026-09-11T00:33:52.7581940Z     cd /Users/runner/work/autobyteus-workspace/autobyteus-workspace/autobyteus-ios
Build And Test iOS App	Generate, build, and run implementation checks	2026-09-11T00:33:52.7583620Z     write-file /Users/runner/Library/Developer/Xcode/DerivedData/AutoByteusMobile-cswwofbhrcnggmfwuxfpbtrwjhrw/Build/Intermediates.noindex/AutoByteusMobile.build/Debug-iphonesimulator/AutoByteusMobileCoreTests.build/Objects-normal/arm64/AutoByteusMobileCoreTests.LinkFileList
Build And Test iOS App	Generate, build, and run implementation checks	2026-09-11T00:33:52.7584960Z 
Build And Test iOS App	Generate, build, and run implementation checks	2026-09-11T00:33:52.7586360Z WriteAuxiliaryFile /Users/runner/Library/Developer/Xcode/DerivedData/AutoByteusMobile-cswwofbhrcnggmfwuxfpbtrwjhrw/Build/Intermediates.noindex/AutoByteusMobile.build/Debug-iphonesimulator/AutoByteusMobileCoreTests.build/Objects-normal/arm64/AutoByteusMobileCoreTests-OutputFileMap.json (in target 'AutoByteusMobileCoreTests' from project 'AutoByteusMobile')
Build And Test iOS App	Generate, build, and run implementation checks	2026-09-11T00:33:52.7588130Z     cd /Users/runner/work/autobyteus-workspace/autobyteus-workspace/autobyteus-ios
Build And Test iOS App	Generate, build, and run implementation checks	2026-09-11T00:33:52.7589690Z     write-file /Users/runner/Library/Developer/Xcode/DerivedData/AutoByteusMobile-cswwofbhrcnggmfwuxfpbtrwjhrw/Build/Intermediates.noindex/AutoByteusMobile.build/Debug-iphonesimulator/AutoByteusMobileCoreTests.build/Objects-normal/arm64/AutoByteusMobileCoreTests-OutputFileMap.json
Build And Test iOS App	Generate, build, and run implementation checks	2026-09-11T00:33:52.7593070Z 
Build And Test iOS App	Generate, build, and run implementation checks	2026-09-11T00:33:52.7594450Z WriteAuxiliaryFile /Users/runner/Library/Developer/Xcode/DerivedData/AutoByteusMobile-cswwofbhrcnggmfwuxfpbtrwjhrw/Build/Intermediates.noindex/AutoByteusMobile.build/Debug-iphonesimulator/AutoByteusMobileCoreTests.build/AutoByteusMobileCoreTests.hmap (in target 'AutoByteusMobileCoreTests' from project 'AutoByteusMobile')
Build And Test iOS App	Generate, build, and run implementation checks	2026-09-11T00:33:52.7597040Z     cd /Users/runner/work/autobyteus-workspace/autobyteus-workspace/autobyteus-ios
Build And Test iOS App	Generate, build, and run implementation checks	2026-09-11T00:33:52.7600060Z     write-file /Users/runner/Library/Developer/Xcode/DerivedData/AutoByteusMobile-cswwofbhrcnggmfwuxfpbtrwjhrw/Build/Intermediates.noindex/AutoByteusMobile.build/Debug-iphonesimulator/AutoByteusMobileCoreTests.build/AutoByteusMobileCoreTests.hmap
Build And Test iOS App	Generate, build, and run implementation checks	2026-09-11T00:33:52.7601260Z 
Build And Test iOS App	Generate, build, and run implementation checks	2026-09-11T00:33:52.7602790Z WriteAuxiliaryFile /Users/runner/Library/Developer/Xcode/DerivedData/AutoByteusMobile-cswwofbhrcnggmfwuxfpbtrwjhrw/Build/Intermediates.noindex/AutoByteusMobile.build/Debug-iphonesimulator/AutoByteusMobileCoreTests.build/AutoByteusMobileCoreTests.DependencyStaticMetadataFileList (in target 'AutoByteusMobileCoreTests' from project 'AutoByteusMobile')
Build And Test iOS App	Generate, build, and run implementation checks	2026-09-11T00:33:52.7611980Z     cd /Users/runner/work/autobyteus-workspace/autobyteus-workspace/autobyteus-ios
Build And Test iOS App	Generate, build, and run implementation checks	2026-09-11T00:33:52.7615880Z     write-file /Users/runner/Library/Developer/Xcode/DerivedData/AutoByteusMobile-cswwofbhrcnggmfwuxfpbtrwjhrw/Build/Intermediates.noindex/AutoByteusMobile.build/Debug-iphonesimulator/AutoByteusMobileCoreTests.build/AutoByteusMobileCoreTests.DependencyStaticMetadataFileList
Build And Test iOS App	Generate, build, and run implementation checks	2026-09-11T00:33:52.7620160Z 
Build And Test iOS App	Generate, build, and run implementation checks	2026-09-11T00:33:52.7623000Z WriteAuxiliaryFile /Users/runner/Library/Developer/Xcode/DerivedData/AutoByteusMobile-cswwofbhrcnggmfwuxfpbtrwjhrw/Build/Intermediates.noindex/AutoByteusMobile.build/Debug-iphonesimulator/AutoByteusMobileCoreTests.build/AutoByteusMobileCoreTests.DependencyMetadataFileList (in target 'AutoByteusMobileCoreTests' from project 'AutoByteusMobile')
Build And Test iOS App	Generate, build, and run implementation checks	2026-09-11T00:33:52.7625490Z     cd /Users/runner/work/autobyteus-workspace/autobyteus-workspace/autobyteus-ios
Build And Test iOS App	Generate, build, and run implementation checks	2026-09-11T00:33:52.7646390Z     write-file /Users/runner/Library/Developer/Xcode/DerivedData/AutoByteusMobile-cswwofbhrcnggmfwuxfpbtrwjhrw/Build/Intermediates.noindex/AutoByteusMobile.build/Debug-iphonesimulator/AutoByteusMobileCoreTests.build/AutoByteusMobileCoreTests.DependencyMetadataFileList
Build And Test iOS App	Generate, build, and run implementation checks	2026-09-11T00:33:52.7651130Z 
Build And Test iOS App	Generate, build, and run implementation checks	2026-09-11T00:33:52.7653680Z WriteAuxiliaryFile /Users/runner/Library/Developer/Xcode/DerivedData/AutoByteusMobile-cswwofbhrcnggmfwuxfpbtrwjhrw/Build/Intermediates.noindex/AutoByteusMobile.build/Debug-iphonesimulator/AutoByteusMobileCoreTests.build/AutoByteusMobileCoreTests-project-headers.hmap (in target 'AutoByteusMobileCoreTests' from project 'AutoByteusMobile')
Build And Test iOS App	Generate, build, and run implementation checks	2026-09-11T00:33:52.7655370Z     cd /Users/runner/work/autobyteus-workspace/autobyteus-workspace/autobyteus-ios
Build And Test iOS App	Generate, build, and run implementation checks	2026-09-11T00:33:52.7656820Z     write-file /Users/runner/Library/Developer/Xcode/DerivedData/AutoByteusMobile-cswwofbhrcnggmfwuxfpbtrwjhrw/Build/Intermediates.noindex/AutoByteusMobile.build/Debug-iphonesimulator/AutoByteusMobileCoreTests.build/AutoByteusMobileCoreTests-project-headers.hmap
Build And Test iOS App	Generate, build, and run implementation checks	2026-09-11T00:33:52.7657930Z 
Build And Test iOS App	Generate, build, and run implementation checks	2026-09-11T00:33:52.7659140Z WriteAuxiliaryFile /Users/runner/Library/Developer/Xcode/DerivedData/AutoByteusMobile-cswwofbhrcnggmfwuxfpbtrwjhrw/Build/Intermediates.noindex/AutoByteusMobile.build/Debug-iphonesimulator/AutoByteusMobileCoreTests.build/AutoByteusMobileCoreTests-own-target-headers.hmap (in target 'AutoByteusMobileCoreTests' from project 'AutoByteusMobile')
Build And Test iOS App	Generate, build, and run implementation checks	2026-09-11T00:33:52.7660620Z     cd /Users/runner/work/autobyteus-workspace/autobyteus-workspace/autobyteus-ios
Build And Test iOS App	Generate, build, and run implementation checks	2026-09-11T00:33:52.7661770Z     write-file /Users/runner/Library/Developer/Xcode/DerivedData/AutoByteusMobile-cswwofbhrcnggmfwuxfpbtrwjhrw/Build/Intermediates.noindex/AutoByteusMobile.build/Debug-iphonesimulator/AutoByteusMobileCoreTests.build/AutoByteusMobileCoreTests-own-target-headers.hmap
Build And Test iOS App	Generate, build, and run implementation checks	2026-09-11T00:33:52.7662660Z 
Build And Test iOS App	Generate, build, and run implementation checks	2026-09-11T00:33:52.7663830Z WriteAuxiliaryFile /Users/runner/Library/Developer/Xcode/DerivedData/AutoByteusMobile-cswwofbhrcnggmfwuxfpbtrwjhrw/Build/Intermediates.noindex/AutoByteusMobile.build/Debug-iphonesimulator/AutoByteusMobileCoreTests.build/AutoByteusMobileCoreTests-generated-files.hmap (in target 'AutoByteusMobileCoreTests' from project 'AutoByteusMobile')
Build And Test iOS App	Generate, build, and run implementation checks	2026-09-11T00:33:52.7665190Z     cd /Users/runner/work/autobyteus-workspace/autobyteus-workspace/autobyteus-ios
Build And Test iOS App	Generate, build, and run implementation checks	2026-09-11T00:33:52.7666290Z     write-file /Users/runner/Library/Developer/Xcode/DerivedData/AutoByteusMobile-cswwofbhrcnggmfwuxfpbtrwjhrw/Build/Intermediates.noindex/AutoByteusMobile.build/Debug-iphonesimulator/AutoByteusMobileCoreTests.build/AutoByteusMobileCoreTests-generated-files.hmap
Build And Test iOS App	Generate, build, and run implementation checks	2026-09-11T00:33:52.7667170Z 
Build And Test iOS App	Generate, build, and run implementation checks	2026-09-11T00:33:52.7668240Z WriteAuxiliaryFile /Users/runner/Library/Developer/Xcode/DerivedData/AutoByteusMobile-cswwofbhrcnggmfwuxfpbtrwjhrw/Build/Intermediates.noindex/AutoByteusMobile.build/Debug-iphonesimulator/AutoByteusMobileCoreTests.build/AutoByteusMobileCoreTests-all-target-headers.hmap (in target 'AutoByteusMobileCoreTests' from project 'AutoByteusMobile')
Build And Test iOS App	Generate, build, and run implementation checks	2026-09-11T00:33:52.7671370Z     cd /Users/runner/work/autobyteus-workspace/autobyteus-workspace/autobyteus-ios
Build And Test iOS App	Generate, build, and run implementation checks	2026-09-11T00:33:52.7673040Z     write-file /Users/runner/Library/Developer/Xcode/DerivedData/AutoByteusMobile-cswwofbhrcnggmfwuxfpbtrwjhrw/Build/Intermediates.noindex/AutoByteusMobile.build/Debug-iphonesimulator/AutoByteusMobileCoreTests.build/AutoByteusMobileCoreTests-all-target-headers.hmap
Build And Test iOS App	Generate, build, and run implementation checks	2026-09-11T00:33:52.7674190Z 
Build And Test iOS App	Generate, build, and run implementation checks	2026-09-11T00:33:52.7675610Z WriteAuxiliaryFile /Users/runner/Library/Developer/Xcode/DerivedData/AutoByteusMobile-cswwofbhrcnggmfwuxfpbtrwjhrw/Build/Intermediates.noindex/AutoByteusMobile.build/Debug-iphonesimulator/AutoByteusMobileCoreTests.build/AutoByteusMobileCoreTests-all-non-framework-target-headers.hmap (in target 'AutoByteusMobileCoreTests' from project 'AutoByteusMobile')
Build And Test iOS App	Generate, build, and run implementation checks	2026-09-11T00:33:52.7677020Z     cd /Users/runner/work/autobyteus-workspace/autobyteus-workspace/autobyteus-ios
Build And Test iOS App	Generate, build, and run implementation checks	2026-09-11T00:33:52.7678770Z     write-file /Users/runner/Library/Developer/Xcode/DerivedData/AutoByteusMobile-cswwofbhrcnggmfwuxfpbtrwjhrw/Build/Intermediates.noindex/AutoByteusMobile.build/Debug-iphonesimulator/AutoByteusMobileCoreTests.build/AutoByteusMobileCoreTests-all-non-framework-target-headers.hmap
Build And Test iOS App	Generate, build, and run implementation checks	2026-09-11T00:33:52.7680070Z 
Build And Test iOS App	Generate, build, and run implementation checks	2026-09-11T00:33:52.7681520Z ProcessProductPackaging /Users/runner/work/autobyteus-workspace/autobyteus-workspace/autobyteus-ios/AutoByteusMobileShareExtension/AutoByteusMobileShareExtension.entitlements /Users/runner/Library/Developer/Xcode/DerivedData/AutoByteusMobile-cswwofbhrcnggmfwuxfpbtrwjhrw/Build/Intermediates.noindex/AutoByteusMobile.build/Debug-iphonesimulator/AutoByteusMobileShareExtension.build/AutoByteus\ Share.appex.xcent (in target 'AutoByteusMobileShareExtension' from project 'AutoByteusMobile')
Build And Test iOS App	Generate, build, and run implementation checks	2026-09-11T00:33:52.7683400Z     cd /Users/runner/work/autobyteus-workspace/autobyteus-workspace/autobyteus-ios
Build And Test iOS App	Generate, build, and run implementation checks	2026-09-11T00:33:52.7683820Z     
Build And Test iOS App	Generate, build, and run implementation checks	2026-09-11T00:33:52.7684070Z     Entitlements:
Build And Test iOS App	Generate, build, and run implementation checks	2026-09-11T00:33:52.7684270Z     
Build And Test iOS App	Generate, build, and run implementation checks	2026-09-11T00:33:52.7684490Z     {
Build And Test iOS App	Generate, build, and run implementation checks	2026-09-11T00:33:52.7684890Z }
Build And Test iOS App	Generate, build, and run implementation checks	2026-09-11T00:33:52.7685120Z     
Build And Test iOS App	Generate, build, and run implementation checks	2026-09-11T00:33:52.7687320Z     builtin-productPackagingUtility /Users/runner/work/autobyteus-workspace/autobyteus-workspace/autobyteus-ios/AutoByteusMobileShareExtension/AutoByteusMobileShareExtension.entitlements -entitlements -format xml -o /Users/runner/Library/Developer/Xcode/DerivedData/AutoByteusMobile-cswwofbhrcnggmfwuxfpbtrwjhrw/Build/Intermediates.noindex/AutoByteusMobile.build/Debug-iphonesimulator/AutoByteusMobileShareExtension.build/AutoByteus\ Share.appex.xcent
Build And Test iOS App	Generate, build, and run implementation checks	2026-09-11T00:33:52.7688790Z 
Build And Test iOS App	Generate, build, and run implementation checks	2026-09-11T00:33:52.7689730Z MkDir /Users/runner/Library/Developer/Xcode/DerivedData/AutoByteusMobile-cswwofbhrcnggmfwuxfpbtrwjhrw/Build/Products/Debug-iphonesimulator/AutoByteusMobileUITests-Runner.app/PlugIns/AutoByteusMobileUITests.xctest (in target 'AutoByteusMobileUITests' from project 'AutoByteusMobile')
Build And Test iOS App	Generate, build, and run implementation checks	2026-09-11T00:33:52.7786060Z     cd /Users/runner/work/autobyteus-workspace/autobyteus-workspace/autobyteus-ios
Build And Test iOS App	Generate, build, and run implementation checks	2026-09-11T00:33:52.7789440Z     /bin/mkdir -p /Users/runner/Library/Developer/Xcode/DerivedData/AutoByteusMobile-cswwofbhrcnggmfwuxfpbtrwjhrw/Build/Products/Debug-iphonesimulator/AutoByteusMobileUITests-Runner.app/PlugIns/AutoByteusMobileUITests.xctest
Build And Test iOS App	Generate, build, and run implementation checks	2026-09-11T00:33:52.7791720Z 
Build And Test iOS App	Generate, build, and run implementation checks	2026-09-11T00:33:52.7796250Z ProcessProductPackaging /Users/runner/work/autobyteus-workspace/autobyteus-workspace/autobyteus-ios/AutoByteusMobileShareExtension/AutoByteusMobileShareExtension.entitlements /Users/runner/Library/Developer/Xcode/DerivedData/AutoByteusMobile-cswwofbhrcnggmfwuxfpbtrwjhrw/Build/Intermediates.noindex/AutoByteusMobile.build/Debug-iphonesimulator/AutoByteusMobileShareExtension.build/AutoByteus\ Share.appex-Simulated.xcent (in target 'AutoByteusMobileShareExtension' from project 'AutoByteusMobile')
Build And Test iOS App	Generate, build, and run implementation checks	2026-09-11T00:33:52.7801720Z     cd /Users/runner/work/autobyteus-workspace/autobyteus-workspace/autobyteus-ios
Build And Test iOS App	Generate, build, and run implementation checks	2026-09-11T00:33:52.7802980Z     
Build And Test iOS App	Generate, build, and run implementation checks	2026-09-11T00:33:52.7803510Z     Entitlements:
Build And Test iOS App	Generate, build, and run implementation checks	2026-09-11T00:33:52.7804190Z     
Build And Test iOS App	Generate, build, and run implementation checks	2026-09-11T00:33:52.7804790Z     {
Build And Test iOS App	Generate, build, and run implementation checks	2026-09-11T00:33:52.7805780Z     "application-identifier" = "FAKETEAMID.org.autobyteus.mobile.share";
Build And Test iOS App	Generate, build, and run implementation checks	2026-09-11T00:33:52.7808240Z     "com.apple.security.application-groups" =     (
Build And Test iOS App	Generate, build, and run implementation checks	2026-09-11T00:33:52.7809010Z         "group.org.autobyteus.mobile"
Build And Test iOS App	Generate, build, and run implementation checks	2026-09-11T00:33:52.7809280Z     );
Build And Test iOS App	Generate, build, and run implementation checks	2026-09-11T00:33:52.7809600Z }
Build And Test iOS App	Generate, build, and run implementation checks	2026-09-11T00:33:52.7809850Z     
Build And Test iOS App	Generate, build, and run implementation checks	2026-09-11T00:33:52.7812240Z     builtin-productPackagingUtility /Users/runner/work/autobyteus-workspace/autobyteus-workspace/autobyteus-ios/AutoByteusMobileShareExtension/AutoByteusMobileShareExtension.entitlements -entitlements -format xml -o /Users/runner/Library/Developer/Xcode/DerivedData/AutoByteusMobile-cswwofbhrcnggmfwuxfpbtrwjhrw/Build/Intermediates.noindex/AutoByteusMobile.build/Debug-iphonesimulator/AutoByteusMobileShareExtension.build/AutoByteus\ Share.appex-Simulated.xcent
Build And Test iOS App	Generate, build, and run implementation checks	2026-09-11T00:33:52.7814150Z 
Build And Test iOS App	Generate, build, and run implementation checks	2026-09-11T00:33:52.7815080Z MkDir /Users/runner/Library/Developer/Xcode/DerivedData/AutoByteusMobile-cswwofbhrcnggmfwuxfpbtrwjhrw/Build/Products/Debug-iphonesimulator/AutoByteusMobileCoreTests.xctest/Frameworks (in target 'AutoByteusMobileCoreTests' from project 'AutoByteusMobile')
Build And Test iOS App	Generate, build, and run implementation checks	2026-09-11T00:33:52.7816320Z     cd /Users/runner/work/autobyteus-workspace/autobyteus-workspace/autobyteus-ios
Build And Test iOS App	Generate, build, and run implementation checks	2026-09-11T00:33:52.7817330Z     /bin/mkdir -p /Users/runner/Library/Developer/Xcode/DerivedData/AutoByteusMobile-cswwofbhrcnggmfwuxfpbtrwjhrw/Build/Products/Debug-iphonesimulator/AutoByteusMobileCoreTests.xctest/Frameworks
Build And Test iOS App	Generate, build, and run implementation checks	2026-09-11T00:33:52.7818090Z 
Build And Test iOS App	Generate, build, and run implementation checks	2026-09-11T00:33:52.7820650Z MkDir /Users/runner/Library/Developer/Xcode/DerivedData/AutoByteusMobile-cswwofbhrcnggmfwuxfpbtrwjhrw/Build/Products/Debug-iphonesimulator/AutoByteusMobileCoreTests.xctest (in target 'AutoByteusMobileCoreTests' from project 'AutoByteusMobile')
Build And Test iOS App	Generate, build, and run implementation checks	2026-09-11T00:33:52.7821750Z     cd /Users/runner/work/autobyteus-workspace/autobyteus-workspace/autobyteus-ios
Build And Test iOS App	Generate, build, and run implementation checks	2026-09-11T00:33:52.7822840Z     /bin/mkdir -p /Users/runner/Library/Developer/Xcode/DerivedData/AutoByteusMobile-cswwofbhrcnggmfwuxfpbtrwjhrw/Build/Products/Debug-iphonesimulator/AutoByteusMobileCoreTests.xctest
Build And Test iOS App	Generate, build, and run implementation checks	2026-09-11T00:33:52.7823570Z 
Build And Test iOS App	Generate, build, and run implementation checks	2026-09-11T00:33:52.7825340Z ProcessProductPackagingDER /Users/runner/Library/Developer/Xcode/DerivedData/AutoByteusMobile-cswwofbhrcnggmfwuxfpbtrwjhrw/Build/Intermediates.noindex/AutoByteusMobile.build/Debug-iphonesimulator/AutoByteusMobileShareExtension.build/AutoByteus\ Share.appex.xcent /Users/runner/Library/Developer/Xcode/DerivedData/AutoByteusMobile-cswwofbhrcnggmfwuxfpbtrwjhrw/Build/Intermediates.noindex/AutoByteusMobile.build/Debug-iphonesimulator/AutoByteusMobileShareExtension.build/AutoByteus\ Share.appex.xcent.der (in target 'AutoByteusMobileShareExtension' from project 'AutoByteusMobile')
Build And Test iOS App	Generate, build, and run implementation checks	2026-09-11T00:33:52.7827450Z     cd /Users/runner/work/autobyteus-workspace/autobyteus-workspace/autobyteus-ios
Build And Test iOS App	Generate, build, and run implementation checks	2026-09-11T00:33:52.7829300Z     /usr/bin/derq query -f xml -i /Users/runner/Library/Developer/Xcode/DerivedData/AutoByteusMobile-cswwofbhrcnggmfwuxfpbtrwjhrw/Build/Intermediates.noindex/AutoByteusMobile.build/Debug-iphonesimulator/AutoByteusMobileShareExtension.build/AutoByteus\ Share.appex.xcent -o /Users/runner/Library/Developer/Xcode/DerivedData/AutoByteusMobile-cswwofbhrcnggmfwuxfpbtrwjhrw/Build/Intermediates.noindex/AutoByteusMobile.build/Debug-iphonesimulator/AutoByteusMobileShareExtension.build/AutoByteus\ Share.appex.xcent.der --raw
Build And Test iOS App	Generate, build, and run implementation checks	2026-09-11T00:33:52.7830910Z 
Build And Test iOS App	Generate, build, and run implementation checks	2026-09-11T00:33:52.7832690Z ProcessProductPackagingDER /Users/runner/Library/Developer/Xcode/DerivedData/AutoByteusMobile-cswwofbhrcnggmfwuxfpbtrwjhrw/Build/Intermediates.noindex/AutoByteusMobile.build/Debug-iphonesimulator/AutoByteusMobileShareExtension.build/AutoByteus\ Share.appex-Simulated.xcent /Users/runner/Library/Developer/Xcode/DerivedData/AutoByteusMobile-cswwofbhrcnggmfwuxfpbtrwjhrw/Build/Intermediates.noindex/AutoByteusMobile.build/Debug-iphonesimulator/AutoByteusMobileShareExtension.build/AutoByteus\ Share.appex-Simulated.xcent.der (in target 'AutoByteusMobileShareExtension' from project 'AutoByteusMobile')
Build And Test iOS App	Generate, build, and run implementation checks	2026-09-11T00:33:52.7834830Z     cd /Users/runner/work/autobyteus-workspace/autobyteus-workspace/autobyteus-ios
Build And Test iOS App	Generate, build, and run implementation checks	2026-09-11T00:33:52.7837100Z     /usr/bin/derq query -f xml -i /Users/runner/Library/Developer/Xcode/DerivedData/AutoByteusMobile-cswwofbhrcnggmfwuxfpbtrwjhrw/Build/Intermediates.noindex/AutoByteusMobile.build/Debug-iphonesimulator/AutoByteusMobileShareExtension.build/AutoByteus\ Share.appex-Simulated.xcent -o /Users/runner/Library/Developer/Xcode/DerivedData/AutoByteusMobile-cswwofbhrcnggmfwuxfpbtrwjhrw/Build/Intermediates.noindex/AutoByteusMobile.build/Debug-iphonesimulator/AutoByteusMobileShareExtension.build/AutoByteus\ Share.appex-Simulated.xcent.der --raw
Build And Test iOS App	Generate, build, and run implementation checks	2026-09-11T00:33:52.7839780Z 
Build And Test iOS App	Generate, build, and run implementation checks	2026-09-11T00:33:52.7840370Z SwiftDriver AutoByteusMobileCoreTests normal arm64 com.apple.xcode.tools.swift.compiler (in target 'AutoByteusMobileCoreTests' from project 'AutoByteusMobile')
Build And Test iOS App	Generate, build, and run implementation checks	2026-09-11T00:33:52.7841170Z     cd /Users/runner/work/autobyteus-workspace/autobyteus-workspace/autobyteus-ios
Build And Test iOS App	Generate, build, and run implementation checks	2026-09-11T00:33:52.7902020Z     builtin-SwiftDriver -- /Applications/Xcode_26.3.app/Contents/Developer/Toolchains/XcodeDefault.xctoolchain/usr/bin/swiftc -module-name AutoByteusMobileCoreTests -Onone -enforce-exclusivity\=checked @/Users/runner/Library/Developer/Xcode/DerivedData/AutoByteusMobile-cswwofbhrcnggmfwuxfpbtrwjhrw/Build/Intermediates.noindex/AutoByteusMobile.build/Debug-iphonesimulator/AutoByteusMobileCoreTests.build/Objects-normal/arm64/AutoByteusMobileCoreTests.SwiftFileList -DDEBUG -plugin-path /Applications/Xcode_26.3.app/Contents/Developer/Toolchains/XcodeDefault.xctoolchain/usr/lib/swift/host/plugins/testing -enable-bare-slash-regex -enable-experimental-feature DebugDescriptionMacro -sdk /Applications/Xcode_26.3.app/Contents/Developer/Platforms/iPhoneSimulator.platform/Developer/SDKs/iPhoneSimulator26.2.sdk -target arm64-apple-ios17.0-simulator -g -module-cache-path /Users/runner/Library/Developer/Xcode/DerivedData/ModuleCache.noindex -Xfrontend -serialize-debugging-options -enable-testing -index-store-path /Users/runner/Library/Developer/Xcode/DerivedData/AutoByteusMobile-cswwofbhrcnggmfwuxfpbtrwjhrw/Index.noindex/DataStore -Xcc -D_LIBCPP_HARDENING_MODE\=_LIBCPP_HARDENING_MODE_DEBUG -swift-version 5 -I /Users/runner/Library/Developer/Xcode/DerivedData/AutoByteusMobile-cswwofbhrcnggmfwuxfpbtrwjhrw/Build/Products/Debug-iphonesimulator -Isystem /Applications/Xcode_26.3.app/Contents/Developer/Platforms/iPhoneSimulator.platform/Developer/usr/lib -F /Users/runner/Library/Developer/Xcode/DerivedData/AutoByteusMobile-cswwofbhrcnggmfwuxfpbtrwjhrw/Build/Products/Debug-iphonesimulator -F /Applications/Xcode_26.3.app/Contents/Developer/Platforms/iPhoneSimulator.platform/Developer/Library/Frameworks -F /Applications/Xcode_26.3.app/Contents/Developer/Platforms/iPhoneSimulator.platform/Developer/SDKs/iPhoneSimulator26.2.sdk/Developer/Library/Frameworks -c -j3 -enable-batch-mode -incremental -Xcc -ivfsstatcache -Xcc /Users/runner/Library/Developer/Xcode/DerivedData/SDKStatCaches.noindex/iphonesimulator26.2-23C57-dc75598d0054f22ec865fa860f139d72e244bd9a5feaf902f95f61bf06266e52.sdkstatcache -output-file-map /Users/runner/Library/Developer/Xcode/DerivedData/AutoByteusMobile-cswwofbhrcnggmfwuxfpbtrwjhrw/Build/Intermediates.noindex/AutoByteusMobile.build/Debug-iphonesimulator/AutoByteusMobileCoreTests.build/Objects-normal/arm64/AutoByteusMobileCoreTests-OutputFileMap.json -use-frontend-parseable-output -save-temps -no-color-diagnostics -explicit-module-build -module-cache-path /Users/runner/Library/Developer/Xcode/DerivedData/AutoByteusMobile-cswwofbhrcnggmfwuxfpbtrwjhrw/Build/Intermediates.noindex/SwiftExplicitPrecompiledModules -clang-scanner-module-cache-path /Users/runner/Library/Developer/Xcode/DerivedData/ModuleCache.noindex -sdk-module-cache-path /Users/runner/Library/Developer/Xcode/DerivedData/ModuleCache.noindex -serialize-diagnostics -emit-dependencies -emit-module -emit-module-path /Users/runner/Library/Developer/Xcode/DerivedData/AutoByteusMobile-cswwofbhrcnggmfwuxfpbtrwjhrw/Build/Intermediates.noindex/AutoByteusMobile.build/Debug-iphonesimulator/AutoByteusMobileCoreTests.build/Objects-normal/arm64/AutoByteusMobileCoreTests.swiftmodule -validate-clang-modules-once -clang-build-session-file /Users/runner/Library/Developer/Xcode/DerivedData/ModuleCache.noindex/Session.modulevalidation -Xcc -I/Users/runner/Library/Developer/Xcode/DerivedData/AutoByteusMobile-cswwofbhrcnggmfwuxfpbtrwjhrw/Build/Intermediates.noindex/AutoByteusMobile.build/Debug-iphonesimulator/AutoByteusMobileCoreTests.build/swift-overrides.hmap -emit-const-values -Xfrontend -const-gather-protocols-file -Xfrontend /Users/runner/Library/Developer/Xcode/DerivedData/AutoByteusMobile-cswwofbhrcnggmfwuxfpbtrwjhrw/Build/Intermediates.noindex/AutoByteusMobile.build/Debug-iphonesimulator/AutoByteusMobileCoreTests.build/Objects-normal/arm64/AutoByteusMobileCoreTests_const_extract_protocols.json -Xcc -iquote -Xcc /Users/runner/Library/Developer/Xcode/DerivedData/AutoByteusMobile-cswwofbhrcnggmfwuxfpbtrwjhrw/Build/Intermediates.noindex/AutoByteusMobile.build/Debug-iphonesimulator/AutoByteusMobileCoreTests.build/AutoByteusMobileCoreTests-generated-files.hmap -Xcc -I/Users/runner/Library/Developer/Xcode/DerivedData/AutoByteusMobile-cswwofbhrcnggmfwuxfpbtrwjhrw/Build/Intermediates.noindex/AutoByteusMobile.build/Debug-iphonesimulator/AutoByteusMobileCoreTests.build/AutoByteusMobileCoreTests-own-target-headers.hmap -Xcc -I/Users/runner/Library/Developer/Xcode/DerivedData/AutoByteusMobile-cswwofbhrcnggmfwuxfpbtrwjhrw/Build/Intermediates.noindex/AutoByteusMobile.build/Debug-iphonesimulator/AutoByteusMobileCoreTests.build/AutoByteusMobileCoreTests-all-non-framework-target-headers.hmap -Xcc -ivfsoverlay -Xcc /Users/runner/Library/Developer/Xcode/DerivedData/AutoByteusMobile-cswwofbhrcnggmfwuxfpbtrwjhrw/Build/Intermediates.noindex/AutoByteusMobile.build/Debug-iphonesimulator/AutoByteusMobile-d09bd929cb8c8855c839362787f87620-VFS-iphonesimulator/all-product-headers.yaml -Xcc -iquote -Xcc /Users/runner/Library/Developer/Xcode/DerivedData/AutoByteusMobile-cswwofbhrcnggmfwuxfpbtrwjhrw/Build/Intermediates.noindex/AutoByteusMobile.build/Debug-iphonesimulator/AutoByteusMobileCoreTests.build/AutoByteusMobileCoreTests-project-headers.hmap -Xcc -I/Users/runner/Library/Developer/Xcode/DerivedData/AutoByteusMobile-cswwofbhrcnggmfwuxfpbtrwjhrw/Build/Products/Debug-iphonesimulator/include -Xcc -I/Users/runner/Library/Developer/Xcode/DerivedData/AutoByteusMobile-cswwofbhrcnggmfwuxfpbtrwjhrw/Build/Intermediates.noindex/AutoByteusMobile.build/Debug-iphonesimulator/AutoByteusMobileCoreTests.build/DerivedSources-normal/arm64 -Xcc -I/Users/runner/Library/Developer/Xcode/DerivedData/AutoByteusMobile-cswwofbhrcnggmfwuxfpbtrwjhrw/Build/Intermediates.noindex/AutoByteusMobile.build/Debug-iphonesimulator/AutoByteusMobileCoreTests.build/DerivedSources/arm64 -Xcc -I/Users/runner/Library/Developer/Xcode/DerivedData/AutoByteusMobile-cswwofbhrcnggmfwuxfpbtrwjhrw/Build/Intermediates.noindex/AutoByteusMobile.build/Debug-iphonesimulator/AutoByteusMobileCoreTests.build/DerivedSources -Xcc -DDEBUG\=1 -emit-objc-header -emit-objc-header-path /Users/runner/Library/Developer/Xcode/DerivedData/AutoByteusMobile-cswwofbhrcnggmfwuxfpbtrwjhrw/Build/Intermediates.noindex/AutoByteusMobile.build/Debug-iphonesimulator/AutoByteusMobileCoreTests.build/Objects-normal/arm64/AutoByteusMobileCoreTests-Swift.h -working-directory /Users/runner/work/autobyteus-workspace/autobyteus-workspace/autobyteus-ios -experimental-emit-module-separately -disable-cmo
Build And Test iOS App	Generate, build, and run implementation checks	2026-09-11T00:33:54.8678830Z 
Build And Test iOS App	Generate, build, and run implementation checks	2026-09-11T00:33:54.8782060Z ProcessInfoPlistFile /Users/runner/Library/Developer/Xcode/DerivedData/AutoByteusMobile-cswwofbhrcnggmfwuxfpbtrwjhrw/Build/Products/Debug-iphonesimulator/AutoByteusMobileCoreTests.xctest/Info.plist /Users/runner/Library/Developer/Xcode/DerivedData/AutoByteusMobile-cswwofbhrcnggmfwuxfpbtrwjhrw/Build/Intermediates.noindex/AutoByteusMobile.build/Debug-iphonesimulator/AutoByteusMobileCoreTests.build/empty-AutoByteusMobileCoreTests.plist (in target 'AutoByteusMobileCoreTests' from project 'AutoByteusMobile')
Build And Test iOS App	Generate, build, and run implementation checks	2026-09-11T00:33:54.8880740Z     cd /Users/runner/work/autobyteus-workspace/autobyteus-workspace/autobyteus-ios
Build And Test iOS App	Generate, build, and run implementation checks	2026-09-11T00:33:54.9009110Z     builtin-infoPlistUtility /Users/runner/Library/Developer/Xcode/DerivedData/AutoByteusMobile-cswwofbhrcnggmfwuxfpbtrwjhrw/Build/Intermediates.noindex/AutoByteusMobile.build/Debug-iphonesimulator/AutoByteusMobileCoreTests.build/empty-AutoByteusMobileCoreTests.plist -producttype com.apple.product-type.bundle.unit-test -expandbuildsettings -format binary -platform iphonesimulator -o /Users/runner/Library/Developer/Xcode/DerivedData/AutoByteusMobile-cswwofbhrcnggmfwuxfpbtrwjhrw/Build/Products/Debug-iphonesimulator/AutoByteusMobileCoreTests.xctest/Info.plist
Build And Test iOS App	Generate, build, and run implementation checks	2026-09-11T00:33:54.9112610Z 
Build And Test iOS App	Generate, build, and run implementation checks	2026-09-11T00:33:54.9214600Z Ld /Users/runner/Library/Developer/Xcode/DerivedData/AutoByteusMobile-cswwofbhrcnggmfwuxfpbtrwjhrw/Build/Products/Debug-iphonesimulator/AutoByteus\ Share.appex/AutoByteus\ Share.debug.dylib normal (in target 'AutoByteusMobileShareExtension' from project 'AutoByteusMobile')
Build And Test iOS App	Generate, build, and run implementation checks	2026-09-11T00:33:54.9321450Z     cd /Users/runner/work/autobyteus-workspace/autobyteus-workspace/autobyteus-ios
Build And Test iOS App	Generate, build, and run implementation checks	2026-09-11T00:33:54.9448920Z     /Applications/Xcode_26.3.app/Contents/Developer/Toolchains/XcodeDefault.xctoolchain/usr/bin/clang -Xlinker -reproducible -target arm64-apple-ios17.0-simulator -dynamiclib -isysroot /Applications/Xcode_26.3.app/Contents/Developer/Platforms/iPhoneSimulator.platform/Developer/SDKs/iPhoneSimulator26.2.sdk -O0 -L/Users/runner/Library/Developer/Xcode/DerivedData/AutoByteusMobile-cswwofbhrcnggmfwuxfpbtrwjhrw/Build/Intermediates.noindex/EagerLinkingTBDs/Debug-iphonesimulator -L/Users/runner/Library/Developer/Xcode/DerivedData/AutoByteusMobile-cswwofbhrcnggmfwuxfpbtrwjhrw/Build/Products/Debug-iphonesimulator -F/Users/runner/Library/Developer/Xcode/DerivedData/AutoByteusMobile-cswwofbhrcnggmfwuxfpbtrwjhrw/Build/Intermediates.noindex/EagerLinkingTBDs/Debug-iphonesimulator -F/Users/runner/Library/Developer/Xcode/DerivedData/AutoByteusMobile-cswwofbhrcnggmfwuxfpbtrwjhrw/Build/Products/Debug-iphonesimulator -filelist /Users/runner/Library/Developer/Xcode/DerivedData/AutoByteusMobile-cswwofbhrcnggmfwuxfpbtrwjhrw/Build/Intermediates.noindex/AutoByteusMobile.build/Debug-iphonesimulator/AutoByteusMobileShareExtension.build/Objects-normal/arm64/AutoByteus\ Share.LinkFileList -install_name @rpath/AutoByteus\ Share.debug.dylib -Xlinker -rpath -Xlinker /usr/lib/swift -Xlinker -rpath -Xlinker @executable_path/Frameworks -Xlinker -rpath -Xlinker @executable_path/../../Frameworks -dead_strip -Xlinker -object_path_lto -Xlinker /Users/runner/Library/Developer/Xcode/DerivedData/AutoByteusMobile-cswwofbhrcnggmfwuxfpbtrwjhrw/Build/Intermediates.noindex/AutoByteusMobile.build/Debug-iphonesimulator/AutoByteusMobileShareExtension.build/Objects-normal/arm64/AutoByteus\ Share_lto.o -rdynamic -Xlinker -no_deduplicate -Xlinker -objc_abi_version -Xlinker 2 -Xlinker -dependency_info -Xlinker /Users/runner/Library/Developer/Xcode/DerivedData/AutoByteusMobile-cswwofbhrcnggmfwuxfpbtrwjhrw/Build/Intermediates.noindex/AutoByteusMobile.build/Debug-iphonesimulator/AutoByteusMobileShareExtension.build/Objects-normal/arm64/AutoByteus\ Share_dependency_info.dat -fapplication-extension -fobjc-link-runtime -L/Applications/Xcode_26.3.app/Contents/Developer/Toolchains/XcodeDefault.xctoolchain/usr/lib/swift/iphonesimulator -L/usr/lib/swift -Xlinker -add_ast_path -Xlinker /Users/runner/Library/Developer/Xcode/DerivedData/AutoByteusMobile-cswwofbhrcnggmfwuxfpbtrwjhrw/Build/Intermediates.noindex/AutoByteusMobile.build/Debug-iphonesimulator/AutoByteusMobileShareExtension.build/Objects-normal/arm64/AutoByteus_Share.swiftmodule @/Users/runner/Library/Developer/Xcode/DerivedData/AutoByteusMobile-cswwofbhrcnggmfwuxfpbtrwjhrw/Build/Intermediates.noindex/AutoByteusMobile.build/Debug-iphonesimulator/AutoByteusMobileShareExtension.build/Objects-normal/arm64/AutoByteus_Share-linker-args.resp -Xlinker -alias -Xlinker _NSExtensionMain -Xlinker ___debug_main_executable_dylib_entry_point -framework AutoByteusMobileCore -Xlinker -no_adhoc_codesign -o /Users/runner/Library/Developer/Xcode/DerivedData/AutoByteusMobile-cswwofbhrcnggmfwuxfpbtrwjhrw/Build/Products/Debug-iphonesimulator/AutoByteus\ Share.appex/AutoByteus\ Share.debug.dylib
Build And Test iOS App	Generate, build, and run implementation checks	2026-09-11T00:33:54.9533170Z 
Build And Test iOS App	Generate, build, and run implementation checks	2026-09-11T00:33:54.9651270Z ProcessInfoPlistFile /Users/runner/Library/Developer/Xcode/DerivedData/AutoByteusMobile-cswwofbhrcnggmfwuxfpbtrwjhrw/Build/Products/Debug-iphonesimulator/AutoByteus\ Share.appex/Info.plist /Users/runner/work/autobyteus-workspace/autobyteus-workspace/autobyteus-ios/AutoByteusMobileShareExtension/Info.plist (in target 'AutoByteusMobileShareExtension' from project 'AutoByteusMobile')
Build And Test iOS App	Generate, build, and run implementation checks	2026-09-11T00:33:54.9742740Z     cd /Users/runner/work/autobyteus-workspace/autobyteus-workspace/autobyteus-ios
Build And Test iOS App	Generate, build, and run implementation checks	2026-09-11T00:33:54.9780240Z     builtin-infoPlistUtility /Users/runner/work/autobyteus-workspace/autobyteus-workspace/autobyteus-ios/AutoByteusMobileShareExtension/Info.plist -producttype com.apple.product-type.app-extension -expandbuildsettings -format binary -platform iphonesimulator -o /Users/runner/Library/Developer/Xcode/DerivedData/AutoByteusMobile-cswwofbhrcnggmfwuxfpbtrwjhrw/Build/Products/Debug-iphonesimulator/AutoByteus\ Share.appex/Info.plist
Build And Test iOS App	Generate, build, and run implementation checks	2026-09-11T00:33:54.9785590Z 
Build And Test iOS App	Generate, build, and run implementation checks	2026-09-11T00:33:54.9802050Z ProcessProductPackaging /Users/runner/work/autobyteus-workspace/autobyteus-workspace/autobyteus-ios/AutoByteusMobile/AutoByteusMobile.entitlements /Users/runner/Library/Developer/Xcode/DerivedData/AutoByteusMobile-cswwofbhrcnggmfwuxfpbtrwjhrw/Build/Intermediates.noindex/AutoByteusMobile.build/Debug-iphonesimulator/AutoByteusMobile.build/AutoByteus.app.xcent (in target 'AutoByteusMobile' from project 'AutoByteusMobile')
Build And Test iOS App	Generate, build, and run implementation checks	2026-09-11T00:33:54.9807100Z     cd /Users/runner/work/autobyteus-workspace/autobyteus-workspace/autobyteus-ios
Build And Test iOS App	Generate, build, and run implementation checks	2026-09-11T00:33:54.9808370Z     
Build And Test iOS App	Generate, build, and run implementation checks	2026-09-11T00:33:54.9808850Z     Entitlements:
Build And Test iOS App	Generate, build, and run implementation checks	2026-09-11T00:33:54.9809520Z     
Build And Test iOS App	Generate, build, and run implementation checks	2026-09-11T00:33:54.9810140Z     {
Build And Test iOS App	Generate, build, and run implementation checks	2026-09-11T00:33:54.9810870Z }
Build And Test iOS App	Generate, build, and run implementation checks	2026-09-11T00:33:54.9811490Z     
Build And Test iOS App	Generate, build, and run implementation checks	2026-09-11T00:33:54.9815330Z     builtin-productPackagingUtility /Users/runner/work/autobyteus-workspace/autobyteus-workspace/autobyteus-ios/AutoByteusMobile/AutoByteusMobile.entitlements -entitlements -format xml -o /Users/runner/Library/Developer/Xcode/DerivedData/AutoByteusMobile-cswwofbhrcnggmfwuxfpbtrwjhrw/Build/Intermediates.noindex/AutoByteusMobile.build/Debug-iphonesimulator/AutoByteusMobile.build/AutoByteus.app.xcent
Build And Test iOS App	Generate, build, and run implementation checks	2026-09-11T00:33:54.9821160Z 
Build And Test iOS App	Generate, build, and run implementation checks	2026-09-11T00:33:54.9824770Z ProcessProductPackaging /Users/runner/work/autobyteus-workspace/autobyteus-workspace/autobyteus-ios/AutoByteusMobile/AutoByteusMobile.entitlements /Users/runner/Library/Developer/Xcode/DerivedData/AutoByteusMobile-cswwofbhrcnggmfwuxfpbtrwjhrw/Build/Intermediates.noindex/AutoByteusMobile.build/Debug-iphonesimulator/AutoByteusMobile.build/AutoByteus.app-Simulated.xcent (in target 'AutoByteusMobile' from project 'AutoByteusMobile')
Build And Test iOS App	Generate, build, and run implementation checks	2026-09-11T00:33:54.9831400Z     cd /Users/runner/work/autobyteus-workspace/autobyteus-workspace/autobyteus-ios
Build And Test iOS App	Generate, build, and run implementation checks	2026-09-11T00:33:54.9832440Z     
Build And Test iOS App	Generate, build, and run implementation checks	2026-09-11T00:33:54.9833070Z     Entitlements:
Build And Test iOS App	Generate, build, and run implementation checks	2026-09-11T00:33:54.9834070Z     
Build And Test iOS App	Generate, build, and run implementation checks	2026-09-11T00:33:54.9834340Z     {
Build And Test iOS App	Generate, build, and run implementation checks	2026-09-11T00:33:54.9834620Z     "application-identifier" = "FAKETEAMID.org.autobyteus.mobile";
Build And Test iOS App	Generate, build, and run implementation checks	2026-09-11T00:33:54.9835040Z     "com.apple.security.application-groups" =     (
Build And Test iOS App	Generate, build, and run implementation checks	2026-09-11T00:33:54.9835390Z         "group.org.autobyteus.mobile"
Build And Test iOS App	Generate, build, and run implementation checks	2026-09-11T00:33:54.9835620Z     );
Build And Test iOS App	Generate, build, and run implementation checks	2026-09-11T00:33:54.9835770Z }
Build And Test iOS App	Generate, build, and run implementation checks	2026-09-11T00:33:54.9835910Z     
Build And Test iOS App	Generate, build, and run implementation checks	2026-09-11T00:33:54.9837210Z     builtin-productPackagingUtility /Users/runner/work/autobyteus-workspace/autobyteus-workspace/autobyteus-ios/AutoByteusMobile/AutoByteusMobile.entitlements -entitlements -format xml -o /Users/runner/Library/Developer/Xcode/DerivedData/AutoByteusMobile-cswwofbhrcnggmfwuxfpbtrwjhrw/Build/Intermediates.noindex/AutoByteusMobile.build/Debug-iphonesimulator/AutoByteusMobile.build/AutoByteus.app-Simulated.xcent
Build And Test iOS App	Generate, build, and run implementation checks	2026-09-11T00:33:54.9839710Z 
Build And Test iOS App	Generate, build, and run implementation checks	2026-09-11T00:33:54.9841520Z ProcessProductPackagingDER /Users/runner/Library/Developer/Xcode/DerivedData/AutoByteusMobile-cswwofbhrcnggmfwuxfpbtrwjhrw/Build/Intermediates.noindex/AutoByteusMobile.build/Debug-iphonesimulator/AutoByteusMobile.build/AutoByteus.app.xcent /Users/runner/Library/Developer/Xcode/DerivedData/AutoByteusMobile-cswwofbhrcnggmfwuxfpbtrwjhrw/Build/Intermediates.noindex/AutoByteusMobile.build/Debug-iphonesimulator/AutoByteusMobile.build/AutoByteus.app.xcent.der (in target 'AutoByteusMobile' from project 'AutoByteusMobile')
Build And Test iOS App	Generate, build, and run implementation checks	2026-09-11T00:33:54.9843930Z     cd /Users/runner/work/autobyteus-workspace/autobyteus-workspace/autobyteus-ios
Build And Test iOS App	Generate, build, and run implementation checks	2026-09-11T00:33:54.9846420Z     /usr/bin/derq query -f xml -i /Users/runner/Library/Developer/Xcode/DerivedData/AutoByteusMobile-cswwofbhrcnggmfwuxfpbtrwjhrw/Build/Intermediates.noindex/AutoByteusMobile.build/Debug-iphonesimulator/AutoByteusMobile.build/AutoByteus.app.xcent -o /Users/runner/Library/Developer/Xcode/DerivedData/AutoByteusMobile-cswwofbhrcnggmfwuxfpbtrwjhrw/Build/Intermediates.noindex/AutoByteusMobile.build/Debug-iphonesimulator/AutoByteusMobile.build/AutoByteus.app.xcent.der --raw
Build And Test iOS App	Generate, build, and run implementation checks	2026-09-11T00:33:54.9847870Z 
Build And Test iOS App	Generate, build, and run implementation checks	2026-09-11T00:33:54.9849440Z ProcessProductPackagingDER /Users/runner/Library/Developer/Xcode/DerivedData/AutoByteusMobile-cswwofbhrcnggmfwuxfpbtrwjhrw/Build/Intermediates.noindex/AutoByteusMobile.build/Debug-iphonesimulator/AutoByteusMobile.build/AutoByteus.app-Simulated.xcent /Users/runner/Library/Developer/Xcode/DerivedData/AutoByteusMobile-cswwofbhrcnggmfwuxfpbtrwjhrw/Build/Intermediates.noindex/AutoByteusMobile.build/Debug-iphonesimulator/AutoByteusMobile.build/AutoByteus.app-Simulated.xcent.der (in target 'AutoByteusMobile' from project 'AutoByteusMobile')
Build And Test iOS App	Generate, build, and run implementation checks	2026-09-11T00:33:54.9851790Z     cd /Users/runner/work/autobyteus-workspace/autobyteus-workspace/autobyteus-ios
Build And Test iOS App	Generate, build, and run implementation checks	2026-09-11T00:33:54.9853600Z     /usr/bin/derq query -f xml -i /Users/runner/Library/Developer/Xcode/DerivedData/AutoByteusMobile-cswwofbhrcnggmfwuxfpbtrwjhrw/Build/Intermediates.noindex/AutoByteusMobile.build/Debug-iphonesimulator/AutoByteusMobile.build/AutoByteus.app-Simulated.xcent -o /Users/runner/Library/Developer/Xcode/DerivedData/AutoByteusMobile-cswwofbhrcnggmfwuxfpbtrwjhrw/Build/Intermediates.noindex/AutoByteusMobile.build/Debug-iphonesimulator/AutoByteusMobile.build/AutoByteus.app-Simulated.xcent.der --raw
Build And Test iOS App	Generate, build, and run implementation checks	2026-09-11T00:33:54.9855130Z 
Build And Test iOS App	Generate, build, and run implementation checks	2026-09-11T00:33:54.9856100Z ProcessProductPackaging "" /Users/runner/Library/Developer/Xcode/DerivedData/AutoByteusMobile-cswwofbhrcnggmfwuxfpbtrwjhrw/Build/Intermediates.noindex/AutoByteusMobile.build/Debug-iphonesimulator/AutoByteusMobileUITests.build/AutoByteusMobileUITests.xctest-Simulated.xcent (in target 'AutoByteusMobileUITests' from project 'AutoByteusMobile')
Build And Test iOS App	Generate, build, and run implementation checks	2026-09-11T00:33:54.9857380Z     cd /Users/runner/work/autobyteus-workspace/autobyteus-workspace/autobyteus-ios
Build And Test iOS App	Generate, build, and run implementation checks	2026-09-11T00:33:54.9857740Z     
Build And Test iOS App	Generate, build, and run implementation checks	2026-09-11T00:33:54.9857900Z     Entitlements:
Build And Test iOS App	Generate, build, and run implementation checks	2026-09-11T00:33:54.9858070Z     
Build And Test iOS App	Generate, build, and run implementation checks	2026-09-11T00:33:54.9858220Z     {
Build And Test iOS App	Generate, build, and run implementation checks	2026-09-11T00:33:54.9858530Z     "application-identifier" = "FAKETEAMID.org.autobyteus.mobile.ui-tests.xctrunner";
Build And Test iOS App	Generate, build, and run implementation checks	2026-09-11T00:33:54.9858920Z     "keychain-access-groups" =     (
Build And Test iOS App	Generate, build, and run implementation checks	2026-09-11T00:33:54.9859230Z         "FAKETEAMID.org.autobyteus.mobile.ui-tests.xctrunner"
Build And Test iOS App	Generate, build, and run implementation checks	2026-09-11T00:33:54.9859640Z     );
Build And Test iOS App	Generate, build, and run implementation checks	2026-09-11T00:33:54.9859810Z }
Build And Test iOS App	Generate, build, and run implementation checks	2026-09-11T00:33:54.9860070Z     
Build And Test iOS App	Generate, build, and run implementation checks	2026-09-11T00:33:54.9861070Z     builtin-productPackagingUtility -entitlements -format xml -o /Users/runner/Library/Developer/Xcode/DerivedData/AutoByteusMobile-cswwofbhrcnggmfwuxfpbtrwjhrw/Build/Intermediates.noindex/AutoByteusMobile.build/Debug-iphonesimulator/AutoByteusMobileUITests.build/AutoByteusMobileUITests.xctest-Simulated.xcent
Build And Test iOS App	Generate, build, and run implementation checks	2026-09-11T00:33:54.9862060Z 
Build And Test iOS App	Generate, build, and run implementation checks	2026-09-11T00:33:54.9863800Z ProcessProductPackagingDER /Users/runner/Library/Developer/Xcode/DerivedData/AutoByteusMobile-cswwofbhrcnggmfwuxfpbtrwjhrw/Build/Intermediates.noindex/AutoByteusMobile.build/Debug-iphonesimulator/AutoByteusMobileUITests.build/AutoByteusMobileUITests.xctest-Simulated.xcent /Users/runner/Library/Developer/Xcode/DerivedData/AutoByteusMobile-cswwofbhrcnggmfwuxfpbtrwjhrw/Build/Intermediates.noindex/AutoByteusMobile.build/Debug-iphonesimulator/AutoByteusMobileUITests.build/AutoByteusMobileUITests.xctest-Simulated.xcent.der (in target 'AutoByteusMobileUITests' from project 'AutoByteusMobile')
Build And Test iOS App	Generate, build, and run implementation checks	2026-09-11T00:33:54.9867800Z     cd /Users/runner/work/autobyteus-workspace/autobyteus-workspace/autobyteus-ios
Build And Test iOS App	Generate, build, and run implementation checks	2026-09-11T00:33:54.9870190Z     /usr/bin/derq query -f xml -i /Users/runner/Library/Developer/Xcode/DerivedData/AutoByteusMobile-cswwofbhrcnggmfwuxfpbtrwjhrw/Build/Intermediates.noindex/AutoByteusMobile.build/Debug-iphonesimulator/AutoByteusMobileUITests.build/AutoByteusMobileUITests.xctest-Simulated.xcent -o /Users/runner/Library/Developer/Xcode/DerivedData/AutoByteusMobile-cswwofbhrcnggmfwuxfpbtrwjhrw/Build/Intermediates.noindex/AutoByteusMobile.build/Debug-iphonesimulator/AutoByteusMobileUITests.build/AutoByteusMobileUITests.xctest-Simulated.xcent.der --raw
Build And Test iOS App	Generate, build, and run implementation checks	2026-09-11T00:33:54.9872050Z 
Build And Test iOS App	Generate, build, and run implementation checks	2026-09-11T00:33:54.9872510Z SwiftDriver AutoByteusMobileUITests normal arm64 com.apple.xcode.tools.swift.compiler (in target 'AutoByteusMobileUITests' from project 'AutoByteusMobile')
Build And Test iOS App	Generate, build, and run implementation checks	2026-09-11T00:33:54.9873210Z     cd /Users/runner/work/autobyteus-workspace/autobyteus-workspace/autobyteus-ios
Build And Test iOS App	Generate, build, and run implementation checks	2026-09-11T00:33:54.9920080Z     builtin-SwiftDriver -- /Applications/Xcode_26.3.app/Contents/Developer/Toolchains/XcodeDefault.xctoolchain/usr/bin/swiftc -module-name AutoByteusMobileUITests -Onone -enforce-exclusivity\=checked @/Users/runner/Library/Developer/Xcode/DerivedData/AutoByteusMobile-cswwofbhrcnggmfwuxfpbtrwjhrw/Build/Intermediates.noindex/AutoByteusMobile.build/Debug-iphonesimulator/AutoByteusMobileUITests.build/Objects-normal/arm64/AutoByteusMobileUITests.SwiftFileList -DDEBUG -module-alias Testing\=_Testing_Unavailable -plugin-path /Applications/Xcode_26.3.app/Contents/Developer/Toolchains/XcodeDefault.xctoolchain/usr/lib/swift/host/plugins/testing -enable-bare-slash-regex -enable-experimental-feature DebugDescriptionMacro -sdk /Applications/Xcode_26.3.app/Contents/Developer/Platforms/iPhoneSimulator.platform/Developer/SDKs/iPhoneSimulator26.2.sdk -target arm64-apple-ios17.0-simulator -g -module-cache-path /Users/runner/Library/Developer/Xcode/DerivedData/ModuleCache.noindex -Xfrontend -serialize-debugging-options -enable-testing -index-store-path /Users/runner/Library/Developer/Xcode/DerivedData/AutoByteusMobile-cswwofbhrcnggmfwuxfpbtrwjhrw/Index.noindex/DataStore -Xcc -D_LIBCPP_HARDENING_MODE\=_LIBCPP_HARDENING_MODE_DEBUG -swift-version 5 -I /Users/runner/Library/Developer/Xcode/DerivedData/AutoByteusMobile-cswwofbhrcnggmfwuxfpbtrwjhrw/Build/Products/Debug-iphonesimulator -Isystem /Applications/Xcode_26.3.app/Contents/Developer/Platforms/iPhoneSimulator.platform/Developer/usr/lib -F /Users/runner/Library/Developer/Xcode/DerivedData/AutoByteusMobile-cswwofbhrcnggmfwuxfpbtrwjhrw/Build/Products/Debug-iphonesimulator -F /Applications/Xcode_26.3.app/Contents/Developer/Platforms/iPhoneSimulator.platform/Developer/Library/Frameworks -F /Applications/Xcode_26.3.app/Contents/Developer/Platforms/iPhoneSimulator.platform/Developer/SDKs/iPhoneSimulator26.2.sdk/Developer/Library/Frameworks -parse-as-library -c -j3 -enable-batch-mode -incremental -Xcc -ivfsstatcache -Xcc /Users/runner/Library/Developer/Xcode/DerivedData/SDKStatCaches.noindex/iphonesimulator26.2-23C57-dc75598d0054f22ec865fa860f139d72e244bd9a5feaf902f95f61bf06266e52.sdkstatcache -output-file-map /Users/runner/Library/Developer/Xcode/DerivedData/AutoByteusMobile-cswwofbhrcnggmfwuxfpbtrwjhrw/Build/Intermediates.noindex/AutoByteusMobile.build/Debug-iphonesimulator/AutoByteusMobileUITests.build/Objects-normal/arm64/AutoByteusMobileUITests-OutputFileMap.json -use-frontend-parseable-output -save-temps -no-color-diagnostics -explicit-module-build -module-cache-path /Users/runner/Library/Developer/Xcode/DerivedData/AutoByteusMobile-cswwofbhrcnggmfwuxfpbtrwjhrw/Build/Intermediates.noindex/SwiftExplicitPrecompiledModules -clang-scanner-module-cache-path /Users/runner/Library/Developer/Xcode/DerivedData/ModuleCache.noindex -sdk-module-cache-path /Users/runner/Library/Developer/Xcode/DerivedData/ModuleCache.noindex -serialize-diagnostics -emit-dependencies -emit-module -emit-module-path /Users/runner/Library/Developer/Xcode/DerivedData/AutoByteusMobile-cswwofbhrcnggmfwuxfpbtrwjhrw/Build/Intermediates.noindex/AutoByteusMobile.build/Debug-iphonesimulator/AutoByteusMobileUITests.build/Objects-normal/arm64/AutoByteusMobileUITests.swiftmodule -validate-clang-modules-once -clang-build-session-file /Users/runner/Library/Developer/Xcode/DerivedData/ModuleCache.noindex/Session.modulevalidation -Xcc -I/Users/runner/Library/Developer/Xcode/DerivedData/AutoByteusMobile-cswwofbhrcnggmfwuxfpbtrwjhrw/Build/Intermediates.noindex/AutoByteusMobile.build/Debug-iphonesimulator/AutoByteusMobileUITests.build/swift-overrides.hmap -emit-const-values -Xfrontend -const-gather-protocols-file -Xfrontend /Users/runner/Library/Developer/Xcode/DerivedData/AutoByteusMobile-cswwofbhrcnggmfwuxfpbtrwjhrw/Build/Intermediates.noindex/AutoByteusMobile.build/Debug-iphonesimulator/AutoByteusMobileUITests.build/Objects-normal/arm64/AutoByteusMobileUITests_const_extract_protocols.json -Xcc -iquote -Xcc /Users/runner/Library/Developer/Xcode/DerivedData/AutoByteusMobile-cswwofbhrcnggmfwuxfpbtrwjhrw/Build/Intermediates.noindex/AutoByteusMobile.build/Debug-iphonesimulator/AutoByteusMobileUITests.build/AutoByteusMobileUITests-generated-files.hmap -Xcc -I/Users/runner/Library/Developer/Xcode/DerivedData/AutoByteusMobile-cswwofbhrcnggmfwuxfpbtrwjhrw/Build/Intermediates.noindex/AutoByteusMobile.build/Debug-iphonesimulator/AutoByteusMobileUITests.build/AutoByteusMobileUITests-own-target-headers.hmap -Xcc -I/Users/runner/Library/Developer/Xcode/DerivedData/AutoByteusMobile-cswwofbhrcnggmfwuxfpbtrwjhrw/Build/Intermediates.noindex/AutoByteusMobile.build/Debug-iphonesimulator/AutoByteusMobileUITests.build/AutoByteusMobileUITests-all-non-framework-target-headers.hmap -Xcc -ivfsoverlay -Xcc /Users/runner/Library/Developer/Xcode/DerivedData/AutoByteusMobile-cswwofbhrcnggmfwuxfpbtrwjhrw/Build/Intermediates.noindex/AutoByteusMobile.build/Debug-iphonesimulator/AutoByteusMobile-d09bd929cb8c8855c839362787f87620-VFS-iphonesimulator/all-product-headers.yaml -Xcc -iquote -Xcc /Users/runner/Library/Developer/Xcode/DerivedData/AutoByteusMobile-cswwofbhrcnggmfwuxfpbtrwjhrw/Build/Intermediates.noindex/AutoByteusMobile.build/Debug-iphonesimulator/AutoByteusMobileUITests.build/AutoByteusMobileUITests-project-headers.hmap -Xcc -I/Users/runner/Library/Developer/Xcode/DerivedData/AutoByteusMobile-cswwofbhrcnggmfwuxfpbtrwjhrw/Build/Products/Debug-iphonesimulator/include -Xcc -I/Users/runner/Library/Developer/Xcode/DerivedData/AutoByteusMobile-cswwofbhrcnggmfwuxfpbtrwjhrw/Build/Intermediates.noindex/AutoByteusMobile.build/Debug-iphonesimulator/AutoByteusMobileUITests.build/DerivedSources-normal/arm64 -Xcc -I/Users/runner/Library/Developer/Xcode/DerivedData/AutoByteusMobile-cswwofbhrcnggmfwuxfpbtrwjhrw/Build/Intermediates.noindex/AutoByteusMobile.build/Debug-iphonesimulator/AutoByteusMobileUITests.build/DerivedSources/arm64 -Xcc -I/Users/runner/Library/Developer/Xcode/DerivedData/AutoByteusMobile-cswwofbhrcnggmfwuxfpbtrwjhrw/Build/Intermediates.noindex/AutoByteusMobile.build/Debug-iphonesimulator/AutoByteusMobileUITests.build/DerivedSources -Xcc -DDEBUG\=1 -emit-objc-header -emit-objc-header-path /Users/runner/Library/Developer/Xcode/DerivedData/AutoByteusMobile-cswwofbhrcnggmfwuxfpbtrwjhrw/Build/Intermediates.noindex/AutoByteusMobile.build/Debug-iphonesimulator/AutoByteusMobileUITests.build/Objects-normal/arm64/AutoByteusMobileUITests-Swift.h -working-directory /Users/runner/work/autobyteus-workspace/autobyteus-workspace/autobyteus-ios -experimental-emit-module-separately -disable-cmo
Build And Test iOS App	Generate, build, and run implementation checks	2026-09-11T00:33:54.9978110Z 
Build And Test iOS App	Generate, build, and run implementation checks	2026-09-11T00:33:54.9981310Z ConstructStubExecutorLinkFileList /Users/runner/Library/Developer/Xcode/DerivedData/AutoByteusMobile-cswwofbhrcnggmfwuxfpbtrwjhrw/Build/Intermediates.noindex/AutoByteusMobile.build/Debug-iphonesimulator/AutoByteusMobileShareExtension.build/AutoByteus\ Share-ExecutorLinkFileList-normal-arm64.txt (in target 'AutoByteusMobileShareExtension' from project 'AutoByteusMobile')
Build And Test iOS App	Generate, build, and run implementation checks	2026-09-11T00:33:54.9986300Z     cd /Users/runner/work/autobyteus-workspace/autobyteus-workspace/autobyteus-ios
Build And Test iOS App	Generate, build, and run implementation checks	2026-09-11T00:33:54.9989220Z     construct-stub-executor-link-file-list /Users/runner/Library/Developer/Xcode/DerivedData/AutoByteusMobile-cswwofbhrcnggmfwuxfpbtrwjhrw/Build/Products/Debug-iphonesimulator/AutoByteus\ Share.appex/AutoByteus\ Share.debug.dylib /Applications/Xcode_26.3.app/Contents/Developer/Platforms/iPhoneSimulator.platform/Developer/usr/lib/libPreviewsJITStubExecutor_no_swift_entry_point.a /Applications/Xcode_26.3.app/Contents/Developer/Platforms/iPhoneSimulator.platform/Developer/usr/lib/libPreviewsJITStubExecutor.a --output /Users/runner/Library/Developer/Xcode/DerivedData/AutoByteusMobile-cswwofbhrcnggmfwuxfpbtrwjhrw/Build/Intermediates.noindex/AutoByteusMobile.build/Debug-iphonesimulator/AutoByteusMobileShareExtension.build/AutoByteus\ Share-ExecutorLinkFileList-normal-arm64.txt
Build And Test iOS App	Generate, build, and run implementation checks	2026-09-11T00:33:54.9992320Z note: Using stub executor library without Swift entry point. (in target 'AutoByteusMobileShareExtension' from project 'AutoByteusMobile')
Build And Test iOS App	Generate, build, and run implementation checks	2026-09-11T00:33:54.9992760Z 
Build And Test iOS App	Generate, build, and run implementation checks	2026-09-11T00:33:54.9993590Z Ld /Users/runner/Library/Developer/Xcode/DerivedData/AutoByteusMobile-cswwofbhrcnggmfwuxfpbtrwjhrw/Build/Products/Debug-iphonesimulator/AutoByteus\ Share.appex/AutoByteus\ Share normal (in target 'AutoByteusMobileShareExtension' from project 'AutoByteusMobile')
Build And Test iOS App	Generate, build, and run implementation checks	2026-09-11T00:33:54.9994650Z     cd /Users/runner/work/autobyteus-workspace/autobyteus-workspace/autobyteus-ios
Build And Test iOS App	Generate, build, and run implementation checks	2026-09-11T00:33:55.0004520Z     /Applications/Xcode_26.3.app/Contents/Developer/Toolchains/XcodeDefault.xctoolchain/usr/bin/clang -Xlinker -reproducible -target arm64-apple-ios17.0-simulator -isysroot /Applications/Xcode_26.3.app/Contents/Developer/Platforms/iPhoneSimulator.platform/Developer/SDKs/iPhoneSimulator26.2.sdk -O0 -L/Users/runner/Library/Developer/Xcode/DerivedData/AutoByteusMobile-cswwofbhrcnggmfwuxfpbtrwjhrw/Build/Products/Debug-iphonesimulator -F/Users/runner/Library/Developer/Xcode/DerivedData/AutoByteusMobile-cswwofbhrcnggmfwuxfpbtrwjhrw/Build/Products/Debug-iphonesimulator -Xlinker -rpath -Xlinker @executable_path -Xlinker -rpath -Xlinker @executable_path/Frameworks -Xlinker -rpath -Xlinker @executable_path/../../Frameworks -rdynamic -Xlinker -no_deduplicate -Xlinker -objc_abi_version -Xlinker 2 -e ___debug_blank_executor_main -Xlinker -sectcreate -Xlinker __TEXT -Xlinker __debug_dylib -Xlinker /Users/runner/Library/Developer/Xcode/DerivedData/AutoByteusMobile-cswwofbhrcnggmfwuxfpbtrwjhrw/Build/Intermediates.noindex/AutoByteusMobile.build/Debug-iphonesimulator/AutoByteusMobileShareExtension.build/AutoByteus\ Share-DebugDylibPath-normal-arm64.txt -Xlinker -sectcreate -Xlinker __TEXT -Xlinker __debug_entry -Xlinker /Users/runner/Library/Developer/Xcode/DerivedData/AutoByteusMobile-cswwofbhrcnggmfwuxfpbtrwjhrw/Build/Intermediates.noindex/AutoByteusMobile.build/Debug-iphonesimulator/AutoByteusMobileShareExtension.build/AutoByteus\ Share-DebugEntryPoint-normal-arm64.txt -Xlinker -sectcreate -Xlinker __TEXT -Xlinker __debug_instlnm -Xlinker /Users/runner/Library/Developer/Xcode/DerivedData/AutoByteusMobile-cswwofbhrcnggmfwuxfpbtrwjhrw/Build/Intermediates.noindex/AutoByteusMobile.build/Debug-iphonesimulator/AutoByteusMobileShareExtension.build/AutoByteus\ Share-DebugDylibInstallName-normal-arm64.txt -Xlinker -filelist -Xlinker /Users/runner/Library/Developer/Xcode/DerivedData/AutoByteusMobile-cswwofbhrcnggmfwuxfpbtrwjhrw/Build/Intermediates.noindex/AutoByteusMobile.build/Debug-iphonesimulator/AutoByteusMobileShareExtension.build/AutoByteus\ Share-ExecutorLinkFileList-normal-arm64.txt -Xlinker -sectcreate -Xlinker __TEXT -Xlinker __entitlements -Xlinker /Users/runner/Library/Developer/Xcode/DerivedData/AutoByteusMobile-cswwofbhrcnggmfwuxfpbtrwjhrw/Build/Intermediates.noindex/AutoByteusMobile.build/Debug-iphonesimulator/AutoByteusMobileShareExtension.build/AutoByteus\ Share.appex-Simulated.xcent -Xlinker -sectcreate -Xlinker __TEXT -Xlinker __ents_der -Xlinker /Users/runner/Library/Developer/Xcode/DerivedData/AutoByteusMobile-cswwofbhrcnggmfwuxfpbtrwjhrw/Build/Intermediates.noindex/AutoByteusMobile.build/Debug-iphonesimulator/AutoByteusMobileShareExtension.build/AutoByteus\ Share.appex-Simulated.xcent.der /Users/runner/Library/Developer/Xcode/DerivedData/AutoByteusMobile-cswwofbhrcnggmfwuxfpbtrwjhrw/Build/Products/Debug-iphonesimulator/AutoByteus\ Share.appex/AutoByteus\ Share.debug.dylib -Xlinker -no_adhoc_codesign -o /Users/runner/Library/Developer/Xcode/DerivedData/AutoByteusMobile-cswwofbhrcnggmfwuxfpbtrwjhrw/Build/Products/Debug-iphonesimulator/AutoByteus\ Share.appex/AutoByteus\ Share
Build And Test iOS App	Generate, build, and run implementation checks	2026-09-11T00:33:55.0019280Z 
Build And Test iOS App	Generate, build, and run implementation checks	2026-09-11T00:33:55.0019580Z ExtractAppIntentsMetadata (in target 'AutoByteusMobileShareExtension' from project 'AutoByteusMobile')
Build And Test iOS App	Generate, build, and run implementation checks	2026-09-11T00:33:55.0020140Z     cd /Users/runner/work/autobyteus-workspace/autobyteus-workspace/autobyteus-ios
Build And Test iOS App	Generate, build, and run implementation checks	2026-09-11T00:33:55.0029330Z     /Applications/Xcode_26.3.app/Contents/Developer/Toolchains/XcodeDefault.xctoolchain/usr/bin/appintentsmetadataprocessor --toolchain-dir /var/run/com.apple.security.cryptexd/mnt/com.apple.MobileAsset.MetalToolchain-v17.3.7003.10.eFrmP5/Metal.xctoolchain --module-name AutoByteus_Share --sdk-root /Applications/Xcode_26.3.app/Contents/Developer/Platforms/iPhoneSimulator.platform/Developer/SDKs/iPhoneSimulator26.2.sdk --xcode-version 17C529 --platform-family iOS --deployment-target 17.0 --bundle-identifier org.autobyteus.mobile.share --output /Users/runner/Library/Developer/Xcode/DerivedData/AutoByteusMobile-cswwofbhrcnggmfwuxfpbtrwjhrw/Build/Products/Debug-iphonesimulator/AutoByteus\ Share.appex --target-triple arm64-apple-ios17.0-simulator --binary-file /Users/runner/Library/Developer/Xcode/DerivedData/AutoByteusMobile-cswwofbhrcnggmfwuxfpbtrwjhrw/Build/Products/Debug-iphonesimulator/AutoByteus\ Share.appex/AutoByteus\ Share --dependency-file /Users/runner/Library/Developer/Xcode/DerivedData/AutoByteusMobile-cswwofbhrcnggmfwuxfpbtrwjhrw/Build/Intermediates.noindex/AutoByteusMobile.build/Debug-iphonesimulator/AutoByteusMobileShareExtension.build/Objects-normal/arm64/AutoByteus\ Share_dependency_info.dat --stringsdata-file /Users/runner/Library/Developer/Xcode/DerivedData/AutoByteusMobile-cswwofbhrcnggmfwuxfpbtrwjhrw/Build/Intermediates.noindex/AutoByteusMobile.build/Debug-iphonesimulator/AutoByteusMobileShareExtension.build/Objects-normal/arm64/ExtractedAppShortcutsMetadata.stringsdata --source-file-list /Users/runner/Library/Developer/Xcode/DerivedData/AutoByteusMobile-cswwofbhrcnggmfwuxfpbtrwjhrw/Build/Intermediates.noindex/AutoByteusMobile.build/Debug-iphonesimulator/AutoByteusMobileShareExtension.build/Objects-normal/arm64/AutoByteus\ Share.SwiftFileList --metadata-file-list /Users/runner/Library/Developer/Xcode/DerivedData/AutoByteusMobile-cswwofbhrcnggmfwuxfpbtrwjhrw/Build/Intermediates.noindex/AutoByteusMobile.build/Debug-iphonesimulator/AutoByteusMobileShareExtension.build/AutoByteus\ Share.DependencyMetadataFileList --static-metadata-file-list /Users/runner/Library/Developer/Xcode/DerivedData/AutoByteusMobile-cswwofbhrcnggmfwuxfpbtrwjhrw/Build/Intermediates.noindex/AutoByteusMobile.build/Debug-iphonesimulator/AutoByteusMobileShareExtension.build/AutoByteus\ Share.DependencyStaticMetadataFileList --swift-const-vals-list /Users/runner/Library/Developer/Xcode/DerivedData/AutoByteusMobile-cswwofbhrcnggmfwuxfpbtrwjhrw/Build/Intermediates.noindex/AutoByteusMobile.build/Debug-iphonesimulator/AutoByteusMobileShareExtension.build/Objects-normal/arm64/AutoByteus\ Share.SwiftConstValuesFileList --compile-time-extraction --deployment-aware-processing --validate-assistant-intents --no-app-shortcuts-localization
Build And Test iOS App	Generate, build, and run implementation checks	2026-09-11T00:33:55.0045320Z 2026-09-11 00:33:53.379 appintentsmetadataprocessor[3808:15169] Starting appintentsmetadataprocessor export
Build And Test iOS App	Generate, build, and run implementation checks	2026-09-11T00:33:55.0046080Z 2026-09-11 00:33:53.381 appintentsmetadataprocessor[3808:15169] warning: Metadata extraction skipped. No AppIntents.framework dependency found.
Build And Test iOS App	Generate, build, and run implementation checks	2026-09-11T00:33:55.0046500Z 
Build And Test iOS App	Generate, build, and run implementation checks	2026-09-11T00:33:55.0047280Z CodeSign /Users/runner/Library/Developer/Xcode/DerivedData/AutoByteusMobile-cswwofbhrcnggmfwuxfpbtrwjhrw/Build/Products/Debug-iphonesimulator/AutoByteus\ Share.appex/AutoByteus\ Share.debug.dylib (in target 'AutoByteusMobileShareExtension' from project 'AutoByteusMobile')
Build And Test iOS App	Generate, build, and run implementation checks	2026-09-11T00:33:55.0048940Z     cd /Users/runner/work/autobyteus-workspace/autobyteus-workspace/autobyteus-ios
Build And Test iOS App	Generate, build, and run implementation checks	2026-09-11T00:33:55.0049280Z     
Build And Test iOS App	Generate, build, and run implementation checks	2026-09-11T00:33:55.0049470Z     Signing Identity:     "Sign to Run Locally"
Build And Test iOS App	Generate, build, and run implementation checks	2026-09-11T00:33:55.0049720Z     
Build And Test iOS App	Generate, build, and run implementation checks	2026-09-11T00:33:55.0050550Z     /usr/bin/codesign --force --sign - --timestamp\=none --generate-entitlement-der /Users/runner/Library/Developer/Xcode/DerivedData/AutoByteusMobile-cswwofbhrcnggmfwuxfpbtrwjhrw/Build/Products/Debug-iphonesimulator/AutoByteus\ Share.appex/AutoByteus\ Share.debug.dylib
Build And Test iOS App	Generate, build, and run implementation checks	2026-09-11T00:33:55.0051370Z 
Build And Test iOS App	Generate, build, and run implementation checks	2026-09-11T00:33:55.0052050Z CodeSign /Users/runner/Library/Developer/Xcode/DerivedData/AutoByteusMobile-cswwofbhrcnggmfwuxfpbtrwjhrw/Build/Products/Debug-iphonesimulator/AutoByteus\ Share.appex (in target 'AutoByteusMobileShareExtension' from project 'AutoByteusMobile')
Build And Test iOS App	Generate, build, and run implementation checks	2026-09-11T00:33:55.0053090Z     cd /Users/runner/work/autobyteus-workspace/autobyteus-workspace/autobyteus-ios
Build And Test iOS App	Generate, build, and run implementation checks	2026-09-11T00:33:55.0053510Z     
Build And Test iOS App	Generate, build, and run implementation checks	2026-09-11T00:33:55.0053720Z     Signing Identity:     "Sign to Run Locally"
Build And Test iOS App	Generate, build, and run implementation checks	2026-09-11T00:33:55.0053950Z     
Build And Test iOS App	Generate, build, and run implementation checks	2026-09-11T00:33:55.0058900Z     /usr/bin/codesign --force --sign - --entitlements /Users/runner/Library/Developer/Xcode/DerivedData/AutoByteusMobile-cswwofbhrcnggmfwuxfpbtrwjhrw/Build/Intermediates.noindex/AutoByteusMobile.build/Debug-iphonesimulator/AutoByteusMobileShareExtension.build/AutoByteus\ Share.appex.xcent --timestamp\=none --generate-entitlement-der /Users/runner/Library/Developer/Xcode/DerivedData/AutoByteusMobile-cswwofbhrcnggmfwuxfpbtrwjhrw/Build/Products/Debug-iphonesimulator/AutoByteus\ Share.appex
Build And Test iOS App	Generate, build, and run implementation checks	2026-09-11T00:33:55.0061770Z 
Build And Test iOS App	Generate, build, and run implementation checks	2026-09-11T00:33:55.0062540Z Ld /Users/runner/Library/Developer/Xcode/DerivedData/AutoByteusMobile-cswwofbhrcnggmfwuxfpbtrwjhrw/Build/Products/Debug-iphonesimulator/AutoByteus.app/AutoByteus.debug.dylib normal (in target 'AutoByteusMobile' from project 'AutoByteusMobile')
Build And Test iOS App	Generate, build, and run implementation checks	2026-09-11T00:33:55.0063560Z     cd /Users/runner/work/autobyteus-workspace/autobyteus-workspace/autobyteus-ios
Build And Test iOS App	Generate, build, and run implementation checks	2026-09-11T00:33:55.0073950Z     /Applications/Xcode_26.3.app/Contents/Developer/Toolchains/XcodeDefault.xctoolchain/usr/bin/clang -Xlinker -reproducible -target arm64-apple-ios17.0-simulator -dynamiclib -isysroot /Applications/Xcode_26.3.app/Contents/Developer/Platforms/iPhoneSimulator.platform/Developer/SDKs/iPhoneSimulator26.2.sdk -O0 -L/Users/runner/Library/Developer/Xcode/DerivedData/AutoByteusMobile-cswwofbhrcnggmfwuxfpbtrwjhrw/Build/Intermediates.noindex/EagerLinkingTBDs/Debug-iphonesimulator -L/Users/runner/Library/Developer/Xcode/DerivedData/AutoByteusMobile-cswwofbhrcnggmfwuxfpbtrwjhrw/Build/Products/Debug-iphonesimulator -F/Users/runner/Library/Developer/Xcode/DerivedData/AutoByteusMobile-cswwofbhrcnggmfwuxfpbtrwjhrw/Build/Intermediates.noindex/EagerLinkingTBDs/Debug-iphonesimulator -F/Users/runner/Library/Developer/Xcode/DerivedData/AutoByteusMobile-cswwofbhrcnggmfwuxfpbtrwjhrw/Build/Products/Debug-iphonesimulator -filelist /Users/runner/Library/Developer/Xcode/DerivedData/AutoByteusMobile-cswwofbhrcnggmfwuxfpbtrwjhrw/Build/Intermediates.noindex/AutoByteusMobile.build/Debug-iphonesimulator/AutoByteusMobile.build/Objects-normal/arm64/AutoByteus.LinkFileList -install_name @rpath/AutoByteus.debug.dylib -Xlinker -rpath -Xlinker /usr/lib/swift -Xlinker -rpath -Xlinker @executable_path/Frameworks -dead_strip -Xlinker -object_path_lto -Xlinker /Users/runner/Library/Developer/Xcode/DerivedData/AutoByteusMobile-cswwofbhrcnggmfwuxfpbtrwjhrw/Build/Intermediates.noindex/AutoByteusMobile.build/Debug-iphonesimulator/AutoByteusMobile.build/Objects-normal/arm64/AutoByteus_lto.o -rdynamic -Xlinker -no_deduplicate -Xlinker -objc_abi_version -Xlinker 2 -Xlinker -dependency_info -Xlinker /Users/runner/Library/Developer/Xcode/DerivedData/AutoByteusMobile-cswwofbhrcnggmfwuxfpbtrwjhrw/Build/Intermediates.noindex/AutoByteusMobile.build/Debug-iphonesimulator/AutoByteusMobile.build/Objects-normal/arm64/AutoByteus_dependency_info.dat -fobjc-link-runtime -L/Applications/Xcode_26.3.app/Contents/Developer/Toolchains/XcodeDefault.xctoolchain/usr/lib/swift/iphonesimulator -L/usr/lib/swift -Xlinker -add_ast_path -Xlinker /Users/runner/Library/Developer/Xcode/DerivedData/AutoByteusMobile-cswwofbhrcnggmfwuxfpbtrwjhrw/Build/Intermediates.noindex/AutoByteusMobile.build/Debug-iphonesimulator/AutoByteusMobile.build/Objects-normal/arm64/AutoByteus.swiftmodule @/Users/runner/Library/Developer/Xcode/DerivedData/AutoByteusMobile-cswwofbhrcnggmfwuxfpbtrwjhrw/Build/Intermediates.noindex/AutoByteusMobile.build/Debug-iphonesimulator/AutoByteusMobile.build/Objects-normal/arm64/AutoByteus-linker-args.resp -Xlinker -alias -Xlinker _main -Xlinker ___debug_main_executable_dylib_entry_point -framework AutoByteusMobileCore -Xlinker -no_adhoc_codesign -o /Users/runner/Library/Developer/Xcode/DerivedData/AutoByteusMobile-cswwofbhrcnggmfwuxfpbtrwjhrw/Build/Products/Debug-iphonesimulator/AutoByteus.app/AutoByteus.debug.dylib
Build And Test iOS App	Generate, build, and run implementation checks	2026-09-11T00:33:55.0083090Z 
Build And Test iOS App	Generate, build, and run implementation checks	2026-09-11T00:33:55.0084230Z ConstructStubExecutorLinkFileList /Users/runner/Library/Developer/Xcode/DerivedData/AutoByteusMobile-cswwofbhrcnggmfwuxfpbtrwjhrw/Build/Intermediates.noindex/AutoByteusMobile.build/Debug-iphonesimulator/AutoByteusMobile.build/AutoByteus-ExecutorLinkFileList-normal-arm64.txt (in target 'AutoByteusMobile' from project 'AutoByteusMobile')
Build And Test iOS App	Generate, build, and run implementation checks	2026-09-11T00:33:55.0085520Z     cd /Users/runner/work/autobyteus-workspace/autobyteus-workspace/autobyteus-ios
Build And Test iOS App	Generate, build, and run implementation checks	2026-09-11T00:33:55.0088340Z     construct-stub-executor-link-file-list /Users/runner/Library/Developer/Xcode/DerivedData/AutoByteusMobile-cswwofbhrcnggmfwuxfpbtrwjhrw/Build/Products/Debug-iphonesimulator/AutoByteus.app/AutoByteus.debug.dylib /Applications/Xcode_26.3.app/Contents/Developer/Platforms/iPhoneSimulator.platform/Developer/usr/lib/libPreviewsJITStubExecutor_no_swift_entry_point.a /Applications/Xcode_26.3.app/Contents/Developer/Platforms/iPhoneSimulator.platform/Developer/usr/lib/libPreviewsJITStubExecutor.a --output /Users/runner/Library/Developer/Xcode/DerivedData/AutoByteusMobile-cswwofbhrcnggmfwuxfpbtrwjhrw/Build/Intermediates.noindex/AutoByteusMobile.build/Debug-iphonesimulator/AutoByteusMobile.build/AutoByteus-ExecutorLinkFileList-normal-arm64.txt
Build And Test iOS App	Generate, build, and run implementation checks	2026-09-11T00:33:55.0091970Z note: Using stub executor library with Swift entry point. (in target 'AutoByteusMobile' from project 'AutoByteusMobile')
Build And Test iOS App	Generate, build, and run implementation checks	2026-09-11T00:33:55.0093150Z 
Build And Test iOS App	Generate, build, and run implementation checks	2026-09-11T00:33:55.0094980Z Ld /Users/runner/Library/Developer/Xcode/DerivedData/AutoByteusMobile-cswwofbhrcnggmfwuxfpbtrwjhrw/Build/Products/Debug-iphonesimulator/AutoByteus.app/AutoByteus normal (in target 'AutoByteusMobile' from project 'AutoByteusMobile')
Build And Test iOS App	Generate, build, and run implementation checks	2026-09-11T00:33:55.0096350Z     cd /Users/runner/work/autobyteus-workspace/autobyteus-workspace/autobyteus-ios
Build And Test iOS App	Generate, build, and run implementation checks	2026-09-11T00:33:55.0104480Z     /Applications/Xcode_26.3.app/Contents/Developer/Toolchains/XcodeDefault.xctoolchain/usr/bin/clang -Xlinker -reproducible -target arm64-apple-ios17.0-simulator -isysroot /Applications/Xcode_26.3.app/Contents/Developer/Platforms/iPhoneSimulator.platform/Developer/SDKs/iPhoneSimulator26.2.sdk -O0 -L/Users/runner/Library/Developer/Xcode/DerivedData/AutoByteusMobile-cswwofbhrcnggmfwuxfpbtrwjhrw/Build/Products/Debug-iphonesimulator -F/Users/runner/Library/Developer/Xcode/DerivedData/AutoByteusMobile-cswwofbhrcnggmfwuxfpbtrwjhrw/Build/Products/Debug-iphonesimulator -Xlinker -rpath -Xlinker @executable_path -Xlinker -rpath -Xlinker @executable_path/Frameworks -rdynamic -Xlinker -no_deduplicate -Xlinker -objc_abi_version -Xlinker 2 -e ___debug_blank_executor_main -Xlinker -sectcreate -Xlinker __TEXT -Xlinker __debug_dylib -Xlinker /Users/runner/Library/Developer/Xcode/DerivedData/AutoByteusMobile-cswwofbhrcnggmfwuxfpbtrwjhrw/Build/Intermediates.noindex/AutoByteusMobile.build/Debug-iphonesimulator/AutoByteusMobile.build/AutoByteus-DebugDylibPath-normal-arm64.txt -Xlinker -sectcreate -Xlinker __TEXT -Xlinker __debug_instlnm -Xlinker /Users/runner/Library/Developer/Xcode/DerivedData/AutoByteusMobile-cswwofbhrcnggmfwuxfpbtrwjhrw/Build/Intermediates.noindex/AutoByteusMobile.build/Debug-iphonesimulator/AutoByteusMobile.build/AutoByteus-DebugDylibInstallName-normal-arm64.txt -Xlinker -filelist -Xlinker /Users/runner/Library/Developer/Xcode/DerivedData/AutoByteusMobile-cswwofbhrcnggmfwuxfpbtrwjhrw/Build/Intermediates.noindex/AutoByteusMobile.build/Debug-iphonesimulator/AutoByteusMobile.build/AutoByteus-ExecutorLinkFileList-normal-arm64.txt -Xlinker -sectcreate -Xlinker __TEXT -Xlinker __entitlements -Xlinker /Users/runner/Library/Developer/Xcode/DerivedData/AutoByteusMobile-cswwofbhrcnggmfwuxfpbtrwjhrw/Build/Intermediates.noindex/AutoByteusMobile.build/Debug-iphonesimulator/AutoByteusMobile.build/AutoByteus.app-Simulated.xcent -Xlinker -sectcreate -Xlinker __TEXT -Xlinker __ents_der -Xlinker /Users/runner/Library/Developer/Xcode/DerivedData/AutoByteusMobile-cswwofbhrcnggmfwuxfpbtrwjhrw/Build/Intermediates.noindex/AutoByteusMobile.build/Debug-iphonesimulator/AutoByteusMobile.build/AutoByteus.app-Simulated.xcent.der /Users/runner/Library/Developer/Xcode/DerivedData/AutoByteusMobile-cswwofbhrcnggmfwuxfpbtrwjhrw/Build/Products/Debug-iphonesimulator/AutoByteus.app/AutoByteus.debug.dylib -Xlinker -no_adhoc_codesign -o /Users/runner/Library/Developer/Xcode/DerivedData/AutoByteusMobile-cswwofbhrcnggmfwuxfpbtrwjhrw/Build/Products/Debug-iphonesimulator/AutoByteus.app/AutoByteus
Build And Test iOS App	Generate, build, and run implementation checks	2026-09-11T00:33:55.0113250Z 
Build And Test iOS App	Generate, build, and run implementation checks	2026-09-11T00:33:55.0114400Z Copy /Users/runner/Library/Developer/Xcode/DerivedData/AutoByteusMobile-cswwofbhrcnggmfwuxfpbtrwjhrw/Build/Products/Debug-iphonesimulator/AutoByteus.app/PlugIns/AutoByteus\ Share.appex /Users/runner/Library/Developer/Xcode/DerivedData/AutoByteusMobile-cswwofbhrcnggmfwuxfpbtrwjhrw/Build/Products/Debug-iphonesimulator/AutoByteus\ Share.appex (in target 'AutoByteusMobile' from project 'AutoByteusMobile')
Build And Test iOS App	Generate, build, and run implementation checks	2026-09-11T00:33:55.0115800Z     cd /Users/runner/work/autobyteus-workspace/autobyteus-workspace/autobyteus-ios
Build And Test iOS App	Generate, build, and run implementation checks	2026-09-11T00:33:55.0117520Z     builtin-copy -exclude .DS_Store -exclude CVS -exclude .svn -exclude .git -exclude .hg -exclude Headers -exclude PrivateHeaders -exclude Modules -exclude \*.tbd -resolve-src-symlinks -remove-static-executable /Users/runner/Library/Developer/Xcode/DerivedData/AutoByteusMobile-cswwofbhrcnggmfwuxfpbtrwjhrw/Build/Products/Debug-iphonesimulator/AutoByteus\ Share.appex /Users/runner/Library/Developer/Xcode/DerivedData/AutoByteusMobile-cswwofbhrcnggmfwuxfpbtrwjhrw/Build/Products/Debug-iphonesimulator/AutoByteus.app/PlugIns
Build And Test iOS App	Generate, build, and run implementation checks	2026-09-11T00:33:55.0119060Z 
Build And Test iOS App	Generate, build, and run implementation checks	2026-09-11T00:33:55.0120350Z Copy /Users/runner/Library/Developer/Xcode/DerivedData/AutoByteusMobile-cswwofbhrcnggmfwuxfpbtrwjhrw/Build/Products/Debug-iphonesimulator/AutoByteus.app/Frameworks/AutoByteusMobileCore.framework /Users/runner/Library/Developer/Xcode/DerivedData/AutoByteusMobile-cswwofbhrcnggmfwuxfpbtrwjhrw/Build/Products/Debug-iphonesimulator/AutoByteusMobileCore.framework (in target 'AutoByteusMobile' from project 'AutoByteusMobile')
Build And Test iOS App	Generate, build, and run implementation checks	2026-09-11T00:33:55.0121910Z     cd /Users/runner/work/autobyteus-workspace/autobyteus-workspace/autobyteus-ios
Build And Test iOS App	Generate, build, and run implementation checks	2026-09-11T00:33:55.0123660Z     builtin-copy -exclude .DS_Store -exclude CVS -exclude .svn -exclude .git -exclude .hg -exclude Headers -exclude PrivateHeaders -exclude Modules -exclude \*.tbd -resolve-src-symlinks -remove-static-executable /Users/runner/Library/Developer/Xcode/DerivedData/AutoByteusMobile-cswwofbhrcnggmfwuxfpbtrwjhrw/Build/Products/Debug-iphonesimulator/AutoByteusMobileCore.framework /Users/runner/Library/Developer/Xcode/DerivedData/AutoByteusMobile-cswwofbhrcnggmfwuxfpbtrwjhrw/Build/Products/Debug-iphonesimulator/AutoByteus.app/Frameworks
Build And Test iOS App	Generate, build, and run implementation checks	2026-09-11T00:33:55.0125290Z 
Build And Test iOS App	Generate, build, and run implementation checks	2026-09-11T00:33:55.0126270Z ProcessInfoPlistFile /Users/runner/Library/Developer/Xcode/DerivedData/AutoByteusMobile-cswwofbhrcnggmfwuxfpbtrwjhrw/Build/Products/Debug-iphonesimulator/AutoByteus.app/Info.plist /Users/runner/work/autobyteus-workspace/autobyteus-workspace/autobyteus-ios/AutoByteusMobile/Info.plist (in target 'AutoByteusMobile' from project 'AutoByteusMobile')
Build And Test iOS App	Generate, build, and run implementation checks	2026-09-11T00:33:55.0127740Z     cd /Users/runner/work/autobyteus-workspace/autobyteus-workspace/autobyteus-ios
Build And Test iOS App	Generate, build, and run implementation checks	2026-09-11T00:33:55.0131760Z     builtin-infoPlistUtility /Users/runner/work/autobyteus-workspace/autobyteus-workspace/autobyteus-ios/AutoByteusMobile/Info.plist -producttype com.apple.product-type.application -genpkginfo /Users/runner/Library/Developer/Xcode/DerivedData/AutoByteusMobile-cswwofbhrcnggmfwuxfpbtrwjhrw/Build/Products/Debug-iphonesimulator/AutoByteus.app/PkgInfo -expandbuildsettings -format binary -platform iphonesimulator -additionalcontentfile /Users/runner/Library/Developer/Xcode/DerivedData/AutoByteusMobile-cswwofbhrcnggmfwuxfpbtrwjhrw/Build/Intermediates.noindex/AutoByteusMobile.build/Debug-iphonesimulator/AutoByteusMobile.build/assetcatalog_generated_info.plist -scanforprivacyfile /Users/runner/Library/Developer/Xcode/DerivedData/AutoByteusMobile-cswwofbhrcnggmfwuxfpbtrwjhrw/Build/Products/Debug-iphonesimulator/AutoByteus.app/Frameworks/AutoByteusMobileCore.framework -scanforprivacyfile /Users/runner/Library/Developer/Xcode/DerivedData/AutoByteusMobile-cswwofbhrcnggmfwuxfpbtrwjhrw/Build/Products/Debug-iphonesimulator/AutoByteus.app/PlugIns/AutoByteus\ Share.appex -o /Users/runner/Library/Developer/Xcode/DerivedData/AutoByteusMobile-cswwofbhrcnggmfwuxfpbtrwjhrw/Build/Products/Debug-iphonesimulator/AutoByteus.app/Info.plist
Build And Test iOS App	Generate, build, and run implementation checks	2026-09-11T00:33:55.0135570Z 
Build And Test iOS App	Generate, build, and run implementation checks	2026-09-11T00:33:55.0136390Z CodeSign /Users/runner/Library/Developer/Xcode/DerivedData/AutoByteusMobile-cswwofbhrcnggmfwuxfpbtrwjhrw/Build/Products/Debug-iphonesimulator/AutoByteus.app/Frameworks/AutoByteusMobileCore.framework (in target 'AutoByteusMobile' from project 'AutoByteusMobile')
Build And Test iOS App	Generate, build, and run implementation checks	2026-09-11T00:33:55.0137480Z     cd /Users/runner/work/autobyteus-workspace/autobyteus-workspace/autobyteus-ios
Build And Test iOS App	Generate, build, and run implementation checks	2026-09-11T00:33:55.0137810Z     
Build And Test iOS App	Generate, build, and run implementation checks	2026-09-11T00:33:55.0138000Z     Signing Identity:     "Sign to Run Locally"
Build And Test iOS App	Generate, build, and run implementation checks	2026-09-11T00:33:55.0138230Z     
Build And Test iOS App	Generate, build, and run implementation checks	2026-09-11T00:33:55.0139310Z     /usr/bin/codesign --force --sign - --timestamp\=none --preserve-metadata\=identifier,entitlements,flags --generate-entitlement-der /Users/runner/Library/Developer/Xcode/DerivedData/AutoByteusMobile-cswwofbhrcnggmfwuxfpbtrwjhrw/Build/Products/Debug-iphonesimulator/AutoByteus.app/Frameworks/AutoByteusMobileCore.framework
Build And Test iOS App	Generate, build, and run implementation checks	2026-09-11T00:33:55.0141990Z /Users/runner/Library/Developer/Xcode/DerivedData/AutoByteusMobile-cswwofbhrcnggmfwuxfpbtrwjhrw/Build/Products/Debug-iphonesimulator/AutoByteus.app/Frameworks/AutoByteusMobileCore.framework: replacing existing signature
Build And Test iOS App	Generate, build, and run implementation checks	2026-09-11T00:33:55.0142740Z 
Build And Test iOS App	Generate, build, and run implementation checks	2026-09-11T00:33:55.0142960Z ExtractAppIntentsMetadata (in target 'AutoByteusMobile' from project 'AutoByteusMobile')
Build And Test iOS App	Generate, build, and run implementation checks	2026-09-11T00:33:55.0143470Z     cd /Users/runner/work/autobyteus-workspace/autobyteus-workspace/autobyteus-ios
Build And Test iOS App	Generate, build, and run implementation checks	2026-09-11T00:33:55.0151930Z     /Applications/Xcode_26.3.app/Contents/Developer/Toolchains/XcodeDefault.xctoolchain/usr/bin/appintentsmetadataprocessor --toolchain-dir /var/run/com.apple.security.cryptexd/mnt/com.apple.MobileAsset.MetalToolchain-v17.3.7003.10.eFrmP5/Metal.xctoolchain --module-name AutoByteus --sdk-root /Applications/Xcode_26.3.app/Contents/Developer/Platforms/iPhoneSimulator.platform/Developer/SDKs/iPhoneSimulator26.2.sdk --xcode-version 17C529 --platform-family iOS --deployment-target 17.0 --bundle-identifier org.autobyteus.mobile --output /Users/runner/Library/Developer/Xcode/DerivedData/AutoByteusMobile-cswwofbhrcnggmfwuxfpbtrwjhrw/Build/Products/Debug-iphonesimulator/AutoByteus.app --target-triple arm64-apple-ios17.0-simulator --binary-file /Users/runner/Library/Developer/Xcode/DerivedData/AutoByteusMobile-cswwofbhrcnggmfwuxfpbtrwjhrw/Build/Products/Debug-iphonesimulator/AutoByteus.app/AutoByteus --dependency-file /Users/runner/Library/Developer/Xcode/DerivedData/AutoByteusMobile-cswwofbhrcnggmfwuxfpbtrwjhrw/Build/Intermediates.noindex/AutoByteusMobile.build/Debug-iphonesimulator/AutoByteusMobile.build/Objects-normal/arm64/AutoByteus_dependency_info.dat --stringsdata-file /Users/runner/Library/Developer/Xcode/DerivedData/AutoByteusMobile-cswwofbhrcnggmfwuxfpbtrwjhrw/Build/Intermediates.noindex/AutoByteusMobile.build/Debug-iphonesimulator/AutoByteusMobile.build/Objects-normal/arm64/ExtractedAppShortcutsMetadata.stringsdata --source-file-list /Users/runner/Library/Developer/Xcode/DerivedData/AutoByteusMobile-cswwofbhrcnggmfwuxfpbtrwjhrw/Build/Intermediates.noindex/AutoByteusMobile.build/Debug-iphonesimulator/AutoByteusMobile.build/Objects-normal/arm64/AutoByteus.SwiftFileList --metadata-file-list /Users/runner/Library/Developer/Xcode/DerivedData/AutoByteusMobile-cswwofbhrcnggmfwuxfpbtrwjhrw/Build/Intermediates.noindex/AutoByteusMobile.build/Debug-iphonesimulator/AutoByteusMobile.build/AutoByteus.DependencyMetadataFileList --static-metadata-file-list /Users/runner/Library/Developer/Xcode/DerivedData/AutoByteusMobile-cswwofbhrcnggmfwuxfpbtrwjhrw/Build/Intermediates.noindex/AutoByteusMobile.build/Debug-iphonesimulator/AutoByteusMobile.build/AutoByteus.DependencyStaticMetadataFileList --swift-const-vals-list /Users/runner/Library/Developer/Xcode/DerivedData/AutoByteusMobile-cswwofbhrcnggmfwuxfpbtrwjhrw/Build/Intermediates.noindex/AutoByteusMobile.build/Debug-iphonesimulator/AutoByteusMobile.build/Objects-normal/arm64/AutoByteus.SwiftConstValuesFileList --compile-time-extraction --deployment-aware-processing --validate-assistant-intents --no-app-shortcuts-localization
Build And Test iOS App	Generate, build, and run implementation checks	2026-09-11T00:33:55.0160640Z 2026-09-11 00:33:54.298 appintentsmetadataprocessor[3816:15254] Starting appintentsmetadataprocessor export
Build And Test iOS App	Generate, build, and run implementation checks	2026-09-11T00:33:55.0161360Z 2026-09-11 00:33:54.303 appintentsmetadataprocessor[3816:15254] warning: Metadata extraction skipped. No AppIntents.framework dependency found.
Build And Test iOS App	Generate, build, and run implementation checks	2026-09-11T00:33:55.0161810Z 
Build And Test iOS App	Generate, build, and run implementation checks	2026-09-11T00:33:55.0162480Z CopySwiftLibs /Users/runner/Library/Developer/Xcode/DerivedData/AutoByteusMobile-cswwofbhrcnggmfwuxfpbtrwjhrw/Build/Products/Debug-iphonesimulator/AutoByteus.app (in target 'AutoByteusMobile' from project 'AutoByteusMobile')
Build And Test iOS App	Generate, build, and run implementation checks	2026-09-11T00:33:55.0163790Z     cd /Users/runner/work/autobyteus-workspace/autobyteus-workspace/autobyteus-ios
Build And Test iOS App	Generate, build, and run implementation checks	2026-09-11T00:33:55.0170110Z     builtin-swiftStdLibTool --copy --verbose --sign - --scan-executable /Users/runner/Library/Developer/Xcode/DerivedData/AutoByteusMobile-cswwofbhrcnggmfwuxfpbtrwjhrw/Build/Products/Debug-iphonesimulator/AutoByteus.app/AutoByteus.debug.dylib --scan-folder /Users/runner/Library/Developer/Xcode/DerivedData/AutoByteusMobile-cswwofbhrcnggmfwuxfpbtrwjhrw/Build/Products/Debug-iphonesimulator/AutoByteus.app/Frameworks --scan-folder /Users/runner/Library/Developer/Xcode/DerivedData/AutoByteusMobile-cswwofbhrcnggmfwuxfpbtrwjhrw/Build/Products/Debug-iphonesimulator/AutoByteus.app/PlugIns --scan-folder /Users/runner/Library/Developer/Xcode/DerivedData/AutoByteusMobile-cswwofbhrcnggmfwuxfpbtrwjhrw/Build/Products/Debug-iphonesimulator/AutoByteus.app/SystemExtensions --scan-folder /Users/runner/Library/Developer/Xcode/DerivedData/AutoByteusMobile-cswwofbhrcnggmfwuxfpbtrwjhrw/Build/Products/Debug-iphonesimulator/AutoByteus.app/Extensions --scan-folder /Users/runner/Library/Developer/Xcode/DerivedData/AutoByteusMobile-cswwofbhrcnggmfwuxfpbtrwjhrw/Build/Products/Debug-iphonesimulator/AutoByteusMobileCore.framework --platform iphonesimulator --toolchain /var/run/com.apple.security.cryptexd/mnt/com.apple.MobileAsset.MetalToolchain-v17.3.7003.10.eFrmP5/Metal.xctoolchain --toolchain /Applications/Xcode_26.3.app/Contents/Developer/Toolchains/XcodeDefault.xctoolchain --destination /Users/runner/Library/Developer/Xcode/DerivedData/AutoByteusMobile-cswwofbhrcnggmfwuxfpbtrwjhrw/Build/Products/Debug-iphonesimulator/AutoByteus.app/Frameworks --strip-bitcode --strip-bitcode-tool /Applications/Xcode_26.3.app/Contents/Developer/Toolchains/XcodeDefault.xctoolchain/usr/bin/bitcode_strip --emit-dependency-info /Users/runner/Library/Developer/Xcode/DerivedData/AutoByteusMobile-cswwofbhrcnggmfwuxfpbtrwjhrw/Build/Intermediates.noindex/AutoByteusMobile.build/Debug-iphonesimulator/AutoByteusMobile.build/SwiftStdLibToolInputDependencies.dep --filter-for-swift-os
Build And Test iOS App	Generate, build, and run implementation checks	2026-09-11T00:33:55.0177130Z 
Build And Test iOS App	Generate, build, and run implementation checks	2026-09-11T00:33:55.0178150Z CodeSign /Users/runner/Library/Developer/Xcode/DerivedData/AutoByteusMobile-cswwofbhrcnggmfwuxfpbtrwjhrw/Build/Products/Debug-iphonesimulator/AutoByteus.app/AutoByteus.debug.dylib (in target 'AutoByteusMobile' from project 'AutoByteusMobile')
Build And Test iOS App	Generate, build, and run implementation checks	2026-09-11T00:33:55.0179250Z     cd /Users/runner/work/autobyteus-workspace/autobyteus-workspace/autobyteus-ios
Build And Test iOS App	Generate, build, and run implementation checks	2026-09-11T00:33:55.0179590Z     
Build And Test iOS App	Generate, build, and run implementation checks	2026-09-11T00:33:55.0179780Z     Signing Identity:     "Sign to Run Locally"
Build And Test iOS App	Generate, build, and run implementation checks	2026-09-11T00:33:55.0180020Z     
Build And Test iOS App	Generate, build, and run implementation checks	2026-09-11T00:33:55.0181860Z     /usr/bin/codesign --force --sign - --timestamp\=none --generate-entitlement-der /Users/runner/Library/Developer/Xcode/DerivedData/AutoByteusMobile-cswwofbhrcnggmfwuxfpbtrwjhrw/Build/Products/Debug-iphonesimulator/AutoByteus.app/AutoByteus.debug.dylib
Build And Test iOS App	Generate, build, and run implementation checks	2026-09-11T00:33:55.0182690Z 
Build And Test iOS App	Generate, build, and run implementation checks	2026-09-11T00:33:55.0183340Z CodeSign /Users/runner/Library/Developer/Xcode/DerivedData/AutoByteusMobile-cswwofbhrcnggmfwuxfpbtrwjhrw/Build/Products/Debug-iphonesimulator/AutoByteus.app/__preview.dylib (in target 'AutoByteusMobile' from project 'AutoByteusMobile')
Build And Test iOS App	Generate, build, and run implementation checks	2026-09-11T00:33:55.0184250Z     cd /Users/runner/work/autobyteus-workspace/autobyteus-workspace/autobyteus-ios
Build And Test iOS App	Generate, build, and run implementation checks	2026-09-11T00:33:55.0184590Z     
Build And Test iOS App	Generate, build, and run implementation checks	2026-09-11T00:33:55.0184770Z     Signing Identity:     "Sign to Run Locally"
Build And Test iOS App	Generate, build, and run implementation checks	2026-09-11T00:33:55.0185020Z     
Build And Test iOS App	Generate, build, and run implementation checks	2026-09-11T00:33:55.0185870Z     /usr/bin/codesign --force --sign - --timestamp\=none --generate-entitlement-der /Users/runner/Library/Developer/Xcode/DerivedData/AutoByteusMobile-cswwofbhrcnggmfwuxfpbtrwjhrw/Build/Products/Debug-iphonesimulator/AutoByteus.app/__preview.dylib
Build And Test iOS App	Generate, build, and run implementation checks	2026-09-11T00:33:55.0187340Z /Users/runner/Library/Developer/Xcode/DerivedData/AutoByteusMobile-cswwofbhrcnggmfwuxfpbtrwjhrw/Build/Products/Debug-iphonesimulator/AutoByteus.app/__preview.dylib: replacing existing signature
Build And Test iOS App	Generate, build, and run implementation checks	2026-09-11T00:33:55.0187960Z 
Build And Test iOS App	Generate, build, and run implementation checks	2026-09-11T00:33:55.0188570Z CodeSign /Users/runner/Library/Developer/Xcode/DerivedData/AutoByteusMobile-cswwofbhrcnggmfwuxfpbtrwjhrw/Build/Products/Debug-iphonesimulator/AutoByteus.app (in target 'AutoByteusMobile' from project 'AutoByteusMobile')
Build And Test iOS App	Generate, build, and run implementation checks	2026-09-11T00:33:55.0189460Z     cd /Users/runner/work/autobyteus-workspace/autobyteus-workspace/autobyteus-ios
Build And Test iOS App	Generate, build, and run implementation checks	2026-09-11T00:33:55.0189820Z     
Build And Test iOS App	Generate, build, and run implementation checks	2026-09-11T00:33:55.0190000Z     Signing Identity:     "Sign to Run Locally"
Build And Test iOS App	Generate, build, and run implementation checks	2026-09-11T00:33:55.0190290Z     
Build And Test iOS App	Generate, build, and run implementation checks	2026-09-11T00:33:55.0191860Z     /usr/bin/codesign --force --sign - --entitlements /Users/runner/Library/Developer/Xcode/DerivedData/AutoByteusMobile-cswwofbhrcnggmfwuxfpbtrwjhrw/Build/Intermediates.noindex/AutoByteusMobile.build/Debug-iphonesimulator/AutoByteusMobile.build/AutoByteus.app.xcent --timestamp\=none --generate-entitlement-der /Users/runner/Library/Developer/Xcode/DerivedData/AutoByteusMobile-cswwofbhrcnggmfwuxfpbtrwjhrw/Build/Products/Debug-iphonesimulator/AutoByteus.app
Build And Test iOS App	Generate, build, and run implementation checks	2026-09-11T00:33:55.0193410Z 
Build And Test iOS App	Generate, build, and run implementation checks	2026-09-11T00:33:55.0194290Z ValidateEmbeddedBinary /Users/runner/Library/Developer/Xcode/DerivedData/AutoByteusMobile-cswwofbhrcnggmfwuxfpbtrwjhrw/Build/Products/Debug-iphonesimulator/AutoByteus.app/PlugIns/AutoByteus\ Share.appex (in target 'AutoByteusMobile' from project 'AutoByteusMobile')
Build And Test iOS App	Generate, build, and run implementation checks	2026-09-11T00:33:55.0196020Z     cd /Users/runner/work/autobyteus-workspace/autobyteus-workspace/autobyteus-ios
Build And Test iOS App	Generate, build, and run implementation checks	2026-09-11T00:33:55.0197840Z     /Applications/Xcode_26.3.app/Contents/Developer/usr/bin/embeddedBinaryValidationUtility /Users/runner/Library/Developer/Xcode/DerivedData/AutoByteusMobile-cswwofbhrcnggmfwuxfpbtrwjhrw/Build/Products/Debug-iphonesimulator/AutoByteus.app/PlugIns/AutoByteus\ Share.appex -signing-cert - -info-plist-path /Users/runner/Library/Developer/Xcode/DerivedData/AutoByteusMobile-cswwofbhrcnggmfwuxfpbtrwjhrw/Build/Products/Debug-iphonesimulator/AutoByteus.app/Info.plist
Build And Test iOS App	Generate, build, and run implementation checks	2026-09-11T00:33:56.4342100Z 
Build And Test iOS App	Generate, build, and run implementation checks	2026-09-11T00:33:56.4410690Z Validate /Users/runner/Library/Developer/Xcode/DerivedData/AutoByteusMobile-cswwofbhrcnggmfwuxfpbtrwjhrw/Build/Products/Debug-iphonesimulator/AutoByteus.app (in target 'AutoByteusMobile' from project 'AutoByteusMobile')
Build And Test iOS App	Generate, build, and run implementation checks	2026-09-11T00:33:56.4416900Z     cd /Users/runner/work/autobyteus-workspace/autobyteus-workspace/autobyteus-ios
Build And Test iOS App	Generate, build, and run implementation checks	2026-09-11T00:33:56.4452620Z     builtin-validationUtility /Users/runner/Library/Developer/Xcode/DerivedData/AutoByteusMobile-cswwofbhrcnggmfwuxfpbtrwjhrw/Build/Products/Debug-iphonesimulator/AutoByteus.app -shallow-bundle -infoplist-subpath Info.plist
Build And Test iOS App	Generate, build, and run implementation checks	2026-09-11T00:33:56.4458820Z 
Build And Test iOS App	Generate, build, and run implementation checks	2026-09-11T00:33:56.4681200Z SwiftExplicitDependencyGeneratePcm arm64 /Users/runner/Library/Developer/Xcode/DerivedData/AutoByteusMobile-cswwofbhrcnggmfwuxfpbtrwjhrw/Build/Intermediates.noindex/SwiftExplicitPrecompiledModules/XCUIAutomation-1IBJEV88IV4O76XEROAU7LMQO.pcm
Build And Test iOS App	Generate, build, and run implementation checks	2026-09-11T00:33:56.4783940Z 
Build And Test iOS App	Generate, build, and run implementation checks	2026-09-11T00:33:56.4886200Z SwiftExplicitDependencyGeneratePcm arm64 /Users/runner/Library/Developer/Xcode/DerivedData/AutoByteusMobile-cswwofbhrcnggmfwuxfpbtrwjhrw/Build/Intermediates.noindex/SwiftExplicitPrecompiledModules/XCTest-73RBE2UPDDEE82SQ37XIDN1B7.pcm
Build And Test iOS App	Generate, build, and run implementation checks	2026-09-11T00:33:56.4988200Z 
Build And Test iOS App	Generate, build, and run implementation checks	2026-09-11T00:33:56.5090150Z SwiftExplicitDependencyCompileModuleFromInterface arm64 /Users/runner/Library/Developer/Xcode/DerivedData/AutoByteusMobile-cswwofbhrcnggmfwuxfpbtrwjhrw/Build/Intermediates.noindex/SwiftExplicitPrecompiledModules/XCUIAutomation-2UTKUQ40L7Q1H.swiftmodule
Build And Test iOS App	Generate, build, and run implementation checks	2026-09-11T00:33:56.5111720Z 
Build And Test iOS App	Generate, build, and run implementation checks	2026-09-11T00:33:56.5213410Z SwiftExplicitDependencyCompileModuleFromInterface arm64 /Users/runner/Library/Developer/Xcode/DerivedData/AutoByteusMobile-cswwofbhrcnggmfwuxfpbtrwjhrw/Build/Intermediates.noindex/SwiftExplicitPrecompiledModules/XCTest-2NCIBZJYL0EAL.swiftmodule
Build And Test iOS App	Generate, build, and run implementation checks	2026-09-11T00:33:56.5315320Z 
Build And Test iOS App	Generate, build, and run implementation checks	2026-09-11T00:33:56.5418480Z SwiftEmitModule normal arm64 Emitting\ module\ for\ AutoByteusMobileUITests (in target 'AutoByteusMobileUITests' from project 'AutoByteusMobile')
Build And Test iOS App	Generate, build, and run implementation checks	2026-09-11T00:33:56.5519660Z 
Build And Test iOS App	Generate, build, and run implementation checks	2026-09-11T00:33:56.5631030Z SwiftCompile normal arm64 /Users/runner/work/autobyteus-workspace/autobyteus-workspace/autobyteus-ios/AutoByteusMobileUITests/AutoByteusMobileUITests.swift (in target 'AutoByteusMobileUITests' from project 'AutoByteusMobile')
Build And Test iOS App	Generate, build, and run implementation checks	2026-09-11T00:33:56.5745140Z     cd /Users/runner/work/autobyteus-workspace/autobyteus-workspace/autobyteus-ios
Build And Test iOS App	Generate, build, and run implementation checks	2026-09-11T00:33:56.5847710Z     
Build And Test iOS App	Generate, build, and run implementation checks	2026-09-11T00:33:56.5949010Z 
Build And Test iOS App	Generate, build, and run implementation checks	2026-09-11T00:33:56.6050570Z SwiftEmitModule normal arm64 Emitting\ module\ for\ AutoByteusMobileCoreTests (in target 'AutoByteusMobileCoreTests' from project 'AutoByteusMobile')
Build And Test iOS App	Generate, build, and run implementation checks	2026-09-11T00:33:56.6152030Z 
Build And Test iOS App	Generate, build, and run implementation checks	2026-09-11T00:33:56.6253220Z EmitSwiftModule normal arm64 (in target 'AutoByteusMobileCoreTests' from project 'AutoByteusMobile')
Build And Test iOS App	Generate, build, and run implementation checks	2026-09-11T00:33:56.6355120Z     cd /Users/runner/work/autobyteus-workspace/autobyteus-workspace/autobyteus-ios
Build And Test iOS App	Generate, build, and run implementation checks	2026-09-11T00:33:56.6398720Z     
Build And Test iOS App	Generate, build, and run implementation checks	2026-09-11T00:33:56.6499910Z 
Build And Test iOS App	Generate, build, and run implementation checks	2026-09-11T00:33:56.6601490Z SwiftCompile normal arm64 Compiling\ AutoByteusMobileUITests.swift /Users/runner/work/autobyteus-workspace/autobyteus-workspace/autobyteus-ios/AutoByteusMobileUITests/AutoByteusMobileUITests.swift (in target 'AutoByteusMobileUITests' from project 'AutoByteusMobile')
Build And Test iOS App	Generate, build, and run implementation checks	2026-09-11T00:33:56.6705560Z SwiftCompile normal arm64 /Users/runner/work/autobyteus-workspace/autobyteus-workspace/autobyteus-ios/AutoByteusMobileUITests/AutoByteusMobileUITests.swift (in target 'AutoByteusMobileUITests' from project 'AutoByteusMobile')
Build And Test iOS App	Generate, build, and run implementation checks	2026-09-11T00:33:56.6808880Z     cd /Users/runner/work/autobyteus-workspace/autobyteus-workspace/autobyteus-ios
Build And Test iOS App	Generate, build, and run implementation checks	2026-09-11T00:33:56.6862410Z     
Build And Test iOS App	Generate, build, and run implementation checks	2026-09-11T00:33:56.6863290Z 
Build And Test iOS App	Generate, build, and run implementation checks	2026-09-11T00:33:56.6863980Z SwiftDriverJobDiscovery normal arm64 Emitting module for AutoByteusMobileCoreTests (in target 'AutoByteusMobileCoreTests' from project 'AutoByteusMobile')
Build And Test iOS App	Generate, build, and run implementation checks	2026-09-11T00:33:56.6864580Z 
Build And Test iOS App	Generate, build, and run implementation checks	2026-09-11T00:33:56.6866470Z SwiftCompile normal arm64 Compiling\ ConnectionInputResolverTests.swift,\ ConnectionValidatorTests.swift,\ NodeURLNormalizerTests.swift /Users/runner/work/autobyteus-workspace/autobyteus-workspace/autobyteus-ios/AutoByteusMobileCoreTests/ConnectionInputResolverTests.swift /Users/runner/work/autobyteus-workspace/autobyteus-workspace/autobyteus-ios/AutoByteusMobileCoreTests/ConnectionValidatorTests.swift /Users/runner/work/autobyteus-workspace/autobyteus-workspace/autobyteus-ios/AutoByteusMobileCoreTests/NodeURLNormalizerTests.swift (in target 'AutoByteusMobileCoreTests' from project 'AutoByteusMobile')
Build And Test iOS App	Generate, build, and run implementation checks	2026-09-11T00:33:56.6870170Z SwiftCompile normal arm64 /Users/runner/work/autobyteus-workspace/autobyteus-workspace/autobyteus-ios/AutoByteusMobileCoreTests/ConnectionInputResolverTests.swift (in target 'AutoByteusMobileCoreTests' from project 'AutoByteusMobile')
Build And Test iOS App	Generate, build, and run implementation checks	2026-09-11T00:33:56.6871110Z     cd /Users/runner/work/autobyteus-workspace/autobyteus-workspace/autobyteus-ios
Build And Test iOS App	Generate, build, and run implementation checks	2026-09-11T00:33:56.6871470Z     
Build And Test iOS App	Generate, build, and run implementation checks	2026-09-11T00:33:56.6871570Z 
Build And Test iOS App	Generate, build, and run implementation checks	2026-09-11T00:33:56.6872190Z SwiftCompile normal arm64 /Users/runner/work/autobyteus-workspace/autobyteus-workspace/autobyteus-ios/AutoByteusMobileCoreTests/ConnectionValidatorTests.swift (in target 'AutoByteusMobileCoreTests' from project 'AutoByteusMobile')
Build And Test iOS App	Generate, build, and run implementation checks	2026-09-11T00:33:56.6873080Z     cd /Users/runner/work/autobyteus-workspace/autobyteus-workspace/autobyteus-ios
Build And Test iOS App	Generate, build, and run implementation checks	2026-09-11T00:33:56.6974920Z     
Build And Test iOS App	Generate, build, and run implementation checks	2026-09-11T00:33:56.7075290Z 
Build And Test iOS App	Generate, build, and run implementation checks	2026-09-11T00:33:56.7177220Z SwiftCompile normal arm64 /Users/runner/work/autobyteus-workspace/autobyteus-workspace/autobyteus-ios/AutoByteusMobileCoreTests/NodeURLNormalizerTests.swift (in target 'AutoByteusMobileCoreTests' from project 'AutoByteusMobile')
Build And Test iOS App	Generate, build, and run implementation checks	2026-09-11T00:33:56.7277550Z     cd /Users/runner/work/autobyteus-workspace/autobyteus-workspace/autobyteus-ios
Build And Test iOS App	Generate, build, and run implementation checks	2026-09-11T00:33:56.7378940Z     
Build And Test iOS App	Generate, build, and run implementation checks	2026-09-11T00:33:56.7479180Z 
Build And Test iOS App	Generate, build, and run implementation checks	2026-09-11T00:33:56.7580550Z SwiftDriverJobDiscovery normal arm64 Emitting module for AutoByteusMobileUITests (in target 'AutoByteusMobileUITests' from project 'AutoByteusMobile')
Build And Test iOS App	Generate, build, and run implementation checks	2026-09-11T00:33:56.7680410Z 
Build And Test iOS App	Generate, build, and run implementation checks	2026-09-11T00:33:56.7781870Z SwiftDriver\ Compilation\ Requirements AutoByteusMobileUITests normal arm64 com.apple.xcode.tools.swift.compiler (in target 'AutoByteusMobileUITests' from project 'AutoByteusMobile')
Build And Test iOS App	Generate, build, and run implementation checks	2026-09-11T00:33:56.7882710Z     cd /Users/runner/work/autobyteus-workspace/autobyteus-workspace/autobyteus-ios
Build And Test iOS App	Generate, build, and run implementation checks	2026-09-11T00:33:56.8023950Z     builtin-Swift-Compilation-Requirements -- /Applications/Xcode_26.3.app/Contents/Developer/Toolchains/XcodeDefault.xctoolchain/usr/bin/swiftc -module-name AutoByteusMobileUITests -Onone -enforce-exclusivity\=checked @/Users/runner/Library/Developer/Xcode/DerivedData/AutoByteusMobile-cswwofbhrcnggmfwuxfpbtrwjhrw/Build/Intermediates.noindex/AutoByteusMobile.build/Debug-iphonesimulator/AutoByteusMobileUITests.build/Objects-normal/arm64/AutoByteusMobileUITests.SwiftFileList -DDEBUG -module-alias Testing\=_Testing_Unavailable -plugin-path /Applications/Xcode_26.3.app/Contents/Developer/Toolchains/XcodeDefault.xctoolchain/usr/lib/swift/host/plugins/testing -enable-bare-slash-regex -enable-experimental-feature DebugDescriptionMacro -sdk /Applications/Xcode_26.3.app/Contents/Developer/Platforms/iPhoneSimulator.platform/Developer/SDKs/iPhoneSimulator26.2.sdk -target arm64-apple-ios17.0-simulator -g -module-cache-path /Users/runner/Library/Developer/Xcode/DerivedData/ModuleCache.noindex -Xfrontend -serialize-debugging-options -enable-testing -index-store-path /Users/runner/Library/Developer/Xcode/DerivedData/AutoByteusMobile-cswwofbhrcnggmfwuxfpbtrwjhrw/Index.noindex/DataStore -Xcc -D_LIBCPP_HARDENING_MODE\=_LIBCPP_HARDENING_MODE_DEBUG -swift-version 5 -I /Users/runner/Library/Developer/Xcode/DerivedData/AutoByteusMobile-cswwofbhrcnggmfwuxfpbtrwjhrw/Build/Products/Debug-iphonesimulator -Isystem /Applications/Xcode_26.3.app/Contents/Developer/Platforms/iPhoneSimulator.platform/Developer/usr/lib -F /Users/runner/Library/Developer/Xcode/DerivedData/AutoByteusMobile-cswwofbhrcnggmfwuxfpbtrwjhrw/Build/Products/Debug-iphonesimulator -F /Applications/Xcode_26.3.app/Contents/Developer/Platforms/iPhoneSimulator.platform/Developer/Library/Frameworks -F /Applications/Xcode_26.3.app/Contents/Developer/Platforms/iPhoneSimulator.platform/Developer/SDKs/iPhoneSimulator26.2.sdk/Developer/Library/Frameworks -parse-as-library -c -j3 -enable-batch-mode -incremental -Xcc -ivfsstatcache -Xcc /Users/runner/Library/Developer/Xcode/DerivedData/SDKStatCaches.noindex/iphonesimulator26.2-23C57-dc75598d0054f22ec865fa860f139d72e244bd9a5feaf902f95f61bf06266e52.sdkstatcache -output-file-map /Users/runner/Library/Developer/Xcode/DerivedData/AutoByteusMobile-cswwofbhrcnggmfwuxfpbtrwjhrw/Build/Intermediates.noindex/AutoByteusMobile.build/Debug-iphonesimulator/AutoByteusMobileUITests.build/Objects-normal/arm64/AutoByteusMobileUITests-OutputFileMap.json -use-frontend-parseable-output -save-temps -no-color-diagnostics -explicit-module-build -module-cache-path /Users/runner/Library/Developer/Xcode/DerivedData/AutoByteusMobile-cswwofbhrcnggmfwuxfpbtrwjhrw/Build/Intermediates.noindex/SwiftExplicitPrecompiledModules -clang-scanner-module-cache-path /Users/runner/Library/Developer/Xcode/DerivedData/ModuleCache.noindex -sdk-module-cache-path /Users/runner/Library/Developer/Xcode/DerivedData/ModuleCache.noindex -serialize-diagnostics -emit-dependencies -emit-module -emit-module-path /Users/runner/Library/Developer/Xcode/DerivedData/AutoByteusMobile-cswwofbhrcnggmfwuxfpbtrwjhrw/Build/Intermediates.noindex/AutoByteusMobile.build/Debug-iphonesimulator/AutoByteusMobileUITests.build/Objects-normal/arm64/AutoByteusMobileUITests.swiftmodule -validate-clang-modules-once -clang-build-session-file /Users/runner/Library/Developer/Xcode/DerivedData/ModuleCache.noindex/Session.modulevalidation -Xcc -I/Users/runner/Library/Developer/Xcode/DerivedData/AutoByteusMobile-cswwofbhrcnggmfwuxfpbtrwjhrw/Build/Intermediates.noindex/AutoByteusMobile.build/Debug-iphonesimulator/AutoByteusMobileUITests.build/swift-overrides.hmap -emit-const-values -Xfrontend -const-gather-protocols-file -Xfrontend /Users/runner/Library/Developer/Xcode/DerivedData/AutoByteusMobile-cswwofbhrcnggmfwuxfpbtrwjhrw/Build/Intermediates.noindex/AutoByteusMobile.build/Debug-iphonesimulator/AutoByteusMobileUITests.build/Objects-normal/arm64/AutoByteusMobileUITests_const_extract_protocols.json -Xcc -iquote -Xcc /Users/runner/Library/Developer/Xcode/DerivedData/AutoByteusMobile-cswwofbhrcnggmfwuxfpbtrwjhrw/Build/Intermediates.noindex/AutoByteusMobile.build/Debug-iphonesimulator/AutoByteusMobileUITests.build/AutoByteusMobileUITests-generated-files.hmap -Xcc -I/Users/runner/Library/Developer/Xcode/DerivedData/AutoByteusMobile-cswwofbhrcnggmfwuxfpbtrwjhrw/Build/Intermediates.noindex/AutoByteusMobile.build/Debug-iphonesimulator/AutoByteusMobileUITests.build/AutoByteusMobileUITests-own-target-headers.hmap -Xcc -I/Users/runner/Library/Developer/Xcode/DerivedData/AutoByteusMobile-cswwofbhrcnggmfwuxfpbtrwjhrw/Build/Intermediates.noindex/AutoByteusMobile.build/Debug-iphonesimulator/AutoByteusMobileUITests.build/AutoByteusMobileUITests-all-non-framework-target-headers.hmap -Xcc -ivfsoverlay -Xcc /Users/runner/Library/Developer/Xcode/DerivedData/AutoByteusMobile-cswwofbhrcnggmfwuxfpbtrwjhrw/Build/Intermediates.noindex/AutoByteusMobile.build/Debug-iphonesimulator/AutoByteusMobile-d09bd929cb8c8855c839362787f87620-VFS-iphonesimulator/all-product-headers.yaml -Xcc -iquote -Xcc /Users/runner/Library/Developer/Xcode/DerivedData/AutoByteusMobile-cswwofbhrcnggmfwuxfpbtrwjhrw/Build/Intermediates.noindex/AutoByteusMobile.build/Debug-iphonesimulator/AutoByteusMobileUITests.build/AutoByteusMobileUITests-project-headers.hmap -Xcc -I/Users/runner/Library/Developer/Xcode/DerivedData/AutoByteusMobile-cswwofbhrcnggmfwuxfpbtrwjhrw/Build/Products/Debug-iphonesimulator/include -Xcc -I/Users/runner/Library/Developer/Xcode/DerivedData/AutoByteusMobile-cswwofbhrcnggmfwuxfpbtrwjhrw/Build/Intermediates.noindex/AutoByteusMobile.build/Debug-iphonesimulator/AutoByteusMobileUITests.build/DerivedSources-normal/arm64 -Xcc -I/Users/runner/Library/Developer/Xcode/DerivedData/AutoByteusMobile-cswwofbhrcnggmfwuxfpbtrwjhrw/Build/Intermediates.noindex/AutoByteusMobile.build/Debug-iphonesimulator/AutoByteusMobileUITests.build/DerivedSources/arm64 -Xcc -I/Users/runner/Library/Developer/Xcode/DerivedData/AutoByteusMobile-cswwofbhrcnggmfwuxfpbtrwjhrw/Build/Intermediates.noindex/AutoByteusMobile.build/Debug-iphonesimulator/AutoByteusMobileUITests.build/DerivedSources -Xcc -DDEBUG\=1 -emit-objc-header -emit-objc-header-path /Users/runner/Library/Developer/Xcode/DerivedData/AutoByteusMobile-cswwofbhrcnggmfwuxfpbtrwjhrw/Build/Intermediates.noindex/AutoByteusMobile.build/Debug-iphonesimulator/AutoByteusMobileUITests.build/Objects-normal/arm64/AutoByteusMobileUITests-Swift.h -working-directory /Users/runner/work/autobyteus-workspace/autobyteus-workspace/autobyteus-ios -experimental-emit-module-separately -disable-cmo
Build And Test iOS App	Generate, build, and run implementation checks	2026-09-11T00:33:56.8044830Z 
Build And Test iOS App	Generate, build, and run implementation checks	2026-09-11T00:33:56.8045370Z SwiftDriver\ Compilation\ Requirements AutoByteusMobileCoreTests normal arm64 com.apple.xcode.tools.swift.compiler (in target 'AutoByteusMobileCoreTests' from project 'AutoByteusMobile')
Build And Test iOS App	Generate, build, and run implementation checks	2026-09-11T00:33:56.8046270Z     cd /Users/runner/work/autobyteus-workspace/autobyteus-workspace/autobyteus-ios
Build And Test iOS App	Generate, build, and run implementation checks	2026-09-11T00:33:56.8066070Z     builtin-Swift-Compilation-Requirements -- /Applications/Xcode_26.3.app/Contents/Developer/Toolchains/XcodeDefault.xctoolchain/usr/bin/swiftc -module-name AutoByteusMobileCoreTests -Onone -enforce-exclusivity\=checked @/Users/runner/Library/Developer/Xcode/DerivedData/AutoByteusMobile-cswwofbhrcnggmfwuxfpbtrwjhrw/Build/Intermediates.noindex/AutoByteusMobile.build/Debug-iphonesimulator/AutoByteusMobileCoreTests.build/Objects-normal/arm64/AutoByteusMobileCoreTests.SwiftFileList -DDEBUG -plugin-path /Applications/Xcode_26.3.app/Contents/Developer/Toolchains/XcodeDefault.xctoolchain/usr/lib/swift/host/plugins/testing -enable-bare-slash-regex -enable-experimental-feature DebugDescriptionMacro -sdk /Applications/Xcode_26.3.app/Contents/Developer/Platforms/iPhoneSimulator.platform/Developer/SDKs/iPhoneSimulator26.2.sdk -target arm64-apple-ios17.0-simulator -g -module-cache-path /Users/runner/Library/Developer/Xcode/DerivedData/ModuleCache.noindex -Xfrontend -serialize-debugging-options -enable-testing -index-store-path /Users/runner/Library/Developer/Xcode/DerivedData/AutoByteusMobile-cswwofbhrcnggmfwuxfpbtrwjhrw/Index.noindex/DataStore -Xcc -D_LIBCPP_HARDENING_MODE\=_LIBCPP_HARDENING_MODE_DEBUG -swift-version 5 -I /Users/runner/Library/Developer/Xcode/DerivedData/AutoByteusMobile-cswwofbhrcnggmfwuxfpbtrwjhrw/Build/Products/Debug-iphonesimulator -Isystem /Applications/Xcode_26.3.app/Contents/Developer/Platforms/iPhoneSimulator.platform/Developer/usr/lib -F /Users/runner/Library/Developer/Xcode/DerivedData/AutoByteusMobile-cswwofbhrcnggmfwuxfpbtrwjhrw/Build/Products/Debug-iphonesimulator -F /Applications/Xcode_26.3.app/Contents/Developer/Platforms/iPhoneSimulator.platform/Developer/Library/Frameworks -F /Applications/Xcode_26.3.app/Contents/Developer/Platforms/iPhoneSimulator.platform/Developer/SDKs/iPhoneSimulator26.2.sdk/Developer/Library/Frameworks -c -j3 -enable-batch-mode -incremental -Xcc -ivfsstatcache -Xcc /Users/runner/Library/Developer/Xcode/DerivedData/SDKStatCaches.noindex/iphonesimulator26.2-23C57-dc75598d0054f22ec865fa860f139d72e244bd9a5feaf902f95f61bf06266e52.sdkstatcache -output-file-map /Users/runner/Library/Developer/Xcode/DerivedData/AutoByteusMobile-cswwofbhrcnggmfwuxfpbtrwjhrw/Build/Intermediates.noindex/AutoByteusMobile.build/Debug-iphonesimulator/AutoByteusMobileCoreTests.build/Objects-normal/arm64/AutoByteusMobileCoreTests-OutputFileMap.json -use-frontend-parseable-output -save-temps -no-color-diagnostics -explicit-module-build -module-cache-path /Users/runner/Library/Developer/Xcode/DerivedData/AutoByteusMobile-cswwofbhrcnggmfwuxfpbtrwjhrw/Build/Intermediates.noindex/SwiftExplicitPrecompiledModules -clang-scanner-module-cache-path /Users/runner/Library/Developer/Xcode/DerivedData/ModuleCache.noindex -sdk-module-cache-path /Users/runner/Library/Developer/Xcode/DerivedData/ModuleCache.noindex -serialize-diagnostics -emit-dependencies -emit-module -emit-module-path /Users/runner/Library/Developer/Xcode/DerivedData/AutoByteusMobile-cswwofbhrcnggmfwuxfpbtrwjhrw/Build/Intermediates.noindex/AutoByteusMobile.build/Debug-iphonesimulator/AutoByteusMobileCoreTests.build/Objects-normal/arm64/AutoByteusMobileCoreTests.swiftmodule -validate-clang-modules-once -clang-build-session-file /Users/runner/Library/Developer/Xcode/DerivedData/ModuleCache.noindex/Session.modulevalidation -Xcc -I/Users/runner/Library/Developer/Xcode/DerivedData/AutoByteusMobile-cswwofbhrcnggmfwuxfpbtrwjhrw/Build/Intermediates.noindex/AutoByteusMobile.build/Debug-iphonesimulator/AutoByteusMobileCoreTests.build/swift-overrides.hmap -emit-const-values -Xfrontend -const-gather-protocols-file -Xfrontend /Users/runner/Library/Developer/Xcode/DerivedData/AutoByteusMobile-cswwofbhrcnggmfwuxfpbtrwjhrw/Build/Intermediates.noindex/AutoByteusMobile.build/Debug-iphonesimulator/AutoByteusMobileCoreTests.build/Objects-normal/arm64/AutoByteusMobileCoreTests_const_extract_protocols.json -Xcc -iquote -Xcc /Users/runner/Library/Developer/Xcode/DerivedData/AutoByteusMobile-cswwofbhrcnggmfwuxfpbtrwjhrw/Build/Intermediates.noindex/AutoByteusMobile.build/Debug-iphonesimulator/AutoByteusMobileCoreTests.build/AutoByteusMobileCoreTests-generated-files.hmap -Xcc -I/Users/runner/Library/Developer/Xcode/DerivedData/AutoByteusMobile-cswwofbhrcnggmfwuxfpbtrwjhrw/Build/Intermediates.noindex/AutoByteusMobile.build/Debug-iphonesimulator/AutoByteusMobileCoreTests.build/AutoByteusMobileCoreTests-own-target-headers.hmap -Xcc -I/Users/runner/Library/Developer/Xcode/DerivedData/AutoByteusMobile-cswwofbhrcnggmfwuxfpbtrwjhrw/Build/Intermediates.noindex/AutoByteusMobile.build/Debug-iphonesimulator/AutoByteusMobileCoreTests.build/AutoByteusMobileCoreTests-all-non-framework-target-headers.hmap -Xcc -ivfsoverlay -Xcc /Users/runner/Library/Developer/Xcode/DerivedData/AutoByteusMobile-cswwofbhrcnggmfwuxfpbtrwjhrw/Build/Intermediates.noindex/AutoByteusMobile.build/Debug-iphonesimulator/AutoByteusMobile-d09bd929cb8c8855c839362787f87620-VFS-iphonesimulator/all-product-headers.yaml -Xcc -iquote -Xcc /Users/runner/Library/Developer/Xcode/DerivedData/AutoByteusMobile-cswwofbhrcnggmfwuxfpbtrwjhrw/Build/Intermediates.noindex/AutoByteusMobile.build/Debug-iphonesimulator/AutoByteusMobileCoreTests.build/AutoByteusMobileCoreTests-project-headers.hmap -Xcc -I/Users/runner/Library/Developer/Xcode/DerivedData/AutoByteusMobile-cswwofbhrcnggmfwuxfpbtrwjhrw/Build/Products/Debug-iphonesimulator/include -Xcc -I/Users/runner/Library/Developer/Xcode/DerivedData/AutoByteusMobile-cswwofbhrcnggmfwuxfpbtrwjhrw/Build/Intermediates.noindex/AutoByteusMobile.build/Debug-iphonesimulator/AutoByteusMobileCoreTests.build/DerivedSources-normal/arm64 -Xcc -I/Users/runner/Library/Developer/Xcode/DerivedData/AutoByteusMobile-cswwofbhrcnggmfwuxfpbtrwjhrw/Build/Intermediates.noindex/AutoByteusMobile.build/Debug-iphonesimulator/AutoByteusMobileCoreTests.build/DerivedSources/arm64 -Xcc -I/Users/runner/Library/Developer/Xcode/DerivedData/AutoByteusMobile-cswwofbhrcnggmfwuxfpbtrwjhrw/Build/Intermediates.noindex/AutoByteusMobile.build/Debug-iphonesimulator/AutoByteusMobileCoreTests.build/DerivedSources -Xcc -DDEBUG\=1 -emit-objc-header -emit-objc-header-path /Users/runner/Library/Developer/Xcode/DerivedData/AutoByteusMobile-cswwofbhrcnggmfwuxfpbtrwjhrw/Build/Intermediates.noindex/AutoByteusMobile.build/Debug-iphonesimulator/AutoByteusMobileCoreTests.build/Objects-normal/arm64/AutoByteusMobileCoreTests-Swift.h -working-directory /Users/runner/work/autobyteus-workspace/autobyteus-workspace/autobyteus-ios -experimental-emit-module-separately -disable-cmo
Build And Test iOS App	Generate, build, and run implementation checks	2026-09-11T00:33:56.8087110Z 
Build And Test iOS App	Generate, build, and run implementation checks	2026-09-11T00:33:56.8089260Z SwiftMergeGeneratedHeaders /Users/runner/Library/Developer/Xcode/DerivedData/AutoByteusMobile-cswwofbhrcnggmfwuxfpbtrwjhrw/Build/Intermediates.noindex/AutoByteusMobile.build/Debug-iphonesimulator/AutoByteusMobileUITests.build/DerivedSources/AutoByteusMobileUITests-Swift.h /Users/runner/Library/Developer/Xcode/DerivedData/AutoByteusMobile-cswwofbhrcnggmfwuxfpbtrwjhrw/Build/Intermediates.noindex/AutoByteusMobile.build/Debug-iphonesimulator/AutoByteusMobileUITests.build/Objects-normal/arm64/AutoByteusMobileUITests-Swift.h (in target 'AutoByteusMobileUITests' from project 'AutoByteusMobile')
Build And Test iOS App	Generate, build, and run implementation checks	2026-09-11T00:33:56.8091350Z     cd /Users/runner/work/autobyteus-workspace/autobyteus-workspace/autobyteus-ios
Build And Test iOS App	Generate, build, and run implementation checks	2026-09-11T00:33:56.8093510Z     builtin-swiftHeaderTool -arch arm64 /Users/runner/Library/Developer/Xcode/DerivedData/AutoByteusMobile-cswwofbhrcnggmfwuxfpbtrwjhrw/Build/Intermediates.noindex/AutoByteusMobile.build/Debug-iphonesimulator/AutoByteusMobileUITests.build/Objects-normal/arm64/AutoByteusMobileUITests-Swift.h -o /Users/runner/Library/Developer/Xcode/DerivedData/AutoByteusMobile-cswwofbhrcnggmfwuxfpbtrwjhrw/Build/Intermediates.noindex/AutoByteusMobile.build/Debug-iphonesimulator/AutoByteusMobileUITests.build/DerivedSources/AutoByteusMobileUITests-Swift.h
Build And Test iOS App	Generate, build, and run implementation checks	2026-09-11T00:33:56.8095460Z 
Build And Test iOS App	Generate, build, and run implementation checks	2026-09-11T00:33:56.8097030Z Copy /Users/runner/Library/Developer/Xcode/DerivedData/AutoByteusMobile-cswwofbhrcnggmfwuxfpbtrwjhrw/Build/Products/Debug-iphonesimulator/AutoByteusMobileUITests.swiftmodule/arm64-apple-ios-simulator.swiftmodule /Users/runner/Library/Developer/Xcode/DerivedData/AutoByteusMobile-cswwofbhrcnggmfwuxfpbtrwjhrw/Build/Intermediates.noindex/AutoByteusMobile.build/Debug-iphonesimulator/AutoByteusMobileUITests.build/Objects-normal/arm64/AutoByteusMobileUITests.swiftmodule (in target 'AutoByteusMobileUITests' from project 'AutoByteusMobile')
Build And Test iOS App	Generate, build, and run implementation checks	2026-09-11T00:33:56.8099140Z     cd /Users/runner/work/autobyteus-workspace/autobyteus-workspace/autobyteus-ios
Build And Test iOS App	Generate, build, and run implementation checks	2026-09-11T00:33:56.8101550Z     builtin-copy -exclude .DS_Store -exclude CVS -exclude .svn -exclude .git -exclude .hg -resolve-src-symlinks -rename /Users/runner/Library/Developer/Xcode/DerivedData/AutoByteusMobile-cswwofbhrcnggmfwuxfpbtrwjhrw/Build/Intermediates.noindex/AutoByteusMobile.build/Debug-iphonesimulator/AutoByteusMobileUITests.build/Objects-normal/arm64/AutoByteusMobileUITests.swiftmodule /Users/runner/Library/Developer/Xcode/DerivedData/AutoByteusMobile-cswwofbhrcnggmfwuxfpbtrwjhrw/Build/Products/Debug-iphonesimulator/AutoByteusMobileUITests.swiftmodule/arm64-apple-ios-simulator.swiftmodule
Build And Test iOS App	Generate, build, and run implementation checks	2026-09-11T00:33:56.8103840Z 
Build And Test iOS App	Generate, build, and run implementation checks	2026-09-11T00:33:56.8105570Z Copy /Users/runner/Library/Developer/Xcode/DerivedData/AutoByteusMobile-cswwofbhrcnggmfwuxfpbtrwjhrw/Build/Products/Debug-iphonesimulator/AutoByteusMobileUITests.swiftmodule/arm64-apple-ios-simulator.swiftdoc /Users/runner/Library/Developer/Xcode/DerivedData/AutoByteusMobile-cswwofbhrcnggmfwuxfpbtrwjhrw/Build/Intermediates.noindex/AutoByteusMobile.build/Debug-iphonesimulator/AutoByteusMobileUITests.build/Objects-normal/arm64/AutoByteusMobileUITests.swiftdoc (in target 'AutoByteusMobileUITests' from project 'AutoByteusMobile')
Build And Test iOS App	Generate, build, and run implementation checks	2026-09-11T00:33:56.8107480Z     cd /Users/runner/work/autobyteus-workspace/autobyteus-workspace/autobyteus-ios
Build And Test iOS App	Generate, build, and run implementation checks	2026-09-11T00:33:56.8109350Z     builtin-copy -exclude .DS_Store -exclude CVS -exclude .svn -exclude .git -exclude .hg -resolve-src-symlinks -rename /Users/runner/Library/Developer/Xcode/DerivedData/AutoByteusMobile-cswwofbhrcnggmfwuxfpbtrwjhrw/Build/Intermediates.noindex/AutoByteusMobile.build/Debug-iphonesimulator/AutoByteusMobileUITests.build/Objects-normal/arm64/AutoByteusMobileUITests.swiftdoc /Users/runner/Library/Developer/Xcode/DerivedData/AutoByteusMobile-cswwofbhrcnggmfwuxfpbtrwjhrw/Build/Products/Debug-iphonesimulator/AutoByteusMobileUITests.swiftmodule/arm64-apple-ios-simulator.swiftdoc
Build And Test iOS App	Generate, build, and run implementation checks	2026-09-11T00:33:56.8111060Z 
Build And Test iOS App	Generate, build, and run implementation checks	2026-09-11T00:33:56.8112560Z Copy /Users/runner/Library/Developer/Xcode/DerivedData/AutoByteusMobile-cswwofbhrcnggmfwuxfpbtrwjhrw/Build/Products/Debug-iphonesimulator/AutoByteusMobileUITests.swiftmodule/arm64-apple-ios-simulator.abi.json /Users/runner/Library/Developer/Xcode/DerivedData/AutoByteusMobile-cswwofbhrcnggmfwuxfpbtrwjhrw/Build/Intermediates.noindex/AutoByteusMobile.build/Debug-iphonesimulator/AutoByteusMobileUITests.build/Objects-normal/arm64/AutoByteusMobileUITests.abi.json (in target 'AutoByteusMobileUITests' from project 'AutoByteusMobile')
Build And Test iOS App	Generate, build, and run implementation checks	2026-09-11T00:33:56.8114390Z     cd /Users/runner/work/autobyteus-workspace/autobyteus-workspace/autobyteus-ios
Build And Test iOS App	Generate, build, and run implementation checks	2026-09-11T00:33:56.8116270Z     builtin-copy -exclude .DS_Store -exclude CVS -exclude .svn -exclude .git -exclude .hg -resolve-src-symlinks -rename /Users/runner/Library/Developer/Xcode/DerivedData/AutoByteusMobile-cswwofbhrcnggmfwuxfpbtrwjhrw/Build/Intermediates.noindex/AutoByteusMobile.build/Debug-iphonesimulator/AutoByteusMobileUITests.build/Objects-normal/arm64/AutoByteusMobileUITests.abi.json /Users/runner/Library/Developer/Xcode/DerivedData/AutoByteusMobile-cswwofbhrcnggmfwuxfpbtrwjhrw/Build/Products/Debug-iphonesimulator/AutoByteusMobileUITests.swiftmodule/arm64-apple-ios-simulator.abi.json
Build And Test iOS App	Generate, build, and run implementation checks	2026-09-11T00:33:56.8118860Z 
Build And Test iOS App	Generate, build, and run implementation checks	2026-09-11T00:33:56.8119270Z SwiftDriverJobDiscovery normal arm64 Compiling AutoByteusMobileUITests.swift (in target 'AutoByteusMobileUITests' from project 'AutoByteusMobile')
Build And Test iOS App	Generate, build, and run implementation checks	2026-09-11T00:33:56.8119810Z 
Build And Test iOS App	Generate, build, and run implementation checks	2026-09-11T00:33:56.8121820Z Copy /Users/runner/Library/Developer/Xcode/DerivedData/AutoByteusMobile-cswwofbhrcnggmfwuxfpbtrwjhrw/Build/Products/Debug-iphonesimulator/AutoByteusMobileUITests.swiftmodule/Project/arm64-apple-ios-simulator.swiftsourceinfo /Users/runner/Library/Developer/Xcode/DerivedData/AutoByteusMobile-cswwofbhrcnggmfwuxfpbtrwjhrw/Build/Intermediates.noindex/AutoByteusMobile.build/Debug-iphonesimulator/AutoByteusMobileUITests.build/Objects-normal/arm64/AutoByteusMobileUITests.swiftsourceinfo (in target 'AutoByteusMobileUITests' from project 'AutoByteusMobile')
Build And Test iOS App	Generate, build, and run implementation checks	2026-09-11T00:33:56.8123940Z     cd /Users/runner/work/autobyteus-workspace/autobyteus-workspace/autobyteus-ios
Build And Test iOS App	Generate, build, and run implementation checks	2026-09-11T00:33:56.8126100Z     builtin-copy -exclude .DS_Store -exclude CVS -exclude .svn -exclude .git -exclude .hg -resolve-src-symlinks -rename /Users/runner/Library/Developer/Xcode/DerivedData/AutoByteusMobile-cswwofbhrcnggmfwuxfpbtrwjhrw/Build/Intermediates.noindex/AutoByteusMobile.build/Debug-iphonesimulator/AutoByteusMobileUITests.build/Objects-normal/arm64/AutoByteusMobileUITests.swiftsourceinfo /Users/runner/Library/Developer/Xcode/DerivedData/AutoByteusMobile-cswwofbhrcnggmfwuxfpbtrwjhrw/Build/Products/Debug-iphonesimulator/AutoByteusMobileUITests.swiftmodule/Project/arm64-apple-ios-simulator.swiftsourceinfo
Build And Test iOS App	Generate, build, and run implementation checks	2026-09-11T00:33:56.8128020Z 
Build And Test iOS App	Generate, build, and run implementation checks	2026-09-11T00:33:56.8132510Z SwiftMergeGeneratedHeaders /Users/runner/Library/Developer/Xcode/DerivedData/AutoByteusMobile-cswwofbhrcnggmfwuxfpbtrwjhrw/Build/Intermediates.noindex/AutoByteusMobile.build/Debug-iphonesimulator/AutoByteusMobileCoreTests.build/DerivedSources/AutoByteusMobileCoreTests-Swift.h /Users/runner/Library/Developer/Xcode/DerivedData/AutoByteusMobile-cswwofbhrcnggmfwuxfpbtrwjhrw/Build/Intermediates.noindex/AutoByteusMobile.build/Debug-iphonesimulator/AutoByteusMobileCoreTests.build/Objects-normal/arm64/AutoByteusMobileCoreTests-Swift.h (in target 'AutoByteusMobileCoreTests' from project 'AutoByteusMobile')
Build And Test iOS App	Generate, build, and run implementation checks	2026-09-11T00:33:56.8134690Z     cd /Users/runner/work/autobyteus-workspace/autobyteus-workspace/autobyteus-ios
Build And Test iOS App	Generate, build, and run implementation checks	2026-09-11T00:33:56.8136550Z     builtin-swiftHeaderTool -arch arm64 /Users/runner/Library/Developer/Xcode/DerivedData/AutoByteusMobile-cswwofbhrcnggmfwuxfpbtrwjhrw/Build/Intermediates.noindex/AutoByteusMobile.build/Debug-iphonesimulator/AutoByteusMobileCoreTests.build/Objects-normal/arm64/AutoByteusMobileCoreTests-Swift.h -o /Users/runner/Library/Developer/Xcode/DerivedData/AutoByteusMobile-cswwofbhrcnggmfwuxfpbtrwjhrw/Build/Intermediates.noindex/AutoByteusMobile.build/Debug-iphonesimulator/AutoByteusMobileCoreTests.build/DerivedSources/AutoByteusMobileCoreTests-Swift.h
Build And Test iOS App	Generate, build, and run implementation checks	2026-09-11T00:33:56.8138210Z 
Build And Test iOS App	Generate, build, and run implementation checks	2026-09-11T00:33:56.8139800Z Copy /Users/runner/Library/Developer/Xcode/DerivedData/AutoByteusMobile-cswwofbhrcnggmfwuxfpbtrwjhrw/Build/Products/Debug-iphonesimulator/AutoByteusMobileCoreTests.swiftmodule/arm64-apple-ios-simulator.swiftmodule /Users/runner/Library/Developer/Xcode/DerivedData/AutoByteusMobile-cswwofbhrcnggmfwuxfpbtrwjhrw/Build/Intermediates.noindex/AutoByteusMobile.build/Debug-iphonesimulator/AutoByteusMobileCoreTests.build/Objects-normal/arm64/AutoByteusMobileCoreTests.swiftmodule (in target 'AutoByteusMobileCoreTests' from project 'AutoByteusMobile')
Build And Test iOS App	Generate, build, and run implementation checks	2026-09-11T00:33:56.8141680Z     cd /Users/runner/work/autobyteus-workspace/autobyteus-workspace/autobyteus-ios
Build And Test iOS App	Generate, build, and run implementation checks	2026-09-11T00:33:56.8144070Z     builtin-copy -exclude .DS_Store -exclude CVS -exclude .svn -exclude .git -exclude .hg -resolve-src-symlinks -rename /Users/runner/Library/Developer/Xcode/DerivedData/AutoByteusMobile-cswwofbhrcnggmfwuxfpbtrwjhrw/Build/Intermediates.noindex/AutoByteusMobile.build/Debug-iphonesimulator/AutoByteusMobileCoreTests.build/Objects-normal/arm64/AutoByteusMobileCoreTests.swiftmodule /Users/runner/Library/Developer/Xcode/DerivedData/AutoByteusMobile-cswwofbhrcnggmfwuxfpbtrwjhrw/Build/Products/Debug-iphonesimulator/AutoByteusMobileCoreTests.swiftmodule/arm64-apple-ios-simulator.swiftmodule
Build And Test iOS App	Generate, build, and run implementation checks	2026-09-11T00:33:56.8145990Z 
Build And Test iOS App	Generate, build, and run implementation checks	2026-09-11T00:33:56.8147550Z Copy /Users/runner/Library/Developer/Xcode/DerivedData/AutoByteusMobile-cswwofbhrcnggmfwuxfpbtrwjhrw/Build/Products/Debug-iphonesimulator/AutoByteusMobileCoreTests.swiftmodule/arm64-apple-ios-simulator.swiftdoc /Users/runner/Library/Developer/Xcode/DerivedData/AutoByteusMobile-cswwofbhrcnggmfwuxfpbtrwjhrw/Build/Intermediates.noindex/AutoByteusMobile.build/Debug-iphonesimulator/AutoByteusMobileCoreTests.build/Objects-normal/arm64/AutoByteusMobileCoreTests.swiftdoc (in target 'AutoByteusMobileCoreTests' from project 'AutoByteusMobile')
Build And Test iOS App	Generate, build, and run implementation checks	2026-09-11T00:33:56.8149470Z     cd /Users/runner/work/autobyteus-workspace/autobyteus-workspace/autobyteus-ios
Build And Test iOS App	Generate, build, and run implementation checks	2026-09-11T00:33:56.8151470Z     builtin-copy -exclude .DS_Store -exclude CVS -exclude .svn -exclude .git -exclude .hg -resolve-src-symlinks -rename /Users/runner/Library/Developer/Xcode/DerivedData/AutoByteusMobile-cswwofbhrcnggmfwuxfpbtrwjhrw/Build/Intermediates.noindex/AutoByteusMobile.build/Debug-iphonesimulator/AutoByteusMobileCoreTests.build/Objects-normal/arm64/AutoByteusMobileCoreTests.swiftdoc /Users/runner/Library/Developer/Xcode/DerivedData/AutoByteusMobile-cswwofbhrcnggmfwuxfpbtrwjhrw/Build/Products/Debug-iphonesimulator/AutoByteusMobileCoreTests.swiftmodule/arm64-apple-ios-simulator.swiftdoc
Build And Test iOS App	Generate, build, and run implementation checks	2026-09-11T00:33:56.8153330Z 
Build And Test iOS App	Generate, build, and run implementation checks	2026-09-11T00:33:56.8155650Z Copy /Users/runner/Library/Developer/Xcode/DerivedData/AutoByteusMobile-cswwofbhrcnggmfwuxfpbtrwjhrw/Build/Products/Debug-iphonesimulator/AutoByteusMobileCoreTests.swiftmodule/arm64-apple-ios-simulator.abi.json /Users/runner/Library/Developer/Xcode/DerivedData/AutoByteusMobile-cswwofbhrcnggmfwuxfpbtrwjhrw/Build/Intermediates.noindex/AutoByteusMobile.build/Debug-iphonesimulator/AutoByteusMobileCoreTests.build/Objects-normal/arm64/AutoByteusMobileCoreTests.abi.json (in target 'AutoByteusMobileCoreTests' from project 'AutoByteusMobile')
Build And Test iOS App	Generate, build, and run implementation checks	2026-09-11T00:33:56.8157660Z     cd /Users/runner/work/autobyteus-workspace/autobyteus-workspace/autobyteus-ios
Build And Test iOS App	Generate, build, and run implementation checks	2026-09-11T00:33:56.8159610Z     builtin-copy -exclude .DS_Store -exclude CVS -exclude .svn -exclude .git -exclude .hg -resolve-src-symlinks -rename /Users/runner/Library/Developer/Xcode/DerivedData/AutoByteusMobile-cswwofbhrcnggmfwuxfpbtrwjhrw/Build/Intermediates.noindex/AutoByteusMobile.build/Debug-iphonesimulator/AutoByteusMobileCoreTests.build/Objects-normal/arm64/AutoByteusMobileCoreTests.abi.json /Users/runner/Library/Developer/Xcode/DerivedData/AutoByteusMobile-cswwofbhrcnggmfwuxfpbtrwjhrw/Build/Products/Debug-iphonesimulator/AutoByteusMobileCoreTests.swiftmodule/arm64-apple-ios-simulator.abi.json
Build And Test iOS App	Generate, build, and run implementation checks	2026-09-11T00:33:56.8161320Z 
Build And Test iOS App	Generate, build, and run implementation checks	2026-09-11T00:33:56.8163070Z Copy /Users/runner/Library/Developer/Xcode/DerivedData/AutoByteusMobile-cswwofbhrcnggmfwuxfpbtrwjhrw/Build/Products/Debug-iphonesimulator/AutoByteusMobileCoreTests.swiftmodule/Project/arm64-apple-ios-simulator.swiftsourceinfo /Users/runner/Library/Developer/Xcode/DerivedData/AutoByteusMobile-cswwofbhrcnggmfwuxfpbtrwjhrw/Build/Intermediates.noindex/AutoByteusMobile.build/Debug-iphonesimulator/AutoByteusMobileCoreTests.build/Objects-normal/arm64/AutoByteusMobileCoreTests.swiftsourceinfo (in target 'AutoByteusMobileCoreTests' from project 'AutoByteusMobile')
Build And Test iOS App	Generate, build, and run implementation checks	2026-09-11T00:33:56.8165030Z     cd /Users/runner/work/autobyteus-workspace/autobyteus-workspace/autobyteus-ios
Build And Test iOS App	Generate, build, and run implementation checks	2026-09-11T00:33:56.8167000Z     builtin-copy -exclude .DS_Store -exclude CVS -exclude .svn -exclude .git -exclude .hg -resolve-src-symlinks -rename /Users/runner/Library/Developer/Xcode/DerivedData/AutoByteusMobile-cswwofbhrcnggmfwuxfpbtrwjhrw/Build/Intermediates.noindex/AutoByteusMobile.build/Debug-iphonesimulator/AutoByteusMobileCoreTests.build/Objects-normal/arm64/AutoByteusMobileCoreTests.swiftsourceinfo /Users/runner/Library/Developer/Xcode/DerivedData/AutoByteusMobile-cswwofbhrcnggmfwuxfpbtrwjhrw/Build/Products/Debug-iphonesimulator/AutoByteusMobileCoreTests.swiftmodule/Project/arm64-apple-ios-simulator.swiftsourceinfo
Build And Test iOS App	Generate, build, and run implementation checks	2026-09-11T00:33:56.8169260Z 
Build And Test iOS App	Generate, build, and run implementation checks	2026-09-11T00:33:56.8169770Z SwiftDriver\ Compilation AutoByteusMobileUITests normal arm64 com.apple.xcode.tools.swift.compiler (in target 'AutoByteusMobileUITests' from project 'AutoByteusMobile')
Build And Test iOS App	Generate, build, and run implementation checks	2026-09-11T00:33:56.8170740Z     cd /Users/runner/work/autobyteus-workspace/autobyteus-workspace/autobyteus-ios
Build And Test iOS App	Generate, build, and run implementation checks	2026-09-11T00:33:56.8190570Z     builtin-Swift-Compilation -- /Applications/Xcode_26.3.app/Contents/Developer/Toolchains/XcodeDefault.xctoolchain/usr/bin/swiftc -module-name AutoByteusMobileUITests -Onone -enforce-exclusivity\=checked @/Users/runner/Library/Developer/Xcode/DerivedData/AutoByteusMobile-cswwofbhrcnggmfwuxfpbtrwjhrw/Build/Intermediates.noindex/AutoByteusMobile.build/Debug-iphonesimulator/AutoByteusMobileUITests.build/Objects-normal/arm64/AutoByteusMobileUITests.SwiftFileList -DDEBUG -module-alias Testing\=_Testing_Unavailable -plugin-path /Applications/Xcode_26.3.app/Contents/Developer/Toolchains/XcodeDefault.xctoolchain/usr/lib/swift/host/plugins/testing -enable-bare-slash-regex -enable-experimental-feature DebugDescriptionMacro -sdk /Applications/Xcode_26.3.app/Contents/Developer/Platforms/iPhoneSimulator.platform/Developer/SDKs/iPhoneSimulator26.2.sdk -target arm64-apple-ios17.0-simulator -g -module-cache-path /Users/runner/Library/Developer/Xcode/DerivedData/ModuleCache.noindex -Xfrontend -serialize-debugging-options -enable-testing -index-store-path /Users/runner/Library/Developer/Xcode/DerivedData/AutoByteusMobile-cswwofbhrcnggmfwuxfpbtrwjhrw/Index.noindex/DataStore -Xcc -D_LIBCPP_HARDENING_MODE\=_LIBCPP_HARDENING_MODE_DEBUG -swift-version 5 -I /Users/runner/Library/Developer/Xcode/DerivedData/AutoByteusMobile-cswwofbhrcnggmfwuxfpbtrwjhrw/Build/Products/Debug-iphonesimulator -Isystem /Applications/Xcode_26.3.app/Contents/Developer/Platforms/iPhoneSimulator.platform/Developer/usr/lib -F /Users/runner/Library/Developer/Xcode/DerivedData/AutoByteusMobile-cswwofbhrcnggmfwuxfpbtrwjhrw/Build/Products/Debug-iphonesimulator -F /Applications/Xcode_26.3.app/Contents/Developer/Platforms/iPhoneSimulator.platform/Developer/Library/Frameworks -F /Applications/Xcode_26.3.app/Contents/Developer/Platforms/iPhoneSimulator.platform/Developer/SDKs/iPhoneSimulator26.2.sdk/Developer/Library/Frameworks -parse-as-library -c -j3 -enable-batch-mode -incremental -Xcc -ivfsstatcache -Xcc /Users/runner/Library/Developer/Xcode/DerivedData/SDKStatCaches.noindex/iphonesimulator26.2-23C57-dc75598d0054f22ec865fa860f139d72e244bd9a5feaf902f95f61bf06266e52.sdkstatcache -output-file-map /Users/runner/Library/Developer/Xcode/DerivedData/AutoByteusMobile-cswwofbhrcnggmfwuxfpbtrwjhrw/Build/Intermediates.noindex/AutoByteusMobile.build/Debug-iphonesimulator/AutoByteusMobileUITests.build/Objects-normal/arm64/AutoByteusMobileUITests-OutputFileMap.json -use-frontend-parseable-output -save-temps -no-color-diagnostics -explicit-module-build -module-cache-path /Users/runner/Library/Developer/Xcode/DerivedData/AutoByteusMobile-cswwofbhrcnggmfwuxfpbtrwjhrw/Build/Intermediates.noindex/SwiftExplicitPrecompiledModules -clang-scanner-module-cache-path /Users/runner/Library/Developer/Xcode/DerivedData/ModuleCache.noindex -sdk-module-cache-path /Users/runner/Library/Developer/Xcode/DerivedData/ModuleCache.noindex -serialize-diagnostics -emit-dependencies -emit-module -emit-module-path /Users/runner/Library/Developer/Xcode/DerivedData/AutoByteusMobile-cswwofbhrcnggmfwuxfpbtrwjhrw/Build/Intermediates.noindex/AutoByteusMobile.build/Debug-iphonesimulator/AutoByteusMobileUITests.build/Objects-normal/arm64/AutoByteusMobileUITests.swiftmodule -validate-clang-modules-once -clang-build-session-file /Users/runner/Library/Developer/Xcode/DerivedData/ModuleCache.noindex/Session.modulevalidation -Xcc -I/Users/runner/Library/Developer/Xcode/DerivedData/AutoByteusMobile-cswwofbhrcnggmfwuxfpbtrwjhrw/Build/Intermediates.noindex/AutoByteusMobile.build/Debug-iphonesimulator/AutoByteusMobileUITests.build/swift-overrides.hmap -emit-const-values -Xfrontend -const-gather-protocols-file -Xfrontend /Users/runner/Library/Developer/Xcode/DerivedData/AutoByteusMobile-cswwofbhrcnggmfwuxfpbtrwjhrw/Build/Intermediates.noindex/AutoByteusMobile.build/Debug-iphonesimulator/AutoByteusMobileUITests.build/Objects-normal/arm64/AutoByteusMobileUITests_const_extract_protocols.json -Xcc -iquote -Xcc /Users/runner/Library/Developer/Xcode/DerivedData/AutoByteusMobile-cswwofbhrcnggmfwuxfpbtrwjhrw/Build/Intermediates.noindex/AutoByteusMobile.build/Debug-iphonesimulator/AutoByteusMobileUITests.build/AutoByteusMobileUITests-generated-files.hmap -Xcc -I/Users/runner/Library/Developer/Xcode/DerivedData/AutoByteusMobile-cswwofbhrcnggmfwuxfpbtrwjhrw/Build/Intermediates.noindex/AutoByteusMobile.build/Debug-iphonesimulator/AutoByteusMobileUITests.build/AutoByteusMobileUITests-own-target-headers.hmap -Xcc -I/Users/runner/Library/Developer/Xcode/DerivedData/AutoByteusMobile-cswwofbhrcnggmfwuxfpbtrwjhrw/Build/Intermediates.noindex/AutoByteusMobile.build/Debug-iphonesimulator/AutoByteusMobileUITests.build/AutoByteusMobileUITests-all-non-framework-target-headers.hmap -Xcc -ivfsoverlay -Xcc /Users/runner/Library/Developer/Xcode/DerivedData/AutoByteusMobile-cswwofbhrcnggmfwuxfpbtrwjhrw/Build/Intermediates.noindex/AutoByteusMobile.build/Debug-iphonesimulator/AutoByteusMobile-d09bd929cb8c8855c839362787f87620-VFS-iphonesimulator/all-product-headers.yaml -Xcc -iquote -Xcc /Users/runner/Library/Developer/Xcode/DerivedData/AutoByteusMobile-cswwofbhrcnggmfwuxfpbtrwjhrw/Build/Intermediates.noindex/AutoByteusMobile.build/Debug-iphonesimulator/AutoByteusMobileUITests.build/AutoByteusMobileUITests-project-headers.hmap -Xcc -I/Users/runner/Library/Developer/Xcode/DerivedData/AutoByteusMobile-cswwofbhrcnggmfwuxfpbtrwjhrw/Build/Products/Debug-iphonesimulator/include -Xcc -I/Users/runner/Library/Developer/Xcode/DerivedData/AutoByteusMobile-cswwofbhrcnggmfwuxfpbtrwjhrw/Build/Intermediates.noindex/AutoByteusMobile.build/Debug-iphonesimulator/AutoByteusMobileUITests.build/DerivedSources-normal/arm64 -Xcc -I/Users/runner/Library/Developer/Xcode/DerivedData/AutoByteusMobile-cswwofbhrcnggmfwuxfpbtrwjhrw/Build/Intermediates.noindex/AutoByteusMobile.build/Debug-iphonesimulator/AutoByteusMobileUITests.build/DerivedSources/arm64 -Xcc -I/Users/runner/Library/Developer/Xcode/DerivedData/AutoByteusMobile-cswwofbhrcnggmfwuxfpbtrwjhrw/Build/Intermediates.noindex/AutoByteusMobile.build/Debug-iphonesimulator/AutoByteusMobileUITests.build/DerivedSources -Xcc -DDEBUG\=1 -emit-objc-header -emit-objc-header-path /Users/runner/Library/Developer/Xcode/DerivedData/AutoByteusMobile-cswwofbhrcnggmfwuxfpbtrwjhrw/Build/Intermediates.noindex/AutoByteusMobile.build/Debug-iphonesimulator/AutoByteusMobileUITests.build/Objects-normal/arm64/AutoByteusMobileUITests-Swift.h -working-directory /Users/runner/work/autobyteus-workspace/autobyteus-workspace/autobyteus-ios -experimental-emit-module-separately -disable-cmo
Build And Test iOS App	Generate, build, and run implementation checks	2026-09-11T00:33:56.8225690Z 
Build And Test iOS App	Generate, build, and run implementation checks	2026-09-11T00:33:56.8227090Z SwiftCompile normal arm64 Compiling\ SavedNodeStoreTests.swift,\ TrustedNavigationPolicyTests.swift /Users/runner/work/autobyteus-workspace/autobyteus-workspace/autobyteus-ios/AutoByteusMobileCoreTests/SavedNodeStoreTests.swift /Users/runner/work/autobyteus-workspace/autobyteus-workspace/autobyteus-ios/AutoByteusMobileCoreTests/TrustedNavigationPolicyTests.swift (in target 'AutoByteusMobileCoreTests' from project 'AutoByteusMobile')
Build And Test iOS App	Generate, build, and run implementation checks	2026-09-11T00:33:56.8229950Z 
Build And Test iOS App	Generate, build, and run implementation checks	2026-09-11T00:33:56.8230670Z SwiftCompile normal arm64 /Users/runner/work/autobyteus-workspace/autobyteus-workspace/autobyteus-ios/AutoByteusMobileCoreTests/SavedNodeStoreTests.swift (in target 'AutoByteusMobileCoreTests' from project 'AutoByteusMobile')
Build And Test iOS App	Generate, build, and run implementation checks	2026-09-11T00:33:56.8244420Z     cd /Users/runner/work/autobyteus-workspace/autobyteus-workspace/autobyteus-ios
Build And Test iOS App	Generate, build, and run implementation checks	2026-09-11T00:33:56.8245370Z     
Build And Test iOS App	Generate, build, and run implementation checks	2026-09-11T00:33:57.0536160Z 
Build And Test iOS App	Generate, build, and run implementation checks	2026-09-11T00:33:57.0640270Z SwiftCompile normal arm64 /Users/runner/work/autobyteus-workspace/autobyteus-workspace/autobyteus-ios/AutoByteusMobileCoreTests/TrustedNavigationPolicyTests.swift (in target 'AutoByteusMobileCoreTests' from project 'AutoByteusMobile')
Build And Test iOS App	Generate, build, and run implementation checks	2026-09-11T00:33:57.0663350Z     cd /Users/runner/work/autobyteus-workspace/autobyteus-workspace/autobyteus-ios
Build And Test iOS App	Generate, build, and run implementation checks	2026-09-11T00:33:57.0730990Z     
Build And Test iOS App	Generate, build, and run implementation checks	2026-09-11T00:33:57.0845700Z 
Build And Test iOS App	Generate, build, and run implementation checks	2026-09-11T00:33:57.0953730Z SwiftCompile normal arm64 Compiling\ PairingLinkParserTests.swift,\ PendingSharedInputStoreTests.swift /Users/runner/work/autobyteus-workspace/autobyteus-workspace/autobyteus-ios/AutoByteusMobileCoreTests/PairingLinkParserTests.swift /Users/runner/work/autobyteus-workspace/autobyteus-workspace/autobyteus-ios/AutoByteusMobileCoreTests/PendingSharedInputStoreTests.swift (in target 'AutoByteusMobileCoreTests' from project 'AutoByteusMobile')
Build And Test iOS App	Generate, build, and run implementation checks	2026-09-11T00:33:57.0957800Z SwiftCompile normal arm64 /Users/runner/work/autobyteus-workspace/autobyteus-workspace/autobyteus-ios/AutoByteusMobileCoreTests/PairingLinkParserTests.swift (in target 'AutoByteusMobileCoreTests' from project 'AutoByteusMobile')
Build And Test iOS App	Generate, build, and run implementation checks	2026-09-11T00:33:57.1060070Z     cd /Users/runner/work/autobyteus-workspace/autobyteus-workspace/autobyteus-ios
Build And Test iOS App	Generate, build, and run implementation checks	2026-09-11T00:33:57.1080710Z     
Build And Test iOS App	Generate, build, and run implementation checks	2026-09-11T00:33:57.1103790Z 
Build And Test iOS App	Generate, build, and run implementation checks	2026-09-11T00:33:57.1106460Z SwiftCompile normal arm64 /Users/runner/work/autobyteus-workspace/autobyteus-workspace/autobyteus-ios/AutoByteusMobileCoreTests/PendingSharedInputStoreTests.swift (in target 'AutoByteusMobileCoreTests' from project 'AutoByteusMobile')
Build And Test iOS App	Generate, build, and run implementation checks	2026-09-11T00:33:57.1176010Z     cd /Users/runner/work/autobyteus-workspace/autobyteus-workspace/autobyteus-ios
Build And Test iOS App	Generate, build, and run implementation checks	2026-09-11T00:33:57.1190280Z     
Build And Test iOS App	Generate, build, and run implementation checks	2026-09-11T00:33:57.1190950Z 
Build And Test iOS App	Generate, build, and run implementation checks	2026-09-11T00:33:57.1233050Z SwiftDriverJobDiscovery normal arm64 Compiling ConnectionInputResolverTests.swift, ConnectionValidatorTests.swift, NodeURLNormalizerTests.swift (in target 'AutoByteusMobileCoreTests' from project 'AutoByteusMobile')
Build And Test iOS App	Generate, build, and run implementation checks	2026-09-11T00:33:57.1298290Z 
Build And Test iOS App	Generate, build, and run implementation checks	2026-09-11T00:33:57.1360310Z Ld /Users/runner/Library/Developer/Xcode/DerivedData/AutoByteusMobile-cswwofbhrcnggmfwuxfpbtrwjhrw/Build/Products/Debug-iphonesimulator/AutoByteusMobileUITests-Runner.app/PlugIns/AutoByteusMobileUITests.xctest/AutoByteusMobileUITests normal (in target 'AutoByteusMobileUITests' from project 'AutoByteusMobile')
Build And Test iOS App	Generate, build, and run implementation checks	2026-09-11T00:33:57.1463550Z     cd /Users/runner/work/autobyteus-workspace/autobyteus-workspace/autobyteus-ios
Build And Test iOS App	Generate, build, and run implementation checks	2026-09-11T00:33:57.1607980Z     /Applications/Xcode_26.3.app/Contents/Developer/Toolchains/XcodeDefault.xctoolchain/usr/bin/clang -Xlinker -reproducible -target arm64-apple-ios17.0-simulator -bundle -isysroot /Applications/Xcode_26.3.app/Contents/Developer/Platforms/iPhoneSimulator.platform/Developer/SDKs/iPhoneSimulator26.2.sdk -O0 -L/Users/runner/Library/Developer/Xcode/DerivedData/AutoByteusMobile-cswwofbhrcnggmfwuxfpbtrwjhrw/Build/Intermediates.noindex/EagerLinkingTBDs/Debug-iphonesimulator -L/Users/runner/Library/Developer/Xcode/DerivedData/AutoByteusMobile-cswwofbhrcnggmfwuxfpbtrwjhrw/Build/Products/Debug-iphonesimulator -L/Applications/Xcode_26.3.app/Contents/Developer/Platforms/iPhoneSimulator.platform/Developer/usr/lib -F/Users/runner/Library/Developer/Xcode/DerivedData/AutoByteusMobile-cswwofbhrcnggmfwuxfpbtrwjhrw/Build/Intermediates.noindex/EagerLinkingTBDs/Debug-iphonesimulator -F/Users/runner/Library/Developer/Xcode/DerivedData/AutoByteusMobile-cswwofbhrcnggmfwuxfpbtrwjhrw/Build/Products/Debug-iphonesimulator -iframework /Applications/Xcode_26.3.app/Contents/Developer/Platforms/iPhoneSimulator.platform/Developer/Library/Frameworks -iframework /Applications/Xcode_26.3.app/Contents/Developer/Platforms/iPhoneSimulator.platform/Developer/SDKs/iPhoneSimulator26.2.sdk/Developer/Library/Frameworks -filelist /Users/runner/Library/Developer/Xcode/DerivedData/AutoByteusMobile-cswwofbhrcnggmfwuxfpbtrwjhrw/Build/Intermediates.noindex/AutoByteusMobile.build/Debug-iphonesimulator/AutoByteusMobileUITests.build/Objects-normal/arm64/AutoByteusMobileUITests.LinkFileList -Xlinker -rpath -Xlinker /usr/lib/swift -Xlinker -rpath -Xlinker @loader_path/Frameworks -Xlinker -rpath -Xlinker @executable_path/Frameworks -dead_strip -Xlinker -object_path_lto -Xlinker /Users/runner/Library/Developer/Xcode/DerivedData/AutoByteusMobile-cswwofbhrcnggmfwuxfpbtrwjhrw/Build/Intermediates.noindex/AutoByteusMobile.build/Debug-iphonesimulator/AutoByteusMobileUITests.build/Objects-normal/arm64/AutoByteusMobileUITests_lto.o -rdynamic -Xlinker -no_deduplicate -Xlinker -objc_abi_version -Xlinker 2 -Xlinker -dependency_info -Xlinker /Users/runner/Library/Developer/Xcode/DerivedData/AutoByteusMobile-cswwofbhrcnggmfwuxfpbtrwjhrw/Build/Intermediates.noindex/AutoByteusMobile.build/Debug-iphonesimulator/AutoByteusMobileUITests.build/Objects-normal/arm64/AutoByteusMobileUITests_dependency_info.dat -fobjc-link-runtime -L/Applications/Xcode_26.3.app/Contents/Developer/Toolchains/XcodeDefault.xctoolchain/usr/lib/swift/iphonesimulator -L/usr/lib/swift -Xlinker -add_ast_path -Xlinker /Users/runner/Library/Developer/Xcode/DerivedData/AutoByteusMobile-cswwofbhrcnggmfwuxfpbtrwjhrw/Build/Intermediates.noindex/AutoByteusMobile.build/Debug-iphonesimulator/AutoByteusMobileUITests.build/Objects-normal/arm64/AutoByteusMobileUITests.swiftmodule @/Users/runner/Library/Developer/Xcode/DerivedData/AutoByteusMobile-cswwofbhrcnggmfwuxfpbtrwjhrw/Build/Intermediates.noindex/AutoByteusMobile.build/Debug-iphonesimulator/AutoByteusMobileUITests.build/Objects-normal/arm64/AutoByteusMobileUITests-linker-args.resp -Xlinker -needed_framework -Xlinker XCTest -framework XCTest -Xlinker -needed-lXCTestSwiftSupport -lXCTestSwiftSupport -Xlinker -sectcreate -Xlinker __TEXT -Xlinker __entitlements -Xlinker /Users/runner/Library/Developer/Xcode/DerivedData/AutoByteusMobile-cswwofbhrcnggmfwuxfpbtrwjhrw/Build/Intermediates.noindex/AutoByteusMobile.build/Debug-iphonesimulator/AutoByteusMobileUITests.build/AutoByteusMobileUITests.xctest-Simulated.xcent -Xlinker -sectcreate -Xlinker __TEXT -Xlinker __ents_der -Xlinker /Users/runner/Library/Developer/Xcode/DerivedData/AutoByteusMobile-cswwofbhrcnggmfwuxfpbtrwjhrw/Build/Intermediates.noindex/AutoByteusMobile.build/Debug-iphonesimulator/AutoByteusMobileUITests.build/AutoByteusMobileUITests.xctest-Simulated.xcent.der -Xlinker -no_adhoc_codesign -o /Users/runner/Library/Developer/Xcode/DerivedData/AutoByteusMobile-cswwofbhrcnggmfwuxfpbtrwjhrw/Build/Products/Debug-iphonesimulator/AutoByteusMobileUITests-Runner.app/PlugIns/AutoByteusMobileUITests.xctest/AutoByteusMobileUITests
Build And Test iOS App	Generate, build, and run implementation checks	2026-09-11T00:33:57.1677840Z 
Build And Test iOS App	Generate, build, and run implementation checks	2026-09-11T00:33:57.1799780Z ProcessInfoPlistFile /Users/runner/Library/Developer/Xcode/DerivedData/AutoByteusMobile-cswwofbhrcnggmfwuxfpbtrwjhrw/Build/Products/Debug-iphonesimulator/AutoByteusMobileUITests-Runner.app/PlugIns/AutoByteusMobileUITests.xctest/Info.plist /Users/runner/work/autobyteus-workspace/autobyteus-workspace/autobyteus-ios/AutoByteusMobileUITests/Info.plist (in target 'AutoByteusMobileUITests' from project 'AutoByteusMobile')
Build And Test iOS App	Generate, build, and run implementation checks	2026-09-11T00:33:57.1810510Z     cd /Users/runner/work/autobyteus-workspace/autobyteus-workspace/autobyteus-ios
Build And Test iOS App	Generate, build, and run implementation checks	2026-09-11T00:33:57.1820140Z     builtin-infoPlistUtility /Users/runner/work/autobyteus-workspace/autobyteus-workspace/autobyteus-ios/AutoByteusMobileUITests/Info.plist -producttype com.apple.product-type.bundle.ui-testing -expandbuildsettings -format binary -platform iphonesimulator -additionalcontentfile /Users/runner/Library/Developer/Xcode/DerivedData/AutoByteusMobile-cswwofbhrcnggmfwuxfpbtrwjhrw/Build/Intermediates.noindex/AutoByteusMobile.build/Debug-iphonesimulator/AutoByteusMobileUITests.build/ProductTypeInfoPlistAdditions.plist -o /Users/runner/Library/Developer/Xcode/DerivedData/AutoByteusMobile-cswwofbhrcnggmfwuxfpbtrwjhrw/Build/Products/Debug-iphonesimulator/AutoByteusMobileUITests-Runner.app/PlugIns/AutoByteusMobileUITests.xctest/Info.plist
Build And Test iOS App	Generate, build, and run implementation checks	2026-09-11T00:33:57.1860950Z 
Build And Test iOS App	Generate, build, and run implementation checks	2026-09-11T00:33:57.1877040Z ExtractAppIntentsMetadata (in target 'AutoByteusMobileUITests' from project 'AutoByteusMobile')
Build And Test iOS App	Generate, build, and run implementation checks	2026-09-11T00:33:57.1984140Z     cd /Users/runner/work/autobyteus-workspace/autobyteus-workspace/autobyteus-ios
Build And Test iOS App	Generate, build, and run implementation checks	2026-09-11T00:33:57.2095850Z     /Applications/Xcode_26.3.app/Contents/Developer/Toolchains/XcodeDefault.xctoolchain/usr/bin/appintentsmetadataprocessor --toolchain-dir /var/run/com.apple.security.cryptexd/mnt/com.apple.MobileAsset.MetalToolchain-v17.3.7003.10.eFrmP5/Metal.xctoolchain --module-name AutoByteusMobileUITests --sdk-root /Applications/Xcode_26.3.app/Contents/Developer/Platforms/iPhoneSimulator.platform/Developer/SDKs/iPhoneSimulator26.2.sdk --xcode-version 17C529 --platform-family iOS --deployment-target 17.0 --bundle-identifier org.autobyteus.mobile.ui-tests --output /Users/runner/Library/Developer/Xcode/DerivedData/AutoByteusMobile-cswwofbhrcnggmfwuxfpbtrwjhrw/Build/Products/Debug-iphonesimulator/AutoByteusMobileUITests-Runner.app/PlugIns/AutoByteusMobileUITests.xctest --target-triple arm64-apple-ios17.0-simulator --binary-file /Users/runner/Library/Developer/Xcode/DerivedData/AutoByteusMobile-cswwofbhrcnggmfwuxfpbtrwjhrw/Build/Products/Debug-iphonesimulator/AutoByteusMobileUITests-Runner.app/PlugIns/AutoByteusMobileUITests.xctest/AutoByteusMobileUITests --dependency-file /Users/runner/Library/Developer/Xcode/DerivedData/AutoByteusMobile-cswwofbhrcnggmfwuxfpbtrwjhrw/Build/Intermediates.noindex/AutoByteusMobile.build/Debug-iphonesimulator/AutoByteusMobileUITests.build/Objects-normal/arm64/AutoByteusMobileUITests_dependency_info.dat --stringsdata-file /Users/runner/Library/Developer/Xcode/DerivedData/AutoByteusMobile-cswwofbhrcnggmfwuxfpbtrwjhrw/Build/Intermediates.noindex/AutoByteusMobile.build/Debug-iphonesimulator/AutoByteusMobileUITests.build/Objects-normal/arm64/ExtractedAppShortcutsMetadata.stringsdata --source-file-list /Users/runner/Library/Developer/Xcode/DerivedData/AutoByteusMobile-cswwofbhrcnggmfwuxfpbtrwjhrw/Build/Intermediates.noindex/AutoByteusMobile.build/Debug-iphonesimulator/AutoByteusMobileUITests.build/Objects-normal/arm64/AutoByteusMobileUITests.SwiftFileList --metadata-file-list /Users/runner/Library/Developer/Xcode/DerivedData/AutoByteusMobile-cswwofbhrcnggmfwuxfpbtrwjhrw/Build/Intermediates.noindex/AutoByteusMobile.build/Debug-iphonesimulator/AutoByteusMobileUITests.build/AutoByteusMobileUITests.DependencyMetadataFileList --static-metadata-file-list /Users/runner/Library/Developer/Xcode/DerivedData/AutoByteusMobile-cswwofbhrcnggmfwuxfpbtrwjhrw/Build/Intermediates.noindex/AutoByteusMobile.build/Debug-iphonesimulator/AutoByteusMobileUITests.build/AutoByteusMobileUITests.DependencyStaticMetadataFileList --swift-const-vals-list /Users/runner/Library/Developer/Xcode/DerivedData/AutoByteusMobile-cswwofbhrcnggmfwuxfpbtrwjhrw/Build/Intermediates.noindex/AutoByteusMobile.build/Debug-iphonesimulator/AutoByteusMobileUITests.build/Objects-normal/arm64/AutoByteusMobileUITests.SwiftConstValuesFileList --compile-time-extraction --deployment-aware-processing --validate-assistant-intents --no-app-shortcuts-localization
Build And Test iOS App	Generate, build, and run implementation checks	2026-09-11T00:33:57.2209440Z 2026-09-11 00:33:57.008 appintentsmetadataprocessor[3953:15594] Starting appintentsmetadataprocessor export
Build And Test iOS App	Generate, build, and run implementation checks	2026-09-11T00:33:57.2315470Z 2026-09-11 00:33:57.010 appintentsmetadataprocessor[3953:15594] warning: Metadata extraction skipped. No AppIntents.framework dependency found.
Build And Test iOS App	Generate, build, and run implementation checks	2026-09-11T00:33:57.2426070Z 
Build And Test iOS App	Generate, build, and run implementation checks	2026-09-11T00:33:57.2501840Z CopySwiftLibs /Users/runner/Library/Developer/Xcode/DerivedData/AutoByteusMobile-cswwofbhrcnggmfwuxfpbtrwjhrw/Build/Products/Debug-iphonesimulator/AutoByteusMobileUITests-Runner.app/PlugIns/AutoByteusMobileUITests.xctest (in target 'AutoByteusMobileUITests' from project 'AutoByteusMobile')
Build And Test iOS App	Generate, build, and run implementation checks	2026-09-11T00:33:57.2508380Z     cd /Users/runner/work/autobyteus-workspace/autobyteus-workspace/autobyteus-ios
Build And Test iOS App	Generate, build, and run implementation checks	2026-09-11T00:33:57.2521330Z     builtin-swiftStdLibTool --copy --verbose --sign - --scan-executable /Users/runner/Library/Developer/Xcode/DerivedData/AutoByteusMobile-cswwofbhrcnggmfwuxfpbtrwjhrw/Build/Products/Debug-iphonesimulator/AutoByteusMobileUITests-Runner.app/PlugIns/AutoByteusMobileUITests.xctest/AutoByteusMobileUITests --scan-folder /Users/runner/Library/Developer/Xcode/DerivedData/AutoByteusMobile-cswwofbhrcnggmfwuxfpbtrwjhrw/Build/Products/Debug-iphonesimulator/AutoByteusMobileUITests-Runner.app/PlugIns/AutoByteusMobileUITests.xctest/Frameworks --scan-folder /Users/runner/Library/Developer/Xcode/DerivedData/AutoByteusMobile-cswwofbhrcnggmfwuxfpbtrwjhrw/Build/Products/Debug-iphonesimulator/AutoByteusMobileUITests-Runner.app/PlugIns/AutoByteusMobileUITests.xctest/PlugIns --scan-folder /Users/runner/Library/Developer/Xcode/DerivedData/AutoByteusMobile-cswwofbhrcnggmfwuxfpbtrwjhrw/Build/Products/Debug-iphonesimulator/AutoByteusMobileUITests-Runner.app/PlugIns/AutoByteusMobileUITests.xctest/SystemExtensions --scan-folder /Users/runner/Library/Developer/Xcode/DerivedData/AutoByteusMobile-cswwofbhrcnggmfwuxfpbtrwjhrw/Build/Products/Debug-iphonesimulator/AutoByteusMobileUITests-Runner.app/PlugIns/AutoByteusMobileUITests.xctest/Extensions --platform iphonesimulator --toolchain /var/run/com.apple.security.cryptexd/mnt/com.apple.MobileAsset.MetalToolchain-v17.3.7003.10.eFrmP5/Metal.xctoolchain --toolchain /Applications/Xcode_26.3.app/Contents/Developer/Toolchains/XcodeDefault.xctoolchain --destination /Users/runner/Library/Developer/Xcode/DerivedData/AutoByteusMobile-cswwofbhrcnggmfwuxfpbtrwjhrw/Build/Products/Debug-iphonesimulator/AutoByteusMobileUITests-Runner.app/PlugIns/AutoByteusMobileUITests.xctest/Frameworks --strip-bitcode --scan-executable /Applications/Xcode_26.3.app/Contents/Developer/Platforms/iPhoneSimulator.platform/Developer/usr/lib/libXCTestSwiftSupport.dylib --strip-bitcode-tool /Applications/Xcode_26.3.app/Contents/Developer/Toolchains/XcodeDefault.xctoolchain/usr/bin/bitcode_strip --emit-dependency-info /Users/runner/Library/Developer/Xcode/DerivedData/AutoByteusMobile-cswwofbhrcnggmfwuxfpbtrwjhrw/Build/Intermediates.noindex/AutoByteusMobile.build/Debug-iphonesimulator/AutoByteusMobileUITests.build/SwiftStdLibToolInputDependencies.dep --filter-for-swift-os
Build And Test iOS App	Generate, build, and run implementation checks	2026-09-11T00:33:57.2529860Z 
Build And Test iOS App	Generate, build, and run implementation checks	2026-09-11T00:33:57.2531700Z AppIntentsSSUTraining (in target 'AutoByteusMobileUITests' from project 'AutoByteusMobile')
Build And Test iOS App	Generate, build, and run implementation checks	2026-09-11T00:33:57.2532570Z     cd /Users/runner/work/autobyteus-workspace/autobyteus-workspace/autobyteus-ios
Build And Test iOS App	Generate, build, and run implementation checks	2026-09-11T00:33:57.2537540Z     /Applications/Xcode_26.3.app/Contents/Developer/Toolchains/XcodeDefault.xctoolchain/usr/bin/appintentsnltrainingprocessor --infoplist-path /Users/runner/Library/Developer/Xcode/DerivedData/AutoByteusMobile-cswwofbhrcnggmfwuxfpbtrwjhrw/Build/Products/Debug-iphonesimulator/AutoByteusMobileUITests-Runner.app/PlugIns/AutoByteusMobileUITests.xctest/Info.plist --temp-dir-path /Users/runner/Library/Developer/Xcode/DerivedData/AutoByteusMobile-cswwofbhrcnggmfwuxfpbtrwjhrw/Build/Intermediates.noindex/AutoByteusMobile.build/Debug-iphonesimulator/AutoByteusMobileUITests.build/ssu --bundle-id org.autobyteus.mobile.ui-tests --product-path /Users/runner/Library/Developer/Xcode/DerivedData/AutoByteusMobile-cswwofbhrcnggmfwuxfpbtrwjhrw/Build/Products/Debug-iphonesimulator/AutoByteusMobileUITests-Runner.app/PlugIns/AutoByteusMobileUITests.xctest --extracted-metadata-path /Users/runner/Library/Developer/Xcode/DerivedData/AutoByteusMobile-cswwofbhrcnggmfwuxfpbtrwjhrw/Build/Products/Debug-iphonesimulator/AutoByteusMobileUITests-Runner.app/PlugIns/AutoByteusMobileUITests.xctest/Metadata.appintents --metadata-file-list /Users/runner/Library/Developer/Xcode/DerivedData/AutoByteusMobile-cswwofbhrcnggmfwuxfpbtrwjhrw/Build/Intermediates.noindex/AutoByteusMobile.build/Debug-iphonesimulator/AutoByteusMobileUITests.build/AutoByteusMobileUITests.DependencyMetadataFileList --archive-ssu-assets
Build And Test iOS App	Generate, build, and run implementation checks	2026-09-11T00:33:57.2544120Z 2026-09-11 00:33:57.074 appintentsnltrainingprocessor[3961:15610] Parsing options for appintentsnltrainingprocessor
Build And Test iOS App	Generate, build, and run implementation checks	2026-09-11T00:33:57.2545130Z 2026-09-11 00:33:57.075 appintentsnltrainingprocessor[3961:15610] No AppShortcuts found - Skipping.
Build And Test iOS App	Generate, build, and run implementation checks	2026-09-11T00:33:57.2545970Z 
Build And Test iOS App	Generate, build, and run implementation checks	2026-09-11T00:33:57.2546710Z SwiftDriverJobDiscovery normal arm64 Compiling SavedNodeStoreTests.swift, TrustedNavigationPolicyTests.swift (in target 'AutoByteusMobileCoreTests' from project 'AutoByteusMobile')
Build And Test iOS App	Generate, build, and run implementation checks	2026-09-11T00:33:57.2547610Z 
Build And Test iOS App	Generate, build, and run implementation checks	2026-09-11T00:33:57.2548530Z MkDir /Users/runner/Library/Developer/Xcode/DerivedData/AutoByteusMobile-cswwofbhrcnggmfwuxfpbtrwjhrw/Build/Products/Debug-iphonesimulator/AutoByteusMobileUITests-Runner.app (in target 'AutoByteusMobileUITests' from project 'AutoByteusMobile')
Build And Test iOS App	Generate, build, and run implementation checks	2026-09-11T00:33:57.2556030Z     cd /Users/runner/work/autobyteus-workspace/autobyteus-workspace/autobyteus-ios
Build And Test iOS App	Generate, build, and run implementation checks	2026-09-11T00:33:57.2557180Z     /bin/mkdir -p /Users/runner/Library/Developer/Xcode/DerivedData/AutoByteusMobile-cswwofbhrcnggmfwuxfpbtrwjhrw/Build/Products/Debug-iphonesimulator/AutoByteusMobileUITests-Runner.app
Build And Test iOS App	Generate, build, and run implementation checks	2026-09-11T00:33:57.2558020Z 
Build And Test iOS App	Generate, build, and run implementation checks	2026-09-11T00:33:57.2559310Z CopyPlistFile /Users/runner/Library/Developer/Xcode/DerivedData/AutoByteusMobile-cswwofbhrcnggmfwuxfpbtrwjhrw/Build/Products/Debug-iphonesimulator/AutoByteusMobileUITests-Runner.app/Info.plist /Applications/Xcode_26.3.app/Contents/Developer/Platforms/iPhoneSimulator.platform/Developer/Library/Xcode/Agents/XCTRunner.app/Info.plist (in target 'AutoByteusMobileUITests' from project 'AutoByteusMobile')
Build And Test iOS App	Generate, build, and run implementation checks	2026-09-11T00:33:57.2561010Z     cd /Users/runner/work/autobyteus-workspace/autobyteus-workspace/autobyteus-ios
Build And Test iOS App	Generate, build, and run implementation checks	2026-09-11T00:33:57.2628530Z     builtin-copyPlist --validate --convert xml1 --macro-expansion WRAPPEDPRODUCTNAME AutoByteusMobileUITests-Runner --macro-expansion WRAPPEDPRODUCTBUNDLEIDENTIFIER org.autobyteus.mobile.ui-tests.xctrunner --macro-expansion TESTPRODUCTNAME AutoByteusMobileUITests --macro-expansion TESTPRODUCTBUNDLEIDENTIFIER org.autobyteus.mobile.ui-tests --copy-value UIDeviceFamily /Users/runner/Library/Developer/Xcode/DerivedData/AutoByteusMobile-cswwofbhrcnggmfwuxfpbtrwjhrw/Build/Products/Debug-iphonesimulator/AutoByteusMobileUITests-Runner.app/PlugIns/AutoByteusMobileUITests.xctest/Info.plist --outdir /Users/runner/Library/Developer/Xcode/DerivedData/AutoByteusMobile-cswwofbhrcnggmfwuxfpbtrwjhrw/Build/Products/Debug-iphonesimulator/AutoByteusMobileUITests-Runner.app -- /Applications/Xcode_26.3.app/Contents/Developer/Platforms/iPhoneSimulator.platform/Developer/Library/Xcode/Agents/XCTRunner.app/Info.plist
Build And Test iOS App	Generate, build, and run implementation checks	2026-09-11T00:33:57.2712980Z 
Build And Test iOS App	Generate, build, and run implementation checks	2026-09-11T00:33:57.2721260Z CopyAndPreserveArchs /Users/runner/Library/Developer/Xcode/DerivedData/AutoByteusMobile-cswwofbhrcnggmfwuxfpbtrwjhrw/Build/Products/Debug-iphonesimulator/AutoByteusMobileUITests-Runner.app/AutoByteusMobileUITests-Runner (in target 'AutoByteusMobileUITests' from project 'AutoByteusMobile')
Build And Test iOS App	Generate, build, and run implementation checks	2026-09-11T00:33:57.2815410Z     cd /Users/runner/work/autobyteus-workspace/autobyteus-workspace/autobyteus-ios
Build And Test iOS App	Generate, build, and run implementation checks	2026-09-11T00:33:57.2917740Z     /Applications/Xcode_26.3.app/Contents/Developer/Toolchains/XcodeDefault.xctoolchain/usr/bin/lipo /Applications/Xcode_26.3.app/Contents/Developer/Platforms/iPhoneSimulator.platform/Developer/Library/Xcode/Agents/XCTRunner.app/XCTRunner -output /Users/runner/Library/Developer/Xcode/DerivedData/AutoByteusMobile-cswwofbhrcnggmfwuxfpbtrwjhrw/Build/Products/Debug-iphonesimulator/AutoByteusMobileUITests-Runner.app/AutoByteusMobileUITests-Runner -extract arm64
Build And Test iOS App	Generate, build, and run implementation checks	2026-09-11T00:33:57.2974080Z 
Build And Test iOS App	Generate, build, and run implementation checks	2026-09-11T00:33:57.2988480Z Copy /Users/runner/Library/Developer/Xcode/DerivedData/AutoByteusMobile-cswwofbhrcnggmfwuxfpbtrwjhrw/Build/Products/Debug-iphonesimulator/AutoByteusMobileUITests-Runner.app/PkgInfo /Applications/Xcode_26.3.app/Contents/Developer/Platforms/iPhoneSimulator.platform/Developer/Library/Xcode/Agents/XCTRunner.app/PkgInfo (in target 'AutoByteusMobileUITests' from project 'AutoByteusMobile')
Build And Test iOS App	Generate, build, and run implementation checks	2026-09-11T00:33:57.2990200Z     cd /Users/runner/work/autobyteus-workspace/autobyteus-workspace/autobyteus-ios
Build And Test iOS App	Generate, build, and run implementation checks	2026-09-11T00:33:57.2991890Z     builtin-copy -exclude .DS_Store -exclude CVS -exclude .svn -exclude .git -exclude .hg -resolve-src-symlinks /Applications/Xcode_26.3.app/Contents/Developer/Platforms/iPhoneSimulator.platform/Developer/Library/Xcode/Agents/XCTRunner.app/PkgInfo /Users/runner/Library/Developer/Xcode/DerivedData/AutoByteusMobile-cswwofbhrcnggmfwuxfpbtrwjhrw/Build/Products/Debug-iphonesimulator/AutoByteusMobileUITests-Runner.app
Build And Test iOS App	Generate, build, and run implementation checks	2026-09-11T00:33:57.2994000Z 
Build And Test iOS App	Generate, build, and run implementation checks	2026-09-11T00:33:57.2995400Z Copy /Users/runner/Library/Developer/Xcode/DerivedData/AutoByteusMobile-cswwofbhrcnggmfwuxfpbtrwjhrw/Build/Products/Debug-iphonesimulator/AutoByteusMobileUITests-Runner.app/Frameworks/libXCTestSwiftSupport.dylib /Applications/Xcode_26.3.app/Contents/Developer/Platforms/iPhoneSimulator.platform/Developer/usr/lib/libXCTestSwiftSupport.dylib (in target 'AutoByteusMobileUITests' from project 'AutoByteusMobile')
Build And Test iOS App	Generate, build, and run implementation checks	2026-09-11T00:33:57.2997250Z     cd /Users/runner/work/autobyteus-workspace/autobyteus-workspace/autobyteus-ios
Build And Test iOS App	Generate, build, and run implementation checks	2026-09-11T00:33:57.2999230Z     builtin-copy -exclude .DS_Store -exclude CVS -exclude .svn -exclude .git -exclude .hg -exclude Headers -exclude PrivateHeaders -exclude Modules -exclude \*.tbd -resolve-src-symlinks /Applications/Xcode_26.3.app/Contents/Developer/Platforms/iPhoneSimulator.platform/Developer/usr/lib/libXCTestSwiftSupport.dylib /Users/runner/Library/Developer/Xcode/DerivedData/AutoByteusMobile-cswwofbhrcnggmfwuxfpbtrwjhrw/Build/Products/Debug-iphonesimulator/AutoByteusMobileUITests-Runner.app/Frameworks
Build And Test iOS App	Generate, build, and run implementation checks	2026-09-11T00:33:57.3001110Z 
Build And Test iOS App	Generate, build, and run implementation checks	2026-09-11T00:33:57.3002880Z Copy /Users/runner/Library/Developer/Xcode/DerivedData/AutoByteusMobile-cswwofbhrcnggmfwuxfpbtrwjhrw/Build/Products/Debug-iphonesimulator/AutoByteusMobileUITests-Runner.app/Frameworks/XCUnit.framework /Applications/Xcode_26.3.app/Contents/Developer/Platforms/iPhoneSimulator.platform/Developer/Library/PrivateFrameworks/XCUnit.framework (in target 'AutoByteusMobileUITests' from project 'AutoByteusMobile')
Build And Test iOS App	Generate, build, and run implementation checks	2026-09-11T00:33:57.3004660Z     cd /Users/runner/work/autobyteus-workspace/autobyteus-workspace/autobyteus-ios
Build And Test iOS App	Generate, build, and run implementation checks	2026-09-11T00:33:57.3006770Z     builtin-copy -exclude .DS_Store -exclude CVS -exclude .svn -exclude .git -exclude .hg -exclude Headers -exclude PrivateHeaders -exclude Modules -exclude \*.tbd -resolve-src-symlinks /Applications/Xcode_26.3.app/Contents/Developer/Platforms/iPhoneSimulator.platform/Developer/Library/PrivateFrameworks/XCUnit.framework /Users/runner/Library/Developer/Xcode/DerivedData/AutoByteusMobile-cswwofbhrcnggmfwuxfpbtrwjhrw/Build/Products/Debug-iphonesimulator/AutoByteusMobileUITests-Runner.app/Frameworks
Build And Test iOS App	Generate, build, and run implementation checks	2026-09-11T00:33:57.3008510Z 
Build And Test iOS App	Generate, build, and run implementation checks	2026-09-11T00:33:57.3010360Z Copy /Users/runner/Library/Developer/Xcode/DerivedData/AutoByteusMobile-cswwofbhrcnggmfwuxfpbtrwjhrw/Build/Products/Debug-iphonesimulator/AutoByteusMobileUITests-Runner.app/Frameworks/XCUIAutomation.framework /Applications/Xcode_26.3.app/Contents/Developer/Platforms/iPhoneSimulator.platform/Developer/Library/Frameworks/XCUIAutomation.framework (in target 'AutoByteusMobileUITests' from project 'AutoByteusMobile')
Build And Test iOS App	Generate, build, and run implementation checks	2026-09-11T00:33:57.3012080Z     cd /Users/runner/work/autobyteus-workspace/autobyteus-workspace/autobyteus-ios
Build And Test iOS App	Generate, build, and run implementation checks	2026-09-11T00:33:57.3015490Z     builtin-copy -exclude .DS_Store -exclude CVS -exclude .svn -exclude .git -exclude .hg -exclude Headers -exclude PrivateHeaders -exclude Modules -exclude \*.tbd -resolve-src-symlinks /Applications/Xcode_26.3.app/Contents/Developer/Platforms/iPhoneSimulator.platform/Developer/Library/Frameworks/XCUIAutomation.framework /Users/runner/Library/Developer/Xcode/DerivedData/AutoByteusMobile-cswwofbhrcnggmfwuxfpbtrwjhrw/Build/Products/Debug-iphonesimulator/AutoByteusMobileUITests-Runner.app/Frameworks
Build And Test iOS App	Generate, build, and run implementation checks	2026-09-11T00:33:57.3024850Z 
Build And Test iOS App	Generate, build, and run implementation checks	2026-09-11T00:33:57.3028930Z Copy /Users/runner/Library/Developer/Xcode/DerivedData/AutoByteusMobile-cswwofbhrcnggmfwuxfpbtrwjhrw/Build/Products/Debug-iphonesimulator/AutoByteusMobileUITests-Runner.app/Frameworks/XCTestSupport.framework /Applications/Xcode_26.3.app/Contents/Developer/Platforms/iPhoneSimulator.platform/Developer/Library/PrivateFrameworks/XCTestSupport.framework (in target 'AutoByteusMobileUITests' from project 'AutoByteusMobile')
Build And Test iOS App	Generate, build, and run implementation checks	2026-09-11T00:33:57.3033640Z     cd /Users/runner/work/autobyteus-workspace/autobyteus-workspace/autobyteus-ios
Build And Test iOS App	Generate, build, and run implementation checks	2026-09-11T00:33:57.3039660Z     builtin-copy -exclude .DS_Store -exclude CVS -exclude .svn -exclude .git -exclude .hg -exclude Headers -exclude PrivateHeaders -exclude Modules -exclude \*.tbd -resolve-src-symlinks /Applications/Xcode_26.3.app/Contents/Developer/Platforms/iPhoneSimulator.platform/Developer/Library/PrivateFrameworks/XCTestSupport.framework /Users/runner/Library/Developer/Xcode/DerivedData/AutoByteusMobile-cswwofbhrcnggmfwuxfpbtrwjhrw/Build/Products/Debug-iphonesimulator/AutoByteusMobileUITests-Runner.app/Frameworks
Build And Test iOS App	Generate, build, and run implementation checks	2026-09-11T00:33:57.3047070Z 
Build And Test iOS App	Generate, build, and run implementation checks	2026-09-11T00:33:57.3051170Z Copy /Users/runner/Library/Developer/Xcode/DerivedData/AutoByteusMobile-cswwofbhrcnggmfwuxfpbtrwjhrw/Build/Products/Debug-iphonesimulator/AutoByteusMobileUITests-Runner.app/Frameworks/XCTestCore.framework /Applications/Xcode_26.3.app/Contents/Developer/Platforms/iPhoneSimulator.platform/Developer/Library/PrivateFrameworks/XCTestCore.framework (in target 'AutoByteusMobileUITests' from project 'AutoByteusMobile')
Build And Test iOS App	Generate, build, and run implementation checks	2026-09-11T00:33:57.3054570Z     cd /Users/runner/work/autobyteus-workspace/autobyteus-workspace/autobyteus-ios
Build And Test iOS App	Generate, build, and run implementation checks	2026-09-11T00:33:57.3056500Z     builtin-copy -exclude .DS_Store -exclude CVS -exclude .svn -exclude .git -exclude .hg -exclude Headers -exclude PrivateHeaders -exclude Modules -exclude \*.tbd -resolve-src-symlinks /Applications/Xcode_26.3.app/Contents/Developer/Platforms/iPhoneSimulator.platform/Developer/Library/PrivateFrameworks/XCTestCore.framework /Users/runner/Library/Developer/Xcode/DerivedData/AutoByteusMobile-cswwofbhrcnggmfwuxfpbtrwjhrw/Build/Products/Debug-iphonesimulator/AutoByteusMobileUITests-Runner.app/Frameworks
Build And Test iOS App	Generate, build, and run implementation checks	2026-09-11T00:33:57.3058130Z 
Build And Test iOS App	Generate, build, and run implementation checks	2026-09-11T00:33:57.3060750Z SwiftDriverJobDiscovery normal arm64 Compiling PairingLinkParserTests.swift, PendingSharedInputStoreTests.swift (in target 'AutoByteusMobileCoreTests' from project 'AutoByteusMobile')
Build And Test iOS App	Generate, build, and run implementation checks	2026-09-11T00:33:57.3062810Z 
Build And Test iOS App	Generate, build, and run implementation checks	2026-09-11T00:33:57.3066290Z Copy /Users/runner/Library/Developer/Xcode/DerivedData/AutoByteusMobile-cswwofbhrcnggmfwuxfpbtrwjhrw/Build/Products/Debug-iphonesimulator/AutoByteusMobileUITests-Runner.app/Frameworks/XCTest.framework /Applications/Xcode_26.3.app/Contents/Developer/Platforms/iPhoneSimulator.platform/Developer/Library/Frameworks/XCTest.framework (in target 'AutoByteusMobileUITests' from project 'AutoByteusMobile')
Build And Test iOS App	Generate, build, and run implementation checks	2026-09-11T00:33:57.3070510Z     cd /Users/runner/work/autobyteus-workspace/autobyteus-workspace/autobyteus-ios
Build And Test iOS App	Generate, build, and run implementation checks	2026-09-11T00:33:57.3075650Z     builtin-copy -exclude .DS_Store -exclude CVS -exclude .svn -exclude .git -exclude .hg -exclude Headers -exclude PrivateHeaders -exclude Modules -exclude \*.tbd -resolve-src-symlinks /Applications/Xcode_26.3.app/Contents/Developer/Platforms/iPhoneSimulator.platform/Developer/Library/Frameworks/XCTest.framework /Users/runner/Library/Developer/Xcode/DerivedData/AutoByteusMobile-cswwofbhrcnggmfwuxfpbtrwjhrw/Build/Products/Debug-iphonesimulator/AutoByteusMobileUITests-Runner.app/Frameworks
Build And Test iOS App	Generate, build, and run implementation checks	2026-09-11T00:33:57.3080950Z 
Build And Test iOS App	Generate, build, and run implementation checks	2026-09-11T00:33:57.3084900Z Copy /Users/runner/Library/Developer/Xcode/DerivedData/AutoByteusMobile-cswwofbhrcnggmfwuxfpbtrwjhrw/Build/Products/Debug-iphonesimulator/AutoByteusMobileUITests-Runner.app/Frameworks/XCTAutomationSupport.framework /Applications/Xcode_26.3.app/Contents/Developer/Platforms/iPhoneSimulator.platform/Developer/Library/PrivateFrameworks/XCTAutomationSupport.framework (in target 'AutoByteusMobileUITests' from project 'AutoByteusMobile')
Build And Test iOS App	Generate, build, and run implementation checks	2026-09-11T00:33:57.3089980Z     cd /Users/runner/work/autobyteus-workspace/autobyteus-workspace/autobyteus-ios
Build And Test iOS App	Generate, build, and run implementation checks	2026-09-11T00:33:57.3095520Z     builtin-copy -exclude .DS_Store -exclude CVS -exclude .svn -exclude .git -exclude .hg -exclude Headers -exclude PrivateHeaders -exclude Modules -exclude \*.tbd -resolve-src-symlinks /Applications/Xcode_26.3.app/Contents/Developer/Platforms/iPhoneSimulator.platform/Developer/Library/PrivateFrameworks/XCTAutomationSupport.framework /Users/runner/Library/Developer/Xcode/DerivedData/AutoByteusMobile-cswwofbhrcnggmfwuxfpbtrwjhrw/Build/Products/Debug-iphonesimulator/AutoByteusMobileUITests-Runner.app/Frameworks
Build And Test iOS App	Generate, build, and run implementation checks	2026-09-11T00:33:57.3102270Z 
Build And Test iOS App	Generate, build, and run implementation checks	2026-09-11T00:33:57.3103790Z Copy /Users/runner/Library/Developer/Xcode/DerivedData/AutoByteusMobile-cswwofbhrcnggmfwuxfpbtrwjhrw/Build/Products/Debug-iphonesimulator/AutoByteusMobileUITests-Runner.app/Frameworks/Testing.framework /Applications/Xcode_26.3.app/Contents/Developer/Platforms/iPhoneSimulator.platform/Developer/Library/Frameworks/Testing.framework (in target 'AutoByteusMobileUITests' from project 'AutoByteusMobile')
Build And Test iOS App	Generate, build, and run implementation checks	2026-09-11T00:33:57.3105560Z     cd /Users/runner/work/autobyteus-workspace/autobyteus-workspace/autobyteus-ios
Build And Test iOS App	Generate, build, and run implementation checks	2026-09-11T00:33:57.3107540Z     builtin-copy -exclude .DS_Store -exclude CVS -exclude .svn -exclude .git -exclude .hg -exclude Headers -exclude PrivateHeaders -exclude Modules -exclude \*.tbd -resolve-src-symlinks /Applications/Xcode_26.3.app/Contents/Developer/Platforms/iPhoneSimulator.platform/Developer/Library/Frameworks/Testing.framework /Users/runner/Library/Developer/Xcode/DerivedData/AutoByteusMobile-cswwofbhrcnggmfwuxfpbtrwjhrw/Build/Products/Debug-iphonesimulator/AutoByteusMobileUITests-Runner.app/Frameworks
Build And Test iOS App	Generate, build, and run implementation checks	2026-09-11T00:33:57.3115310Z 
Build And Test iOS App	Generate, build, and run implementation checks	2026-09-11T00:33:57.3122910Z SwiftDriver\ Compilation AutoByteusMobileCoreTests normal arm64 com.apple.xcode.tools.swift.compiler (in target 'AutoByteusMobileCoreTests' from project 'AutoByteusMobile')
Build And Test iOS App	Generate, build, and run implementation checks	2026-09-11T00:33:57.3123980Z     cd /Users/runner/work/autobyteus-workspace/autobyteus-workspace/autobyteus-ios
Build And Test iOS App	Generate, build, and run implementation checks	2026-09-11T00:33:57.3144750Z     builtin-Swift-Compilation -- /Applications/Xcode_26.3.app/Contents/Developer/Toolchains/XcodeDefault.xctoolchain/usr/bin/swiftc -module-name AutoByteusMobileCoreTests -Onone -enforce-exclusivity\=checked @/Users/runner/Library/Developer/Xcode/DerivedData/AutoByteusMobile-cswwofbhrcnggmfwuxfpbtrwjhrw/Build/Intermediates.noindex/AutoByteusMobile.build/Debug-iphonesimulator/AutoByteusMobileCoreTests.build/Objects-normal/arm64/AutoByteusMobileCoreTests.SwiftFileList -DDEBUG -plugin-path /Applications/Xcode_26.3.app/Contents/Developer/Toolchains/XcodeDefault.xctoolchain/usr/lib/swift/host/plugins/testing -enable-bare-slash-regex -enable-experimental-feature DebugDescriptionMacro -sdk /Applications/Xcode_26.3.app/Contents/Developer/Platforms/iPhoneSimulator.platform/Developer/SDKs/iPhoneSimulator26.2.sdk -target arm64-apple-ios17.0-simulator -g -module-cache-path /Users/runner/Library/Developer/Xcode/DerivedData/ModuleCache.noindex -Xfrontend -serialize-debugging-options -enable-testing -index-store-path /Users/runner/Library/Developer/Xcode/DerivedData/AutoByteusMobile-cswwofbhrcnggmfwuxfpbtrwjhrw/Index.noindex/DataStore -Xcc -D_LIBCPP_HARDENING_MODE\=_LIBCPP_HARDENING_MODE_DEBUG -swift-version 5 -I /Users/runner/Library/Developer/Xcode/DerivedData/AutoByteusMobile-cswwofbhrcnggmfwuxfpbtrwjhrw/Build/Products/Debug-iphonesimulator -Isystem /Applications/Xcode_26.3.app/Contents/Developer/Platforms/iPhoneSimulator.platform/Developer/usr/lib -F /Users/runner/Library/Developer/Xcode/DerivedData/AutoByteusMobile-cswwofbhrcnggmfwuxfpbtrwjhrw/Build/Products/Debug-iphonesimulator -F /Applications/Xcode_26.3.app/Contents/Developer/Platforms/iPhoneSimulator.platform/Developer/Library/Frameworks -F /Applications/Xcode_26.3.app/Contents/Developer/Platforms/iPhoneSimulator.platform/Developer/SDKs/iPhoneSimulator26.2.sdk/Developer/Library/Frameworks -c -j3 -enable-batch-mode -incremental -Xcc -ivfsstatcache -Xcc /Users/runner/Library/Developer/Xcode/DerivedData/SDKStatCaches.noindex/iphonesimulator26.2-23C57-dc75598d0054f22ec865fa860f139d72e244bd9a5feaf902f95f61bf06266e52.sdkstatcache -output-file-map /Users/runner/Library/Developer/Xcode/DerivedData/AutoByteusMobile-cswwofbhrcnggmfwuxfpbtrwjhrw/Build/Intermediates.noindex/AutoByteusMobile.build/Debug-iphonesimulator/AutoByteusMobileCoreTests.build/Objects-normal/arm64/AutoByteusMobileCoreTests-OutputFileMap.json -use-frontend-parseable-output -save-temps -no-color-diagnostics -explicit-module-build -module-cache-path /Users/runner/Library/Developer/Xcode/DerivedData/AutoByteusMobile-cswwofbhrcnggmfwuxfpbtrwjhrw/Build/Intermediates.noindex/SwiftExplicitPrecompiledModules -clang-scanner-module-cache-path /Users/runner/Library/Developer/Xcode/DerivedData/ModuleCache.noindex -sdk-module-cache-path /Users/runner/Library/Developer/Xcode/DerivedData/ModuleCache.noindex -serialize-diagnostics -emit-dependencies -emit-module -emit-module-path /Users/runner/Library/Developer/Xcode/DerivedData/AutoByteusMobile-cswwofbhrcnggmfwuxfpbtrwjhrw/Build/Intermediates.noindex/AutoByteusMobile.build/Debug-iphonesimulator/AutoByteusMobileCoreTests.build/Objects-normal/arm64/AutoByteusMobileCoreTests.swiftmodule -validate-clang-modules-once -clang-build-session-file /Users/runner/Library/Developer/Xcode/DerivedData/ModuleCache.noindex/Session.modulevalidation -Xcc -I/Users/runner/Library/Developer/Xcode/DerivedData/AutoByteusMobile-cswwofbhrcnggmfwuxfpbtrwjhrw/Build/Intermediates.noindex/AutoByteusMobile.build/Debug-iphonesimulator/AutoByteusMobileCoreTests.build/swift-overrides.hmap -emit-const-values -Xfrontend -const-gather-protocols-file -Xfrontend /Users/runner/Library/Developer/Xcode/DerivedData/AutoByteusMobile-cswwofbhrcnggmfwuxfpbtrwjhrw/Build/Intermediates.noindex/AutoByteusMobile.build/Debug-iphonesimulator/AutoByteusMobileCoreTests.build/Objects-normal/arm64/AutoByteusMobileCoreTests_const_extract_protocols.json -Xcc -iquote -Xcc /Users/runner/Library/Developer/Xcode/DerivedData/AutoByteusMobile-cswwofbhrcnggmfwuxfpbtrwjhrw/Build/Intermediates.noindex/AutoByteusMobile.build/Debug-iphonesimulator/AutoByteusMobileCoreTests.build/AutoByteusMobileCoreTests-generated-files.hmap -Xcc -I/Users/runner/Library/Developer/Xcode/DerivedData/AutoByteusMobile-cswwofbhrcnggmfwuxfpbtrwjhrw/Build/Intermediates.noindex/AutoByteusMobile.build/Debug-iphonesimulator/AutoByteusMobileCoreTests.build/AutoByteusMobileCoreTests-own-target-headers.hmap -Xcc -I/Users/runner/Library/Developer/Xcode/DerivedData/AutoByteusMobile-cswwofbhrcnggmfwuxfpbtrwjhrw/Build/Intermediates.noindex/AutoByteusMobile.build/Debug-iphonesimulator/AutoByteusMobileCoreTests.build/AutoByteusMobileCoreTests-all-non-framework-target-headers.hmap -Xcc -ivfsoverlay -Xcc /Users/runner/Library/Developer/Xcode/DerivedData/AutoByteusMobile-cswwofbhrcnggmfwuxfpbtrwjhrw/Build/Intermediates.noindex/AutoByteusMobile.build/Debug-iphonesimulator/AutoByteusMobile-d09bd929cb8c8855c839362787f87620-VFS-iphonesimulator/all-product-headers.yaml -Xcc -iquote -Xcc /Users/runner/Library/Developer/Xcode/DerivedData/AutoByteusMobile-cswwofbhrcnggmfwuxfpbtrwjhrw/Build/Intermediates.noindex/AutoByteusMobile.build/Debug-iphonesimulator/AutoByteusMobileCoreTests.build/AutoByteusMobileCoreTests-project-headers.hmap -Xcc -I/Users/runner/Library/Developer/Xcode/DerivedData/AutoByteusMobile-cswwofbhrcnggmfwuxfpbtrwjhrw/Build/Products/Debug-iphonesimulator/include -Xcc -I/Users/runner/Library/Developer/Xcode/DerivedData/AutoByteusMobile-cswwofbhrcnggmfwuxfpbtrwjhrw/Build/Intermediates.noindex/AutoByteusMobile.build/Debug-iphonesimulator/AutoByteusMobileCoreTests.build/DerivedSources-normal/arm64 -Xcc -I/Users/runner/Library/Developer/Xcode/DerivedData/AutoByteusMobile-cswwofbhrcnggmfwuxfpbtrwjhrw/Build/Intermediates.noindex/AutoByteusMobile.build/Debug-iphonesimulator/AutoByteusMobileCoreTests.build/DerivedSources/arm64 -Xcc -I/Users/runner/Library/Developer/Xcode/DerivedData/AutoByteusMobile-cswwofbhrcnggmfwuxfpbtrwjhrw/Build/Intermediates.noindex/AutoByteusMobile.build/Debug-iphonesimulator/AutoByteusMobileCoreTests.build/DerivedSources -Xcc -DDEBUG\=1 -emit-objc-header -emit-objc-header-path /Users/runner/Library/Developer/Xcode/DerivedData/AutoByteusMobile-cswwofbhrcnggmfwuxfpbtrwjhrw/Build/Intermediates.noindex/AutoByteusMobile.build/Debug-iphonesimulator/AutoByteusMobileCoreTests.build/Objects-normal/arm64/AutoByteusMobileCoreTests-Swift.h -working-directory /Users/runner/work/autobyteus-workspace/autobyteus-workspace/autobyteus-ios -experimental-emit-module-separately -disable-cmo
Build And Test iOS App	Generate, build, and run implementation checks	2026-09-11T00:33:57.3167760Z 
Build And Test iOS App	Generate, build, and run implementation checks	2026-09-11T00:33:57.3168950Z Ld /Users/runner/Library/Developer/Xcode/DerivedData/AutoByteusMobile-cswwofbhrcnggmfwuxfpbtrwjhrw/Build/Products/Debug-iphonesimulator/AutoByteusMobileCoreTests.xctest/AutoByteusMobileCoreTests normal (in target 'AutoByteusMobileCoreTests' from project 'AutoByteusMobile')
Build And Test iOS App	Generate, build, and run implementation checks	2026-09-11T00:33:57.3171100Z     cd /Users/runner/work/autobyteus-workspace/autobyteus-workspace/autobyteus-ios
Build And Test iOS App	Generate, build, and run implementation checks	2026-09-11T00:33:57.3182150Z     /Applications/Xcode_26.3.app/Contents/Developer/Toolchains/XcodeDefault.xctoolchain/usr/bin/clang -Xlinker -reproducible -target arm64-apple-ios17.0-simulator -bundle -isysroot /Applications/Xcode_26.3.app/Contents/Developer/Platforms/iPhoneSimulator.platform/Developer/SDKs/iPhoneSimulator26.2.sdk -O0 -L/Users/runner/Library/Developer/Xcode/DerivedData/AutoByteusMobile-cswwofbhrcnggmfwuxfpbtrwjhrw/Build/Intermediates.noindex/EagerLinkingTBDs/Debug-iphonesimulator -L/Users/runner/Library/Developer/Xcode/DerivedData/AutoByteusMobile-cswwofbhrcnggmfwuxfpbtrwjhrw/Build/Products/Debug-iphonesimulator -L/Applications/Xcode_26.3.app/Contents/Developer/Platforms/iPhoneSimulator.platform/Developer/usr/lib -F/Users/runner/Library/Developer/Xcode/DerivedData/AutoByteusMobile-cswwofbhrcnggmfwuxfpbtrwjhrw/Build/Intermediates.noindex/EagerLinkingTBDs/Debug-iphonesimulator -F/Users/runner/Library/Developer/Xcode/DerivedData/AutoByteusMobile-cswwofbhrcnggmfwuxfpbtrwjhrw/Build/Products/Debug-iphonesimulator -iframework /Applications/Xcode_26.3.app/Contents/Developer/Platforms/iPhoneSimulator.platform/Developer/Library/Frameworks -iframework /Applications/Xcode_26.3.app/Contents/Developer/Platforms/iPhoneSimulator.platform/Developer/SDKs/iPhoneSimulator26.2.sdk/Developer/Library/Frameworks -filelist /Users/runner/Library/Developer/Xcode/DerivedData/AutoByteusMobile-cswwofbhrcnggmfwuxfpbtrwjhrw/Build/Intermediates.noindex/AutoByteusMobile.build/Debug-iphonesimulator/AutoByteusMobileCoreTests.build/Objects-normal/arm64/AutoByteusMobileCoreTests.LinkFileList -Xlinker -rpath -Xlinker /usr/lib/swift -Xlinker -rpath -Xlinker @loader_path/Frameworks -Xlinker -rpath -Xlinker @executable_path/Frameworks -dead_strip -Xlinker -object_path_lto -Xlinker /Users/runner/Library/Developer/Xcode/DerivedData/AutoByteusMobile-cswwofbhrcnggmfwuxfpbtrwjhrw/Build/Intermediates.noindex/AutoByteusMobile.build/Debug-iphonesimulator/AutoByteusMobileCoreTests.build/Objects-normal/arm64/AutoByteusMobileCoreTests_lto.o -rdynamic -Xlinker -no_deduplicate -Xlinker -objc_abi_version -Xlinker 2 -Xlinker -dependency_info -Xlinker /Users/runner/Library/Developer/Xcode/DerivedData/AutoByteusMobile-cswwofbhrcnggmfwuxfpbtrwjhrw/Build/Intermediates.noindex/AutoByteusMobile.build/Debug-iphonesimulator/AutoByteusMobileCoreTests.build/Objects-normal/arm64/AutoByteusMobileCoreTests_dependency_info.dat -fobjc-link-runtime -L/Applications/Xcode_26.3.app/Contents/Developer/Toolchains/XcodeDefault.xctoolchain/usr/lib/swift/iphonesimulator -L/usr/lib/swift -Xlinker -add_ast_path -Xlinker /Users/runner/Library/Developer/Xcode/DerivedData/AutoByteusMobile-cswwofbhrcnggmfwuxfpbtrwjhrw/Build/Intermediates.noindex/AutoByteusMobile.build/Debug-iphonesimulator/AutoByteusMobileCoreTests.build/Objects-normal/arm64/AutoByteusMobileCoreTests.swiftmodule @/Users/runner/Library/Developer/Xcode/DerivedData/AutoByteusMobile-cswwofbhrcnggmfwuxfpbtrwjhrw/Build/Intermediates.noindex/AutoByteusMobile.build/Debug-iphonesimulator/AutoByteusMobileCoreTests.build/Objects-normal/arm64/AutoByteusMobileCoreTests-linker-args.resp -Xlinker -needed_framework -Xlinker XCTest -framework XCTest -Xlinker -needed-lXCTestSwiftSupport -lXCTestSwiftSupport -framework AutoByteusMobileCore -Xlinker -no_adhoc_codesign -o /Users/runner/Library/Developer/Xcode/DerivedData/AutoByteusMobile-cswwofbhrcnggmfwuxfpbtrwjhrw/Build/Products/Debug-iphonesimulator/AutoByteusMobileCoreTests.xctest/AutoByteusMobileCoreTests
Build And Test iOS App	Generate, build, and run implementation checks	2026-09-11T00:33:57.5943360Z 
Build And Test iOS App	Generate, build, and run implementation checks	2026-09-11T00:33:57.5988790Z CodeSign /Users/runner/Library/Developer/Xcode/DerivedData/AutoByteusMobile-cswwofbhrcnggmfwuxfpbtrwjhrw/Build/Products/Debug-iphonesimulator/AutoByteusMobileUITests-Runner.app/PlugIns/AutoByteusMobileUITests.xctest (in target 'AutoByteusMobileUITests' from project 'AutoByteusMobile')
Build And Test iOS App	Generate, build, and run implementation checks	2026-09-11T00:33:57.5993790Z     cd /Users/runner/work/autobyteus-workspace/autobyteus-workspace/autobyteus-ios
Build And Test iOS App	Generate, build, and run implementation checks	2026-09-11T00:33:57.5995520Z     
Build And Test iOS App	Generate, build, and run implementation checks	2026-09-11T00:33:57.5996520Z     Signing Identity:     "Sign to Run Locally"
Build And Test iOS App	Generate, build, and run implementation checks	2026-09-11T00:33:57.5997710Z     
Build And Test iOS App	Generate, build, and run implementation checks	2026-09-11T00:33:57.6000020Z     /usr/bin/codesign --force --sign - --timestamp\=none --generate-entitlement-der /Users/runner/Library/Developer/Xcode/DerivedData/AutoByteusMobile-cswwofbhrcnggmfwuxfpbtrwjhrw/Build/Products/Debug-iphonesimulator/AutoByteusMobileUITests-Runner.app/PlugIns/AutoByteusMobileUITests.xctest
Build And Test iOS App	Generate, build, and run implementation checks	2026-09-11T00:33:57.6003340Z 
Build And Test iOS App	Generate, build, and run implementation checks	2026-09-11T00:33:57.6004230Z CodeSign /Users/runner/Library/Developer/Xcode/DerivedData/AutoByteusMobile-cswwofbhrcnggmfwuxfpbtrwjhrw/Build/Products/Debug-iphonesimulator/AutoByteusMobileUITests-Runner.app (in target 'AutoByteusMobileUITests' from project 'AutoByteusMobile')
Build And Test iOS App	Generate, build, and run implementation checks	2026-09-11T00:33:57.6008490Z     cd /Users/runner/work/autobyteus-workspace/autobyteus-workspace/autobyteus-ios
Build And Test iOS App	Generate, build, and run implementation checks	2026-09-11T00:33:57.6009150Z     
Build And Test iOS App	Generate, build, and run implementation checks	2026-09-11T00:33:57.6009560Z     Signing Identity:     "Sign to Run Locally"
Build And Test iOS App	Generate, build, and run implementation checks	2026-09-11T00:33:57.6010060Z     
Build And Test iOS App	Generate, build, and run implementation checks	2026-09-11T00:33:57.6011020Z     /usr/bin/codesign --force --sign - --timestamp\=none --generate-entitlement-der /Users/runner/Library/Developer/Xcode/DerivedData/AutoByteusMobile-cswwofbhrcnggmfwuxfpbtrwjhrw/Build/Products/Debug-iphonesimulator/AutoByteusMobileUITests-Runner.app
Build And Test iOS App	Generate, build, and run implementation checks	2026-09-11T00:33:57.6012730Z /Users/runner/Library/Developer/Xcode/DerivedData/AutoByteusMobile-cswwofbhrcnggmfwuxfpbtrwjhrw/Build/Products/Debug-iphonesimulator/AutoByteusMobileUITests-Runner.app: replacing existing signature
Build And Test iOS App	Generate, build, and run implementation checks	2026-09-11T00:33:57.6013590Z 
Build And Test iOS App	Generate, build, and run implementation checks	2026-09-11T00:33:57.6014700Z RegisterExecutionPolicyException /Users/runner/Library/Developer/Xcode/DerivedData/AutoByteusMobile-cswwofbhrcnggmfwuxfpbtrwjhrw/Build/Products/Debug-iphonesimulator/AutoByteusMobileUITests-Runner.app/PlugIns/AutoByteusMobileUITests.xctest (in target 'AutoByteusMobileUITests' from project 'AutoByteusMobile')
Build And Test iOS App	Generate, build, and run implementation checks	2026-09-11T00:33:57.6018700Z     cd /Users/runner/work/autobyteus-workspace/autobyteus-workspace/autobyteus-ios
Build And Test iOS App	Generate, build, and run implementation checks	2026-09-11T00:33:57.6043490Z     builtin-RegisterExecutionPolicyException /Users/runner/Library/Developer/Xcode/DerivedData/AutoByteusMobile-cswwofbhrcnggmfwuxfpbtrwjhrw/Build/Products/Debug-iphonesimulator/AutoByteusMobileUITests-Runner.app/PlugIns/AutoByteusMobileUITests.xctest
Build And Test iOS App	Generate, build, and run implementation checks	2026-09-11T00:33:57.6045770Z 
Build And Test iOS App	Generate, build, and run implementation checks	2026-09-11T00:33:57.6099940Z Touch /Users/runner/Library/Developer/Xcode/DerivedData/AutoByteusMobile-cswwofbhrcnggmfwuxfpbtrwjhrw/Build/Products/Debug-iphonesimulator/AutoByteusMobileUITests-Runner.app/PlugIns/AutoByteusMobileUITests.xctest (in target 'AutoByteusMobileUITests' from project 'AutoByteusMobile')
Build And Test iOS App	Generate, build, and run implementation checks	2026-09-11T00:33:57.6105120Z     cd /Users/runner/work/autobyteus-workspace/autobyteus-workspace/autobyteus-ios
Build And Test iOS App	Generate, build, and run implementation checks	2026-09-11T00:33:57.6161050Z     /usr/bin/touch -c /Users/runner/Library/Developer/Xcode/DerivedData/AutoByteusMobile-cswwofbhrcnggmfwuxfpbtrwjhrw/Build/Products/Debug-iphonesimulator/AutoByteusMobileUITests-Runner.app/PlugIns/AutoByteusMobileUITests.xctest
Build And Test iOS App	Generate, build, and run implementation checks	2026-09-11T00:33:57.6164070Z 
Build And Test iOS App	Generate, build, and run implementation checks	2026-09-11T00:33:57.6168570Z Copy /Users/runner/Library/Developer/Xcode/DerivedData/AutoByteusMobile-cswwofbhrcnggmfwuxfpbtrwjhrw/Build/Products/Debug-iphonesimulator/AutoByteusMobileCoreTests.xctest/Frameworks/AutoByteusMobileCore.framework /Users/runner/Library/Developer/Xcode/DerivedData/AutoByteusMobile-cswwofbhrcnggmfwuxfpbtrwjhrw/Build/Products/Debug-iphonesimulator/AutoByteusMobileCore.framework (in target 'AutoByteusMobileCoreTests' from project 'AutoByteusMobile')
Build And Test iOS App	Generate, build, and run implementation checks	2026-09-11T00:33:57.6173610Z     cd /Users/runner/work/autobyteus-workspace/autobyteus-workspace/autobyteus-ios
Build And Test iOS App	Generate, build, and run implementation checks	2026-09-11T00:33:57.6179150Z     builtin-copy -exclude .DS_Store -exclude CVS -exclude .svn -exclude .git -exclude .hg -exclude Headers -exclude PrivateHeaders -exclude Modules -exclude \*.tbd -resolve-src-symlinks -remove-static-executable /Users/runner/Library/Developer/Xcode/DerivedData/AutoByteusMobile-cswwofbhrcnggmfwuxfpbtrwjhrw/Build/Products/Debug-iphonesimulator/AutoByteusMobileCore.framework /Users/runner/Library/Developer/Xcode/DerivedData/AutoByteusMobile-cswwofbhrcnggmfwuxfpbtrwjhrw/Build/Products/Debug-iphonesimulator/AutoByteusMobileCoreTests.xctest/Frameworks
Build And Test iOS App	Generate, build, and run implementation checks	2026-09-11T00:33:57.6185680Z 
Build And Test iOS App	Generate, build, and run implementation checks	2026-09-11T00:33:57.6188320Z CodeSign /Users/runner/Library/Developer/Xcode/DerivedData/AutoByteusMobile-cswwofbhrcnggmfwuxfpbtrwjhrw/Build/Products/Debug-iphonesimulator/AutoByteusMobileCoreTests.xctest/Frameworks/AutoByteusMobileCore.framework (in target 'AutoByteusMobileCoreTests' from project 'AutoByteusMobile')
Build And Test iOS App	Generate, build, and run implementation checks	2026-09-11T00:33:57.6191810Z     cd /Users/runner/work/autobyteus-workspace/autobyteus-workspace/autobyteus-ios
Build And Test iOS App	Generate, build, and run implementation checks	2026-09-11T00:33:57.6193050Z     
Build And Test iOS App	Generate, build, and run implementation checks	2026-09-11T00:33:57.6193970Z     Signing Identity:     "Sign to Run Locally"
Build And Test iOS App	Generate, build, and run implementation checks	2026-09-11T00:33:57.6195120Z     
Build And Test iOS App	Generate, build, and run implementation checks	2026-09-11T00:33:57.6221610Z     /usr/bin/codesign --force --sign - --timestamp\=none --preserve-metadata\=identifier,entitlements,flags --generate-entitlement-der /Users/runner/Library/Developer/Xcode/DerivedData/AutoByteusMobile-cswwofbhrcnggmfwuxfpbtrwjhrw/Build/Products/Debug-iphonesimulator/AutoByteusMobileCoreTests.xctest/Frameworks/AutoByteusMobileCore.framework
Build And Test iOS App	Generate, build, and run implementation checks	2026-09-11T00:33:57.6370610Z /Users/runner/Library/Developer/Xcode/DerivedData/AutoByteusMobile-cswwofbhrcnggmfwuxfpbtrwjhrw/Build/Products/Debug-iphonesimulator/AutoByteusMobileCoreTests.xctest/Frameworks/AutoByteusMobileCore.framework: replacing existing signature
Build And Test iOS App	Generate, build, and run implementation checks	2026-09-11T00:33:57.6469420Z 
Build And Test iOS App	Generate, build, and run implementation checks	2026-09-11T00:33:57.6500340Z CopySwiftLibs /Users/runner/Library/Developer/Xcode/DerivedData/AutoByteusMobile-cswwofbhrcnggmfwuxfpbtrwjhrw/Build/Products/Debug-iphonesimulator/AutoByteusMobileCoreTests.xctest (in target 'AutoByteusMobileCoreTests' from project 'AutoByteusMobile')
Build And Test iOS App	Generate, build, and run implementation checks	2026-09-11T00:33:57.6556110Z     cd /Users/runner/work/autobyteus-workspace/autobyteus-workspace/autobyteus-ios
Build And Test iOS App	Generate, build, and run implementation checks	2026-09-11T00:33:57.6576990Z     builtin-swiftStdLibTool --copy --verbose --sign - --scan-executable /Users/runner/Library/Developer/Xcode/DerivedData/AutoByteusMobile-cswwofbhrcnggmfwuxfpbtrwjhrw/Build/Products/Debug-iphonesimulator/AutoByteusMobileCoreTests.xctest/AutoByteusMobileCoreTests --scan-folder /Users/runner/Library/Developer/Xcode/DerivedData/AutoByteusMobile-cswwofbhrcnggmfwuxfpbtrwjhrw/Build/Products/Debug-iphonesimulator/AutoByteusMobileCoreTests.xctest/Frameworks --scan-folder /Users/runner/Library/Developer/Xcode/DerivedData/AutoByteusMobile-cswwofbhrcnggmfwuxfpbtrwjhrw/Build/Products/Debug-iphonesimulator/AutoByteusMobileCoreTests.xctest/PlugIns --scan-folder /Users/runner/Library/Developer/Xcode/DerivedData/AutoByteusMobile-cswwofbhrcnggmfwuxfpbtrwjhrw/Build/Products/Debug-iphonesimulator/AutoByteusMobileCoreTests.xctest/SystemExtensions --scan-folder /Users/runner/Library/Developer/Xcode/DerivedData/AutoByteusMobile-cswwofbhrcnggmfwuxfpbtrwjhrw/Build/Products/Debug-iphonesimulator/AutoByteusMobileCoreTests.xctest/Extensions --scan-folder /Users/runner/Library/Developer/Xcode/DerivedData/AutoByteusMobile-cswwofbhrcnggmfwuxfpbtrwjhrw/Build/Products/Debug-iphonesimulator/AutoByteusMobileCore.framework --platform iphonesimulator --toolchain /var/run/com.apple.security.cryptexd/mnt/com.apple.MobileAsset.MetalToolchain-v17.3.7003.10.eFrmP5/Metal.xctoolchain --toolchain /Applications/Xcode_26.3.app/Contents/Developer/Toolchains/XcodeDefault.xctoolchain --destination /Users/runner/Library/Developer/Xcode/DerivedData/AutoByteusMobile-cswwofbhrcnggmfwuxfpbtrwjhrw/Build/Products/Debug-iphonesimulator/AutoByteusMobileCoreTests.xctest/Frameworks --strip-bitcode --scan-executable /Applications/Xcode_26.3.app/Contents/Developer/Platforms/iPhoneSimulator.platform/Developer/usr/lib/libXCTestSwiftSupport.dylib --strip-bitcode-tool /Applications/Xcode_26.3.app/Contents/Developer/Toolchains/XcodeDefault.xctoolchain/usr/bin/bitcode_strip --emit-dependency-info /Users/runner/Library/Developer/Xcode/DerivedData/AutoByteusMobile-cswwofbhrcnggmfwuxfpbtrwjhrw/Build/Intermediates.noindex/AutoByteusMobile.build/Debug-iphonesimulator/AutoByteusMobileCoreTests.build/SwiftStdLibToolInputDependencies.dep --filter-for-swift-os
Build And Test iOS App	Generate, build, and run implementation checks	2026-09-11T00:33:57.6646010Z 
Build And Test iOS App	Generate, build, and run implementation checks	2026-09-11T00:33:57.6646800Z ExtractAppIntentsMetadata (in target 'AutoByteusMobileCoreTests' from project 'AutoByteusMobile')
Build And Test iOS App	Generate, build, and run implementation checks	2026-09-11T00:33:57.6647520Z     cd /Users/runner/work/autobyteus-workspace/autobyteus-workspace/autobyteus-ios
Build And Test iOS App	Generate, build, and run implementation checks	2026-09-11T00:33:57.6656780Z     /Applications/Xcode_26.3.app/Contents/Developer/Toolchains/XcodeDefault.xctoolchain/usr/bin/appintentsmetadataprocessor --toolchain-dir /var/run/com.apple.security.cryptexd/mnt/com.apple.MobileAsset.MetalToolchain-v17.3.7003.10.eFrmP5/Metal.xctoolchain --module-name AutoByteusMobileCoreTests --sdk-root /Applications/Xcode_26.3.app/Contents/Developer/Platforms/iPhoneSimulator.platform/Developer/SDKs/iPhoneSimulator26.2.sdk --xcode-version 17C529 --platform-family iOS --deployment-target 17.0 --bundle-identifier org.autobyteus.mobile.core.tests --output /Users/runner/Library/Developer/Xcode/DerivedData/AutoByteusMobile-cswwofbhrcnggmfwuxfpbtrwjhrw/Build/Products/Debug-iphonesimulator/AutoByteusMobileCoreTests.xctest --target-triple arm64-apple-ios17.0-simulator --binary-file /Users/runner/Library/Developer/Xcode/DerivedData/AutoByteusMobile-cswwofbhrcnggmfwuxfpbtrwjhrw/Build/Products/Debug-iphonesimulator/AutoByteusMobileCoreTests.xctest/AutoByteusMobileCoreTests --dependency-file /Users/runner/Library/Developer/Xcode/DerivedData/AutoByteusMobile-cswwofbhrcnggmfwuxfpbtrwjhrw/Build/Intermediates.noindex/AutoByteusMobile.build/Debug-iphonesimulator/AutoByteusMobileCoreTests.build/Objects-normal/arm64/AutoByteusMobileCoreTests_dependency_info.dat --stringsdata-file /Users/runner/Library/Developer/Xcode/DerivedData/AutoByteusMobile-cswwofbhrcnggmfwuxfpbtrwjhrw/Build/Intermediates.noindex/AutoByteusMobile.build/Debug-iphonesimulator/AutoByteusMobileCoreTests.build/Objects-normal/arm64/ExtractedAppShortcutsMetadata.stringsdata --source-file-list /Users/runner/Library/Developer/Xcode/DerivedData/AutoByteusMobile-cswwofbhrcnggmfwuxfpbtrwjhrw/Build/Intermediates.noindex/AutoByteusMobile.build/Debug-iphonesimulator/AutoByteusMobileCoreTests.build/Objects-normal/arm64/AutoByteusMobileCoreTests.SwiftFileList --metadata-file-list /Users/runner/Library/Developer/Xcode/DerivedData/AutoByteusMobile-cswwofbhrcnggmfwuxfpbtrwjhrw/Build/Intermediates.noindex/AutoByteusMobile.build/Debug-iphonesimulator/AutoByteusMobileCoreTests.build/AutoByteusMobileCoreTests.DependencyMetadataFileList --static-metadata-file-list /Users/runner/Library/Developer/Xcode/DerivedData/AutoByteusMobile-cswwofbhrcnggmfwuxfpbtrwjhrw/Build/Intermediates.noindex/AutoByteusMobile.build/Debug-iphonesimulator/AutoByteusMobileCoreTests.build/AutoByteusMobileCoreTests.DependencyStaticMetadataFileList --swift-const-vals-list /Users/runner/Library/Developer/Xcode/DerivedData/AutoByteusMobile-cswwofbhrcnggmfwuxfpbtrwjhrw/Build/Intermediates.noindex/AutoByteusMobile.build/Debug-iphonesimulator/AutoByteusMobileCoreTests.build/Objects-normal/arm64/AutoByteusMobileCoreTests.SwiftConstValuesFileList --compile-time-extraction --deployment-aware-processing --validate-assistant-intents --no-app-shortcuts-localization
Build And Test iOS App	Generate, build, and run implementation checks	2026-09-11T00:33:57.6743310Z 2026-09-11 00:33:57.669 appintentsmetadataprocessor[4034:15771] Starting appintentsmetadataprocessor export
Build And Test iOS App	Generate, build, and run implementation checks	2026-09-11T00:33:57.6751360Z 2026-09-11 00:33:57.670 appintentsmetadataprocessor[4034:15771] warning: Metadata extraction skipped. No AppIntents.framework dependency found.
Build And Test iOS App	Generate, build, and run implementation checks	2026-09-11T00:33:57.6753200Z 
Build And Test iOS App	Generate, build, and run implementation checks	2026-09-11T00:33:57.6753910Z AppIntentsSSUTraining (in target 'AutoByteusMobileCoreTests' from project 'AutoByteusMobile')
Build And Test iOS App	Generate, build, and run implementation checks	2026-09-11T00:33:57.6754680Z     cd /Users/runner/work/autobyteus-workspace/autobyteus-workspace/autobyteus-ios
Build And Test iOS App	Generate, build, and run implementation checks	2026-09-11T00:33:57.6759260Z     /Applications/Xcode_26.3.app/Contents/Developer/Toolchains/XcodeDefault.xctoolchain/usr/bin/appintentsnltrainingprocessor --infoplist-path /Users/runner/Library/Developer/Xcode/DerivedData/AutoByteusMobile-cswwofbhrcnggmfwuxfpbtrwjhrw/Build/Products/Debug-iphonesimulator/AutoByteusMobileCoreTests.xctest/Info.plist --temp-dir-path /Users/runner/Library/Developer/Xcode/DerivedData/AutoByteusMobile-cswwofbhrcnggmfwuxfpbtrwjhrw/Build/Intermediates.noindex/AutoByteusMobile.build/Debug-iphonesimulator/AutoByteusMobileCoreTests.build/ssu --bundle-id org.autobyteus.mobile.core.tests --product-path /Users/runner/Library/Developer/Xcode/DerivedData/AutoByteusMobile-cswwofbhrcnggmfwuxfpbtrwjhrw/Build/Products/Debug-iphonesimulator/AutoByteusMobileCoreTests.xctest --extracted-metadata-path /Users/runner/Library/Developer/Xcode/DerivedData/AutoByteusMobile-cswwofbhrcnggmfwuxfpbtrwjhrw/Build/Products/Debug-iphonesimulator/AutoByteusMobileCoreTests.xctest/Metadata.appintents --metadata-file-list /Users/runner/Library/Developer/Xcode/DerivedData/AutoByteusMobile-cswwofbhrcnggmfwuxfpbtrwjhrw/Build/Intermediates.noindex/AutoByteusMobile.build/Debug-iphonesimulator/AutoByteusMobileCoreTests.build/AutoByteusMobileCoreTests.DependencyMetadataFileList --archive-ssu-assets
Build And Test iOS App	Generate, build, and run implementation checks	2026-09-11T00:33:57.7018960Z 2026-09-11 00:33:57.699 appintentsnltrainingprocessor[4039:15780] Parsing options for appintentsnltrainingprocessor
Build And Test iOS App	Generate, build, and run implementation checks	2026-09-11T00:33:57.7022170Z 2026-09-11 00:33:57.699 appintentsnltrainingprocessor[4039:15780] No AppShortcuts found - Skipping.
Build And Test iOS App	Generate, build, and run implementation checks	2026-09-11T00:33:57.7023120Z 
Build And Test iOS App	Generate, build, and run implementation checks	2026-09-11T00:33:57.7039620Z CodeSign /Users/runner/Library/Developer/Xcode/DerivedData/AutoByteusMobile-cswwofbhrcnggmfwuxfpbtrwjhrw/Build/Products/Debug-iphonesimulator/AutoByteusMobileCoreTests.xctest (in target 'AutoByteusMobileCoreTests' from project 'AutoByteusMobile')
Build And Test iOS App	Generate, build, and run implementation checks	2026-09-11T00:33:57.7042550Z     cd /Users/runner/work/autobyteus-workspace/autobyteus-workspace/autobyteus-ios
Build And Test iOS App	Generate, build, and run implementation checks	2026-09-11T00:33:57.7043460Z     
Build And Test iOS App	Generate, build, and run implementation checks	2026-09-11T00:33:57.7043990Z     Signing Identity:     "Sign to Run Locally"
Build And Test iOS App	Generate, build, and run implementation checks	2026-09-11T00:33:57.7044650Z     
Build And Test iOS App	Generate, build, and run implementation checks	2026-09-11T00:33:57.7046820Z     /usr/bin/codesign --force --sign - --timestamp\=none --generate-entitlement-der /Users/runner/Library/Developer/Xcode/DerivedData/AutoByteusMobile-cswwofbhrcnggmfwuxfpbtrwjhrw/Build/Products/Debug-iphonesimulator/AutoByteusMobileCoreTests.xctest
Build And Test iOS App	Generate, build, and run implementation checks	2026-09-11T00:33:57.7351760Z 
Build And Test iOS App	Generate, build, and run implementation checks	2026-09-11T00:33:57.7356970Z RegisterExecutionPolicyException /Users/runner/Library/Developer/Xcode/DerivedData/AutoByteusMobile-cswwofbhrcnggmfwuxfpbtrwjhrw/Build/Products/Debug-iphonesimulator/AutoByteusMobileCoreTests.xctest (in target 'AutoByteusMobileCoreTests' from project 'AutoByteusMobile')
Build And Test iOS App	Generate, build, and run implementation checks	2026-09-11T00:33:57.7364730Z     cd /Users/runner/work/autobyteus-workspace/autobyteus-workspace/autobyteus-ios
Build And Test iOS App	Generate, build, and run implementation checks	2026-09-11T00:33:57.7368500Z     builtin-RegisterExecutionPolicyException /Users/runner/Library/Developer/Xcode/DerivedData/AutoByteusMobile-cswwofbhrcnggmfwuxfpbtrwjhrw/Build/Products/Debug-iphonesimulator/AutoByteusMobileCoreTests.xctest
Build And Test iOS App	Generate, build, and run implementation checks	2026-09-11T00:33:57.7402790Z 
Build And Test iOS App	Generate, build, and run implementation checks	2026-09-11T00:33:57.7409650Z Touch /Users/runner/Library/Developer/Xcode/DerivedData/AutoByteusMobile-cswwofbhrcnggmfwuxfpbtrwjhrw/Build/Products/Debug-iphonesimulator/AutoByteusMobileCoreTests.xctest (in target 'AutoByteusMobileCoreTests' from project 'AutoByteusMobile')
Build And Test iOS App	Generate, build, and run implementation checks	2026-09-11T00:33:57.7412450Z     cd /Users/runner/work/autobyteus-workspace/autobyteus-workspace/autobyteus-ios
Build And Test iOS App	Generate, build, and run implementation checks	2026-09-11T00:33:57.7414640Z     /usr/bin/touch -c /Users/runner/Library/Developer/Xcode/DerivedData/AutoByteusMobile-cswwofbhrcnggmfwuxfpbtrwjhrw/Build/Products/Debug-iphonesimulator/AutoByteusMobileCoreTests.xctest
Build And Test iOS App	Generate, build, and run implementation checks	2026-09-11T00:33:57.7442660Z 
Build And Test iOS App	Generate, build, and run implementation checks	2026-09-11T00:34:54.0652060Z Test Suite 'All tests' started at 2026-09-11 00:34:53.590.
Build And Test iOS App	Generate, build, and run implementation checks	2026-09-11T00:34:54.0757960Z Test Suite 'AutoByteusMobileCoreTests.xctest' started at 2026-09-11 00:34:53.591.
Build And Test iOS App	Generate, build, and run implementation checks	2026-09-11T00:34:54.0871360Z Test Suite 'ConnectionInputResolverTests' started at 2026-09-11 00:34:53.591.
Build And Test iOS App	Generate, build, and run implementation checks	2026-09-11T00:34:54.1006660Z Test Case '-[AutoByteusMobileCoreTests.ConnectionInputResolverTests testAllowsHTTPAfterAcknowledgement]' started.
Build And Test iOS App	Generate, build, and run implementation checks	2026-09-11T00:34:54.1269280Z Test Case '-[AutoByteusMobileCoreTests.ConnectionInputResolverTests testAllowsHTTPAfterAcknowledgement]' passed (0.009 seconds).
Build And Test iOS App	Generate, build, and run implementation checks	2026-09-11T00:34:56.3498300Z Test Case '-[AutoByteusMobileCoreTests.ConnectionInputResolverTests testAllowsHTTPSWithoutAcknowledgement]' started.
Build And Test iOS App	Generate, build, and run implementation checks	2026-09-11T00:34:57.9028000Z Test Case '-[AutoByteusMobileCoreTests.ConnectionInputResolverTests testAllowsHTTPSWithoutAcknowledgement]' passed (0.004 seconds).
Build And Test iOS App	Generate, build, and run implementation checks	2026-09-11T00:34:57.9042840Z Test Case '-[AutoByteusMobileCoreTests.ConnectionInputResolverTests testRequiresExplicitAcknowledgementForHTTP]' started.
Build And Test iOS App	Generate, build, and run implementation checks	2026-09-11T00:34:57.9047640Z Test Case '-[AutoByteusMobileCoreTests.ConnectionInputResolverTests testRequiresExplicitAcknowledgementForHTTP]' passed (0.001 seconds).
Build And Test iOS App	Generate, build, and run implementation checks	2026-09-11T00:34:57.9068750Z Test Suite 'ConnectionInputResolverTests' passed at 2026-09-11 00:34:53.611.
Build And Test iOS App	Generate, build, and run implementation checks	2026-09-11T00:34:57.9070820Z 	 Executed 3 tests, with 0 failures (0 unexpected) in 0.014 (0.020) seconds
Build And Test iOS App	Generate, build, and run implementation checks	2026-09-11T00:34:57.9073500Z Test Suite 'ConnectionValidatorTests' started at 2026-09-11 00:34:53.612.
Build And Test iOS App	Generate, build, and run implementation checks	2026-09-11T00:34:57.9082380Z Test Case '-[AutoByteusMobileCoreTests.ConnectionValidatorTests testMapsDisabledStatusToRecoveryDiagnostic]' started.
Build And Test iOS App	Generate, build, and run implementation checks	2026-09-11T00:34:57.9087440Z Test Case '-[AutoByteusMobileCoreTests.ConnectionValidatorTests testMapsDisabledStatusToRecoveryDiagnostic]' passed (0.005 seconds).
Build And Test iOS App	Generate, build, and run implementation checks	2026-09-11T00:34:57.9089570Z Test Case '-[AutoByteusMobileCoreTests.ConnectionValidatorTests testMapsHTTPStatuses]' started.
Build And Test iOS App	Generate, build, and run implementation checks	2026-09-11T00:34:57.9091920Z Test Case '-[AutoByteusMobileCoreTests.ConnectionValidatorTests testMapsHTTPStatuses]' passed (0.002 seconds).
Build And Test iOS App	Generate, build, and run implementation checks	2026-09-11T00:34:57.9120190Z Test Case '-[AutoByteusMobileCoreTests.ConnectionValidatorTests testMapsIncompatibleStatus]' started.
Build And Test iOS App	Generate, build, and run implementation checks	2026-09-11T00:34:59.7468520Z Test Case '-[AutoByteusMobileCoreTests.ConnectionValidatorTests testMapsIncompatibleStatus]' passed (0.400 seconds).
Build And Test iOS App	Generate, build, and run implementation checks	2026-09-11T00:34:59.7615070Z Test Case '-[AutoByteusMobileCoreTests.ConnectionValidatorTests testParsesStatusWithAdditionalFields]' started.
Build And Test iOS App	Generate, build, and run implementation checks	2026-09-11T00:34:59.7641640Z Test Case '-[AutoByteusMobileCoreTests.ConnectionValidatorTests testParsesStatusWithAdditionalFields]' passed (0.001 seconds).
Build And Test iOS App	Generate, build, and run implementation checks	2026-09-11T00:34:59.8152300Z Test Suite 'ConnectionValidatorTests' passed at 2026-09-11 00:34:54.021.
Build And Test iOS App	Generate, build, and run implementation checks	2026-09-11T00:34:59.8372830Z 	 Executed 4 tests, with 0 failures (0 unexpected) in 0.407 (0.409) seconds
Build And Test iOS App	Generate, build, and run implementation checks	2026-09-11T00:34:59.8489990Z Test Suite 'NodeURLNormalizerTests' started at 2026-09-11 00:34:54.021.
Build And Test iOS App	Generate, build, and run implementation checks	2026-09-11T00:34:59.8777910Z Test Case '-[AutoByteusMobileCoreTests.NodeURLNormalizerTests testDefaultsBareHostToHTTPS]' started.
Build And Test iOS App	Generate, build, and run implementation checks	2026-09-11T00:34:59.8887260Z Test Case '-[AutoByteusMobileCoreTests.NodeURLNormalizerTests testDefaultsBareHostToHTTPS]' passed (0.001 seconds).
Build And Test iOS App	Generate, build, and run implementation checks	2026-09-11T00:34:59.9456140Z Test Case '-[AutoByteusMobileCoreTests.NodeURLNormalizerTests testNormalizesTailscaleMobileURLToCleanStableURLs]' started.
Build And Test iOS App	Generate, build, and run implementation checks	2026-09-11T00:35:00.0014820Z Test Case '-[AutoByteusMobileCoreTests.NodeURLNormalizerTests testNormalizesTailscaleMobileURLToCleanStableURLs]' passed (0.087 seconds).
Build And Test iOS App	Generate, build, and run implementation checks	2026-09-11T00:35:00.0149160Z Test Case '-[AutoByteusMobileCoreTests.NodeURLNormalizerTests testPreservesPrivateHTTPPort]' started.
Build And Test iOS App	Generate, build, and run implementation checks	2026-09-11T00:35:00.0255270Z Test Case '-[AutoByteusMobileCoreTests.NodeURLNormalizerTests testPreservesPrivateHTTPPort]' passed (0.001 seconds).
Build And Test iOS App	Generate, build, and run implementation checks	2026-09-11T00:35:00.1802500Z Test Case '-[AutoByteusMobileCoreTests.NodeURLNormalizerTests testRejectsUnknownSchemesAndDesktopPaths]' started.
Build And Test iOS App	Generate, build, and run implementation checks	2026-09-11T00:35:00.2031700Z Test Case '-[AutoByteusMobileCoreTests.NodeURLNormalizerTests testRejectsUnknownSchemesAndDesktopPaths]' passed (0.011 seconds).
Build And Test iOS App	Generate, build, and run implementation checks	2026-09-11T00:35:00.2208820Z Test Suite 'NodeURLNormalizerTests' passed at 2026-09-11 00:34:54.125.
Build And Test iOS App	Generate, build, and run implementation checks	2026-09-11T00:35:00.2314740Z 	 Executed 4 tests, with 0 failures (0 unexpected) in 0.100 (0.104) seconds
Build And Test iOS App	Generate, build, and run implementation checks	2026-09-11T00:35:00.2686960Z Test Suite 'PairingLinkParserTests' started at 2026-09-11 00:34:54.126.
Build And Test iOS App	Generate, build, and run implementation checks	2026-09-11T00:35:00.3631450Z Test Case '-[AutoByteusMobileCoreTests.PairingLinkParserTests testParsesDockerNodePairingPayloadUsingAdvertisedHTTPSOrigin]' started.
Build And Test iOS App	Generate, build, and run implementation checks	2026-09-11T00:35:01.1742690Z Test Case '-[AutoByteusMobileCoreTests.PairingLinkParserTests testParsesDockerNodePairingPayloadUsingAdvertisedHTTPSOrigin]' passed (5.511 seconds).
Build And Test iOS App	Generate, build, and run implementation checks	2026-09-11T00:35:01.1745550Z Test Case '-[AutoByteusMobileCoreTests.PairingLinkParserTests testParsesPairingURLAndSavesCleanStableMobileURL]' started.
Build And Test iOS App	Generate, build, and run implementation checks	2026-09-11T00:35:01.1747260Z Test Case '-[AutoByteusMobileCoreTests.PairingLinkParserTests testParsesPairingURLAndSavesCleanStableMobileURL]' passed (0.002 seconds).
Build And Test iOS App	Generate, build, and run implementation checks	2026-09-11T00:35:01.1748250Z Test Case '-[AutoByteusMobileCoreTests.PairingLinkParserTests testParsesRawJSONPairingPayload]' started.
Build And Test iOS App	Generate, build, and run implementation checks	2026-09-11T00:35:01.1764050Z Test Case '-[AutoByteusMobileCoreTests.PairingLinkParserTests testParsesRawJSONPairingPayload]' passed (0.005 seconds).
Build And Test iOS App	Generate, build, and run implementation checks	2026-09-11T00:35:01.1770320Z Test Case '-[AutoByteusMobileCoreTests.PairingLinkParserTests testTreatsPlainNodeURLAsNonPairingInput]' started.
Build And Test iOS App	Generate, build, and run implementation checks	2026-09-11T00:35:01.1771860Z Test Case '-[AutoByteusMobileCoreTests.PairingLinkParserTests testTreatsPlainNodeURLAsNonPairingInput]' passed (0.001 seconds).
Build And Test iOS App	Generate, build, and run implementation checks	2026-09-11T00:35:01.1772720Z Test Suite 'PairingLinkParserTests' passed at 2026-09-11 00:34:59.654.
Build And Test iOS App	Generate, build, and run implementation checks	2026-09-11T00:35:01.1782530Z 	 Executed 4 tests, with 0 failures (0 unexpected) in 5.519 (5.527) seconds
Build And Test iOS App	Generate, build, and run implementation checks	2026-09-11T00:35:01.1785220Z Test Suite 'PendingSharedInputStoreTests' started at 2026-09-11 00:34:59.654.
Build And Test iOS App	Generate, build, and run implementation checks	2026-09-11T00:35:01.1787130Z Test Case '-[AutoByteusMobileCoreTests.PendingSharedInputStoreTests testConsumesPendingSharedInputOnce]' started.
Build And Test iOS App	Generate, build, and run implementation checks	2026-09-11T00:35:01.8988090Z Test Case '-[AutoByteusMobileCoreTests.PendingSharedInputStoreTests testConsumesPendingSharedInputOnce]' passed (0.009 seconds).
Build And Test iOS App	Generate, build, and run implementation checks	2026-09-11T00:35:01.9168910Z Test Suite 'PendingSharedInputStoreTests' passed at 2026-09-11 00:34:59.663.
Build And Test iOS App	Generate, build, and run implementation checks	2026-09-11T00:35:01.9186340Z 	 Executed 1 test, with 0 failures (0 unexpected) in 0.009 (0.009) seconds
Build And Test iOS App	Generate, build, and run implementation checks	2026-09-11T00:35:01.9314050Z Test Suite 'SavedNodeStoreTests' started at 2026-09-11 00:34:59.663.
Build And Test iOS App	Generate, build, and run implementation checks	2026-09-11T00:35:01.9448540Z Test Case '-[AutoByteusMobileCoreTests.SavedNodeStoreTests testPersistsOnlySavedNodeMetadataAndSelection]' started.
Build And Test iOS App	Generate, build, and run implementation checks	2026-09-11T00:35:01.9609780Z Test Case '-[AutoByteusMobileCoreTests.SavedNodeStoreTests testPersistsOnlySavedNodeMetadataAndSelection]' passed (0.008 seconds).
Build And Test iOS App	Generate, build, and run implementation checks	2026-09-11T00:35:01.9731490Z Test Case '-[AutoByteusMobileCoreTests.SavedNodeStoreTests testRemoveSelectsNextProfile]' started.
Build And Test iOS App	Generate, build, and run implementation checks	2026-09-11T00:35:01.9879750Z Test Case '-[AutoByteusMobileCoreTests.SavedNodeStoreTests testRemoveSelectsNextProfile]' passed (0.006 seconds).
Build And Test iOS App	Generate, build, and run implementation checks	2026-09-11T00:35:02.0191430Z Test Suite 'SavedNodeStoreTests' passed at 2026-09-11 00:34:59.678.
Build And Test iOS App	Generate, build, and run implementation checks	2026-09-11T00:35:02.0337610Z 	 Executed 2 tests, with 0 failures (0 unexpected) in 0.014 (0.015) seconds
Build And Test iOS App	Generate, build, and run implementation checks	2026-09-11T00:35:02.0451880Z Test Suite 'TrustedNavigationPolicyTests' started at 2026-09-11 00:34:59.709.
Build And Test iOS App	Generate, build, and run implementation checks	2026-09-11T00:35:02.0714720Z Test Case '-[AutoByteusMobileCoreTests.TrustedNavigationPolicyTests testAllowsExpectedSameOriginAutoByteusPaths]' started.
Build And Test iOS App	Generate, build, and run implementation checks	2026-09-11T00:35:02.0834890Z Test Case '-[AutoByteusMobileCoreTests.TrustedNavigationPolicyTests testAllowsExpectedSameOriginAutoByteusPaths]' passed (0.001 seconds).
Build And Test iOS App	Generate, build, and run implementation checks	2026-09-11T00:35:02.0963600Z Test Case '-[AutoByteusMobileCoreTests.TrustedNavigationPolicyTests testBlocksUnsafeSchemesAndSameOriginDesktopPaths]' started.
Build And Test iOS App	Generate, build, and run implementation checks	2026-09-11T00:35:02.1084410Z Test Case '-[AutoByteusMobileCoreTests.TrustedNavigationPolicyTests testBlocksUnsafeSchemesAndSameOriginDesktopPaths]' passed (0.001 seconds).
Build And Test iOS App	Generate, build, and run implementation checks	2026-09-11T00:35:02.1193530Z Test Case '-[AutoByteusMobileCoreTests.TrustedNavigationPolicyTests testExternalizesDifferentOriginsAndSafeNonWebSchemes]' started.
Build And Test iOS App	Generate, build, and run implementation checks	2026-09-11T00:35:02.1333420Z Test Case '-[AutoByteusMobileCoreTests.TrustedNavigationPolicyTests testExternalizesDifferentOriginsAndSafeNonWebSchemes]' passed (0.002 seconds).
Build And Test iOS App	Generate, build, and run implementation checks	2026-09-11T00:35:02.1438050Z Test Suite 'TrustedNavigationPolicyTests' passed at 2026-09-11 00:34:59.714.
Build And Test iOS App	Generate, build, and run implementation checks	2026-09-11T00:35:02.1561520Z 	 Executed 3 tests, with 0 failures (0 unexpected) in 0.004 (0.005) seconds
Build And Test iOS App	Generate, build, and run implementation checks	2026-09-11T00:35:02.1694810Z Test Suite 'AutoByteusMobileCoreTests.xctest' passed at 2026-09-11 00:34:59.714.
Build And Test iOS App	Generate, build, and run implementation checks	2026-09-11T00:35:02.1814110Z 	 Executed 21 tests, with 0 failures (0 unexpected) in 6.066 (6.123) seconds
Build And Test iOS App	Generate, build, and run implementation checks	2026-09-11T00:35:02.1923850Z Test Suite 'All tests' passed at 2026-09-11 00:34:59.714.
Build And Test iOS App	Generate, build, and run implementation checks	2026-09-11T00:35:02.2082120Z 	 Executed 21 tests, with 0 failures (0 unexpected) in 6.066 (6.124) seconds
Build And Test iOS App	Generate, build, and run implementation checks	2026-09-11T00:35:03.3859960Z 2026-09-11 00:35:03.385 xcodebuild[3760:14915] [MT] IDETestOperationsObserverDebug: 65.617 elapsed -- Testing started completed.
Build And Test iOS App	Generate, build, and run implementation checks	2026-09-11T00:35:03.3962330Z 2026-09-11 00:35:03.385 xcodebuild[3760:14915] [MT] IDETestOperationsObserverDebug: 0.000 sec, +0.000 sec -- start
Build And Test iOS App	Generate, build, and run implementation checks	2026-09-11T00:35:03.4066170Z 2026-09-11 00:35:03.385 xcodebuild[3760:14915] [MT] IDETestOperationsObserverDebug: 65.617 sec, +65.617 sec -- end
Build And Test iOS App	Generate, build, and run implementation checks	2026-09-11T00:35:03.4599260Z 
Build And Test iOS App	Generate, build, and run implementation checks	2026-09-11T00:35:03.4701180Z Test session results, code coverage, and logs:
Build And Test iOS App	Generate, build, and run implementation checks	2026-09-11T00:35:03.4819650Z 	/Users/runner/work/_temp/ios-build/AutoByteusMobileCoreTests.xcresult
Build And Test iOS App	Generate, build, and run implementation checks	2026-09-11T00:35:03.4921750Z 
Build And Test iOS App	Generate, build, and run implementation checks	2026-09-11T00:35:03.5025940Z ** TEST SUCCEEDED **
Build And Test iOS App	Generate, build, and run implementation checks	2026-09-11T00:35:03.5139380Z 
Build And Test iOS App	Generate, build, and run implementation checks	2026-09-11T00:35:06.9853800Z Testing started
Build And Test iOS App	Generate, build, and run implementation checks	2026-09-11T00:35:07.2690030Z ⚙️  Generating plists...
Build And Test iOS App	Generate, build, and run implementation checks	2026-09-11T00:35:07.2690870Z ⚙️  Generating project...
Build And Test iOS App	Generate, build, and run implementation checks	2026-09-11T00:35:07.3367180Z ⚙️  Writing project...
Build And Test iOS App	Generate, build, and run implementation checks	2026-09-11T00:35:07.3630420Z Created project at /Users/runner/work/autobyteus-workspace/autobyteus-workspace/autobyteus-ios/AutoByteusMobile.xcodeproj
Build And Test iOS App	Generate, build, and run implementation checks	2026-09-11T00:37:50.8363570Z Monitoring boot status for iPhone 17 Pro (5FEB61C5-E3F5-471D-AE23-8A07438D5E92).
Build And Test iOS App	Generate, build, and run implementation checks	2026-09-11T00:37:51.1403070Z Device already booted, nothing to do.
Build And Test iOS App	Generate, build, and run implementation checks	2026-09-11T00:37:51.1403760Z 
Build And Test iOS App	Generate, build, and run implementation checks	2026-09-11T00:38:22.2091720Z Command line invocation:
Build And Test iOS App	Generate, build, and run implementation checks	2026-09-11T00:38:22.2260200Z     /Applications/Xcode_26.3.app/Contents/Developer/usr/bin/xcodebuild -project /Users/runner/work/autobyteus-workspace/autobyteus-workspace/autobyteus-ios/AutoByteusMobile.xcodeproj -scheme AutoByteusMobile -destination "platform=iOS Simulator,id=5FEB61C5-E3F5-471D-AE23-8A07438D5E92" -resultBundlePath /Users/runner/work/_temp/ios-smoke/AutoByteusMobile.xcresult "-only-testing:AutoByteusMobileUITests" IOS_BUNDLE_ID=org.autobyteus.mobile IOS_SHARE_EXTENSION_BUNDLE_ID=org.autobyteus.mobile.share MARKETING_VERSION=1.4.69 CURRENT_PROJECT_VERSION=131 "AUTOBYTEUS_TEST_NODE_URL=http://127.0.0.1:29876/mobile" AUTOBYTEUS_SMOKE_TESTS_REQUIRED=1 test
Build And Test iOS App	Generate, build, and run implementation checks	2026-09-11T00:38:22.2332430Z 
Build And Test iOS App	Generate, build, and run implementation checks	2026-09-11T00:38:22.2366180Z Build settings from command line:
Build And Test iOS App	Generate, build, and run implementation checks	2026-09-11T00:38:22.2366910Z     AUTOBYTEUS_SMOKE_TESTS_REQUIRED = 1
Build And Test iOS App	Generate, build, and run implementation checks	2026-09-11T00:38:22.2368010Z     AUTOBYTEUS_TEST_NODE_URL = http://127.0.0.1:29876/mobile
Build And Test iOS App	Generate, build, and run implementation checks	2026-09-11T00:38:22.2496940Z     CURRENT_PROJECT_VERSION = 131
Build And Test iOS App	Generate, build, and run implementation checks	2026-09-11T00:38:22.2650860Z     IOS_BUNDLE_ID = org.autobyteus.mobile
Build And Test iOS App	Generate, build, and run implementation checks	2026-09-11T00:38:22.2782930Z     IOS_SHARE_EXTENSION_BUNDLE_ID = org.autobyteus.mobile.share
Build And Test iOS App	Generate, build, and run implementation checks	2026-09-11T00:38:22.3010110Z     MARKETING_VERSION = 1.4.69
Build And Test iOS App	Generate, build, and run implementation checks	2026-09-11T00:38:22.3190030Z 
Build And Test iOS App	Generate, build, and run implementation checks	2026-09-11T00:38:27.7775290Z Writing result bundle at path:
Build And Test iOS App	Generate, build, and run implementation checks	2026-09-11T00:38:27.7779030Z 	/Users/runner/work/_temp/ios-smoke/AutoByteusMobile.xcresult
Build And Test iOS App	Generate, build, and run implementation checks	2026-09-11T00:38:27.7780270Z 
Build And Test iOS App	Generate, build, and run implementation checks	2026-09-11T00:38:27.8414710Z --- xcodebuild: WARNING: Using the first of multiple matching destinations:
Build And Test iOS App	Generate, build, and run implementation checks	2026-09-11T00:38:27.8415930Z { platform:iOS Simulator, arch:arm64, id:5FEB61C5-E3F5-471D-AE23-8A07438D5E92, OS:26.2, name:iPhone 17 Pro }
Build And Test iOS App	Generate, build, and run implementation checks	2026-09-11T00:38:27.8647400Z { platform:iOS Simulator, arch:x86_64, id:5FEB61C5-E3F5-471D-AE23-8A07438D5E92, OS:26.2, name:iPhone 17 Pro }
Build And Test iOS App	Generate, build, and run implementation checks	2026-09-11T00:38:48.0815660Z ComputePackagePrebuildTargetDependencyGraph
Build And Test iOS App	Generate, build, and run implementation checks	2026-09-11T00:38:48.2673240Z 
Build And Test iOS App	Generate, build, and run implementation checks	2026-09-11T00:38:48.2718090Z Prepare packages
Build And Test iOS App	Generate, build, and run implementation checks	2026-09-11T00:38:48.2722880Z 
Build And Test iOS App	Generate, build, and run implementation checks	2026-09-11T00:38:48.2929320Z CreateBuildRequest
Build And Test iOS App	Generate, build, and run implementation checks	2026-09-11T00:38:48.2931480Z 
Build And Test iOS App	Generate, build, and run implementation checks	2026-09-11T00:38:48.2933550Z SendProjectDescription
Build And Test iOS App	Generate, build, and run implementation checks	2026-09-11T00:38:48.3167740Z 
Build And Test iOS App	Generate, build, and run implementation checks	2026-09-11T00:38:48.3177650Z CreateBuildOperation
Build And Test iOS App	Generate, build, and run implementation checks	2026-09-11T00:38:48.3213650Z 
Build And Test iOS App	Generate, build, and run implementation checks	2026-09-11T00:38:48.3326710Z ComputeTargetDependencyGraph
Build And Test iOS App	Generate, build, and run implementation checks	2026-09-11T00:38:48.4098420Z note: Building targets in dependency order
Build And Test iOS App	Generate, build, and run implementation checks	2026-09-11T00:38:48.4117700Z note: Target dependency graph (5 targets)
Build And Test iOS App	Generate, build, and run implementation checks	2026-09-11T00:38:48.4119470Z     Target 'AutoByteusMobileUITests' in project 'AutoByteusMobile'
Build And Test iOS App	Generate, build, and run implementation checks	2026-09-11T00:38:48.4182810Z         ➜ Explicit dependency on target 'AutoByteusMobile' in project 'AutoByteusMobile'
Build And Test iOS App	Generate, build, and run implementation checks	2026-09-11T00:38:48.4187000Z     Target 'AutoByteusMobileCoreTests' in project 'AutoByteusMobile'
Build And Test iOS App	Generate, build, and run implementation checks	2026-09-11T00:38:48.4188980Z         ➜ Explicit dependency on target 'AutoByteusMobileCore' in project 'AutoByteusMobile'
Build And Test iOS App	Generate, build, and run implementation checks	2026-09-11T00:38:48.4190590Z     Target 'AutoByteusMobile' in project 'AutoByteusMobile'
Build And Test iOS App	Generate, build, and run implementation checks	2026-09-11T00:38:48.4193950Z         ➜ Explicit dependency on target 'AutoByteusMobileCore' in project 'AutoByteusMobile'
Build And Test iOS App	Generate, build, and run implementation checks	2026-09-11T00:38:48.4197370Z         ➜ Explicit dependency on target 'AutoByteusMobileShareExtension' in project 'AutoByteusMobile'
Build And Test iOS App	Generate, build, and run implementation checks	2026-09-11T00:38:48.4199330Z     Target 'AutoByteusMobileShareExtension' in project 'AutoByteusMobile'
Build And Test iOS App	Generate, build, and run implementation checks	2026-09-11T00:38:48.4201170Z         ➜ Explicit dependency on target 'AutoByteusMobileCore' in project 'AutoByteusMobile'
Build And Test iOS App	Generate, build, and run implementation checks	2026-09-11T00:38:48.4203400Z     Target 'AutoByteusMobileCore' in project 'AutoByteusMobile' (no dependencies)
Build And Test iOS App	Generate, build, and run implementation checks	2026-09-11T00:38:48.7475710Z 
Build And Test iOS App	Generate, build, and run implementation checks	2026-09-11T00:38:48.7481280Z GatherProvisioningInputs
Build And Test iOS App	Generate, build, and run implementation checks	2026-09-11T00:38:48.7509120Z 
Build And Test iOS App	Generate, build, and run implementation checks	2026-09-11T00:38:48.7667140Z CreateBuildDescription
Build And Test iOS App	Generate, build, and run implementation checks	2026-09-11T00:38:48.8713070Z 
Build And Test iOS App	Generate, build, and run implementation checks	2026-09-11T00:38:48.8718680Z ExecuteExternalTool /Applications/Xcode_26.3.app/Contents/Developer/Toolchains/XcodeDefault.xctoolchain/usr/bin/clang -v -E -dM -arch arm64 -isysroot /Applications/Xcode_26.3.app/Contents/Developer/Platforms/iPhoneSimulator.platform/Developer/SDKs/iPhoneSimulator26.2.sdk -x c -c /dev/null
Build And Test iOS App	Generate, build, and run implementation checks	2026-09-11T00:38:49.6438710Z 
Build And Test iOS App	Generate, build, and run implementation checks	2026-09-11T00:38:49.6545520Z ExecuteExternalTool /Applications/Xcode_26.3.app/Contents/Developer/Toolchains/XcodeDefault.xctoolchain/usr/bin/swiftc --version
Build And Test iOS App	Generate, build, and run implementation checks	2026-09-11T00:38:49.6598460Z 
Build And Test iOS App	Generate, build, and run implementation checks	2026-09-11T00:38:49.6604750Z ExecuteExternalTool /Applications/Xcode_26.3.app/Contents/Developer/Toolchains/XcodeDefault.xctoolchain/usr/bin/clang -v -E -dM -isysroot /Applications/Xcode_26.3.app/Contents/Developer/Platforms/iPhoneSimulator.platform/Developer/SDKs/iPhoneSimulator26.2.sdk -x c -c /dev/null
Build And Test iOS App	Generate, build, and run implementation checks	2026-09-11T00:38:49.6622520Z 
Build And Test iOS App	Generate, build, and run implementation checks	2026-09-11T00:38:49.6624840Z ExecuteExternalTool /Applications/Xcode_26.3.app/Contents/Developer/usr/bin/actool --print-asset-tag-combinations --output-format xml1 /Users/runner/work/autobyteus-workspace/autobyteus-workspace/autobyteus-ios/AutoByteusMobile/Assets.xcassets
Build And Test iOS App	Generate, build, and run implementation checks	2026-09-11T00:38:58.7327600Z 
Build And Test iOS App	Generate, build, and run implementation checks	2026-09-11T00:38:58.7413150Z ExecuteExternalTool /Applications/Xcode_26.3.app/Contents/Developer/Toolchains/XcodeDefault.xctoolchain/usr/bin/ld -version_details
Build And Test iOS App	Generate, build, and run implementation checks	2026-09-11T00:38:58.7425540Z 
Build And Test iOS App	Generate, build, and run implementation checks	2026-09-11T00:38:58.7426680Z ExecuteExternalTool /Applications/Xcode_26.3.app/Contents/Developer/usr/bin/actool --version --output-format xml1
Build And Test iOS App	Generate, build, and run implementation checks	2026-09-11T00:38:58.7653930Z 
Build And Test iOS App	Generate, build, and run implementation checks	2026-09-11T00:38:58.8620860Z Build description signature: 89fd583b2a8c64163b94c86027669bf1
Build And Test iOS App	Generate, build, and run implementation checks	2026-09-11T00:38:58.8629780Z Build description path: /Users/runner/Library/Developer/Xcode/DerivedData/AutoByteusMobile-cswwofbhrcnggmfwuxfpbtrwjhrw/Build/Intermediates.noindex/XCBuildData/89fd583b2a8c64163b94c86027669bf1.xcbuilddata
Build And Test iOS App	Generate, build, and run implementation checks	2026-09-11T00:38:58.9613230Z ClangStatCache /Applications/Xcode_26.3.app/Contents/Developer/Toolchains/XcodeDefault.xctoolchain/usr/bin/clang-stat-cache /Applications/Xcode_26.3.app/Contents/Developer/Platforms/iPhoneSimulator.platform/Developer/SDKs/iPhoneSimulator26.2.sdk /Users/runner/Library/Developer/Xcode/DerivedData/SDKStatCaches.noindex/iphonesimulator26.2-23C57-dc75598d0054f22ec865fa860f139d72e244bd9a5feaf902f95f61bf06266e52.sdkstatcache
Build And Test iOS App	Generate, build, and run implementation checks	2026-09-11T00:38:58.9616910Z     cd /Users/runner/work/autobyteus-workspace/autobyteus-workspace/autobyteus-ios/AutoByteusMobile.xcodeproj
Build And Test iOS App	Generate, build, and run implementation checks	2026-09-11T00:38:58.9619040Z     /Applications/Xcode_26.3.app/Contents/Developer/Toolchains/XcodeDefault.xctoolchain/usr/bin/clang-stat-cache /Applications/Xcode_26.3.app/Contents/Developer/Platforms/iPhoneSimulator.platform/Developer/SDKs/iPhoneSimulator26.2.sdk -o /Users/runner/Library/Developer/Xcode/DerivedData/SDKStatCaches.noindex/iphonesimulator26.2-23C57-dc75598d0054f22ec865fa860f139d72e244bd9a5feaf902f95f61bf06266e52.sdkstatcache
Build And Test iOS App	Generate, build, and run implementation checks	2026-09-11T00:38:59.0893640Z 
Build And Test iOS App	Generate, build, and run implementation checks	2026-09-11T00:38:59.1990410Z ProcessInfoPlistFile /Users/runner/Library/Developer/Xcode/DerivedData/AutoByteusMobile-cswwofbhrcnggmfwuxfpbtrwjhrw/Build/Products/Debug-iphonesimulator/AutoByteusMobileCore.framework/Info.plist /Users/runner/Library/Developer/Xcode/DerivedData/AutoByteusMobile-cswwofbhrcnggmfwuxfpbtrwjhrw/Build/Intermediates.noindex/AutoByteusMobile.build/Debug-iphonesimulator/AutoByteusMobileCore.build/empty-AutoByteusMobileCore.plist (in target 'AutoByteusMobileCore' from project 'AutoByteusMobile')
Build And Test iOS App	Generate, build, and run implementation checks	2026-09-11T00:38:59.1992900Z     cd /Users/runner/work/autobyteus-workspace/autobyteus-workspace/autobyteus-ios
Build And Test iOS App	Generate, build, and run implementation checks	2026-09-11T00:38:59.1995150Z     builtin-infoPlistUtility /Users/runner/Library/Developer/Xcode/DerivedData/AutoByteusMobile-cswwofbhrcnggmfwuxfpbtrwjhrw/Build/Intermediates.noindex/AutoByteusMobile.build/Debug-iphonesimulator/AutoByteusMobileCore.build/empty-AutoByteusMobileCore.plist -producttype com.apple.product-type.framework -expandbuildsettings -format binary -platform iphonesimulator -o /Users/runner/Library/Developer/Xcode/DerivedData/AutoByteusMobile-cswwofbhrcnggmfwuxfpbtrwjhrw/Build/Products/Debug-iphonesimulator/AutoByteusMobileCore.framework/Info.plist
Build And Test iOS App	Generate, build, and run implementation checks	2026-09-11T00:38:59.2260940Z 
Build And Test iOS App	Generate, build, and run implementation checks	2026-09-11T00:38:59.2874610Z ProcessProductPackaging /Users/runner/work/autobyteus-workspace/autobyteus-workspace/autobyteus-ios/AutoByteusMobileShareExtension/AutoByteusMobileShareExtension.entitlements /Users/runner/Library/Developer/Xcode/DerivedData/AutoByteusMobile-cswwofbhrcnggmfwuxfpbtrwjhrw/Build/Intermediates.noindex/AutoByteusMobile.build/Debug-iphonesimulator/AutoByteusMobileShareExtension.build/AutoByteus\ Share.appex-Simulated.xcent (in target 'AutoByteusMobileShareExtension' from project 'AutoByteusMobile')
Build And Test iOS App	Generate, build, and run implementation checks	2026-09-11T00:38:59.2884360Z     cd /Users/runner/work/autobyteus-workspace/autobyteus-workspace/autobyteus-ios
Build And Test iOS App	Generate, build, and run implementation checks	2026-09-11T00:38:59.2887760Z     
Build And Test iOS App	Generate, build, and run implementation checks	2026-09-11T00:38:59.2889500Z     Entitlements:
Build And Test iOS App	Generate, build, and run implementation checks	2026-09-11T00:38:59.2890380Z     
Build And Test iOS App	Generate, build, and run implementation checks	2026-09-11T00:38:59.2890850Z     {
Build And Test iOS App	Generate, build, and run implementation checks	2026-09-11T00:38:59.2891560Z     "application-identifier" = "FAKETEAMID.org.autobyteus.mobile.share";
Build And Test iOS App	Generate, build, and run implementation checks	2026-09-11T00:38:59.2892370Z     "com.apple.security.application-groups" =     (
Build And Test iOS App	Generate, build, and run implementation checks	2026-09-11T00:38:59.2892970Z         "group.org.autobyteus.mobile"
Build And Test iOS App	Generate, build, and run implementation checks	2026-09-11T00:38:59.2893540Z     );
Build And Test iOS App	Generate, build, and run implementation checks	2026-09-11T00:38:59.2894300Z }
Build And Test iOS App	Generate, build, and run implementation checks	2026-09-11T00:38:59.2894730Z     
Build And Test iOS App	Generate, build, and run implementation checks	2026-09-11T00:38:59.2896570Z     builtin-productPackagingUtility /Users/runner/work/autobyteus-workspace/autobyteus-workspace/autobyteus-ios/AutoByteusMobileShareExtension/AutoByteusMobileShareExtension.entitlements -entitlements -format xml -o /Users/runner/Library/Developer/Xcode/DerivedData/AutoByteusMobile-cswwofbhrcnggmfwuxfpbtrwjhrw/Build/Intermediates.noindex/AutoByteusMobile.build/Debug-iphonesimulator/AutoByteusMobileShareExtension.build/AutoByteus\ Share.appex-Simulated.xcent
Build And Test iOS App	Generate, build, and run implementation checks	2026-09-11T00:38:59.2898350Z 
Build And Test iOS App	Generate, build, and run implementation checks	2026-09-11T00:38:59.2902080Z ProcessProductPackagingDER /Users/runner/Library/Developer/Xcode/DerivedData/AutoByteusMobile-cswwofbhrcnggmfwuxfpbtrwjhrw/Build/Intermediates.noindex/AutoByteusMobile.build/Debug-iphonesimulator/AutoByteusMobileShareExtension.build/AutoByteus\ Share.appex-Simulated.xcent /Users/runner/Library/Developer/Xcode/DerivedData/AutoByteusMobile-cswwofbhrcnggmfwuxfpbtrwjhrw/Build/Intermediates.noindex/AutoByteusMobile.build/Debug-iphonesimulator/AutoByteusMobileShareExtension.build/AutoByteus\ Share.appex-Simulated.xcent.der (in target 'AutoByteusMobileShareExtension' from project 'AutoByteusMobile')
Build And Test iOS App	Generate, build, and run implementation checks	2026-09-11T00:38:59.2906920Z     cd /Users/runner/work/autobyteus-workspace/autobyteus-workspace/autobyteus-ios
Build And Test iOS App	Generate, build, and run implementation checks	2026-09-11T00:38:59.2909480Z     /usr/bin/derq query -f xml -i /Users/runner/Library/Developer/Xcode/DerivedData/AutoByteusMobile-cswwofbhrcnggmfwuxfpbtrwjhrw/Build/Intermediates.noindex/AutoByteusMobile.build/Debug-iphonesimulator/AutoByteusMobileShareExtension.build/AutoByteus\ Share.appex-Simulated.xcent -o /Users/runner/Library/Developer/Xcode/DerivedData/AutoByteusMobile-cswwofbhrcnggmfwuxfpbtrwjhrw/Build/Intermediates.noindex/AutoByteusMobile.build/Debug-iphonesimulator/AutoByteusMobileShareExtension.build/AutoByteus\ Share.appex-Simulated.xcent.der --raw
Build And Test iOS App	Generate, build, and run implementation checks	2026-09-11T00:38:59.3227440Z 
Build And Test iOS App	Generate, build, and run implementation checks	2026-09-11T00:38:59.3230650Z ProcessProductPackaging /Users/runner/work/autobyteus-workspace/autobyteus-workspace/autobyteus-ios/AutoByteusMobileShareExtension/AutoByteusMobileShareExtension.entitlements /Users/runner/Library/Developer/Xcode/DerivedData/AutoByteusMobile-cswwofbhrcnggmfwuxfpbtrwjhrw/Build/Intermediates.noindex/AutoByteusMobile.build/Debug-iphonesimulator/AutoByteusMobileShareExtension.build/AutoByteus\ Share.appex.xcent (in target 'AutoByteusMobileShareExtension' from project 'AutoByteusMobile')
Build And Test iOS App	Generate, build, and run implementation checks	2026-09-11T00:38:59.3235660Z     cd /Users/runner/work/autobyteus-workspace/autobyteus-workspace/autobyteus-ios
Build And Test iOS App	Generate, build, and run implementation checks	2026-09-11T00:38:59.3238080Z     
Build And Test iOS App	Generate, build, and run implementation checks	2026-09-11T00:38:59.3238840Z     Entitlements:
Build And Test iOS App	Generate, build, and run implementation checks	2026-09-11T00:38:59.3239650Z     
Build And Test iOS App	Generate, build, and run implementation checks	2026-09-11T00:38:59.3240770Z     {
Build And Test iOS App	Generate, build, and run implementation checks	2026-09-11T00:38:59.3241590Z }
Build And Test iOS App	Generate, build, and run implementation checks	2026-09-11T00:38:59.3242610Z     
Build And Test iOS App	Generate, build, and run implementation checks	2026-09-11T00:38:59.3247090Z     builtin-productPackagingUtility /Users/runner/work/autobyteus-workspace/autobyteus-workspace/autobyteus-ios/AutoByteusMobileShareExtension/AutoByteusMobileShareExtension.entitlements -entitlements -format xml -o /Users/runner/Library/Developer/Xcode/DerivedData/AutoByteusMobile-cswwofbhrcnggmfwuxfpbtrwjhrw/Build/Intermediates.noindex/AutoByteusMobile.build/Debug-iphonesimulator/AutoByteusMobileShareExtension.build/AutoByteus\ Share.appex.xcent
Build And Test iOS App	Generate, build, and run implementation checks	2026-09-11T00:38:59.3284460Z 
Build And Test iOS App	Generate, build, and run implementation checks	2026-09-11T00:38:59.3291380Z ProcessProductPackagingDER /Users/runner/Library/Developer/Xcode/DerivedData/AutoByteusMobile-cswwofbhrcnggmfwuxfpbtrwjhrw/Build/Intermediates.noindex/AutoByteusMobile.build/Debug-iphonesimulator/AutoByteusMobileShareExtension.build/AutoByteus\ Share.appex.xcent /Users/runner/Library/Developer/Xcode/DerivedData/AutoByteusMobile-cswwofbhrcnggmfwuxfpbtrwjhrw/Build/Intermediates.noindex/AutoByteusMobile.build/Debug-iphonesimulator/AutoByteusMobileShareExtension.build/AutoByteus\ Share.appex.xcent.der (in target 'AutoByteusMobileShareExtension' from project 'AutoByteusMobile')
Build And Test iOS App	Generate, build, and run implementation checks	2026-09-11T00:38:59.3301750Z     cd /Users/runner/work/autobyteus-workspace/autobyteus-workspace/autobyteus-ios
Build And Test iOS App	Generate, build, and run implementation checks	2026-09-11T00:38:59.3303730Z     /usr/bin/derq query -f xml -i /Users/runner/Library/Developer/Xcode/DerivedData/AutoByteusMobile-cswwofbhrcnggmfwuxfpbtrwjhrw/Build/Intermediates.noindex/AutoByteusMobile.build/Debug-iphonesimulator/AutoByteusMobileShareExtension.build/AutoByteus\ Share.appex.xcent -o /Users/runner/Library/Developer/Xcode/DerivedData/AutoByteusMobile-cswwofbhrcnggmfwuxfpbtrwjhrw/Build/Intermediates.noindex/AutoByteusMobile.build/Debug-iphonesimulator/AutoByteusMobileShareExtension.build/AutoByteus\ Share.appex.xcent.der --raw
Build And Test iOS App	Generate, build, and run implementation checks	2026-09-11T00:38:59.3305620Z 
Build And Test iOS App	Generate, build, and run implementation checks	2026-09-11T00:38:59.3578420Z ProcessProductPackaging /Users/runner/work/autobyteus-workspace/autobyteus-workspace/autobyteus-ios/AutoByteusMobile/AutoByteusMobile.entitlements /Users/runner/Library/Developer/Xcode/DerivedData/AutoByteusMobile-cswwofbhrcnggmfwuxfpbtrwjhrw/Build/Intermediates.noindex/AutoByteusMobile.build/Debug-iphonesimulator/AutoByteusMobile.build/AutoByteus.app-Simulated.xcent (in target 'AutoByteusMobile' from project 'AutoByteusMobile')
Build And Test iOS App	Generate, build, and run implementation checks	2026-09-11T00:38:59.3626050Z     cd /Users/runner/work/autobyteus-workspace/autobyteus-workspace/autobyteus-ios
Build And Test iOS App	Generate, build, and run implementation checks	2026-09-11T00:38:59.3628890Z     
Build And Test iOS App	Generate, build, and run implementation checks	2026-09-11T00:38:59.3630880Z     Entitlements:
Build And Test iOS App	Generate, build, and run implementation checks	2026-09-11T00:38:59.3633100Z     
Build And Test iOS App	Generate, build, and run implementation checks	2026-09-11T00:38:59.3635100Z     {
Build And Test iOS App	Generate, build, and run implementation checks	2026-09-11T00:38:59.3636580Z     "application-identifier" = "FAKETEAMID.org.autobyteus.mobile";
Build And Test iOS App	Generate, build, and run implementation checks	2026-09-11T00:38:59.3640170Z     "com.apple.security.application-groups" =     (
Build And Test iOS App	Generate, build, and run implementation checks	2026-09-11T00:38:59.3643340Z         "group.org.autobyteus.mobile"
Build And Test iOS App	Generate, build, and run implementation checks	2026-09-11T00:38:59.3645230Z     );
Build And Test iOS App	Generate, build, and run implementation checks	2026-09-11T00:38:59.3647200Z }
Build And Test iOS App	Generate, build, and run implementation checks	2026-09-11T00:38:59.3648400Z     
Build And Test iOS App	Generate, build, and run implementation checks	2026-09-11T00:38:59.3650460Z     builtin-productPackagingUtility /Users/runner/work/autobyteus-workspace/autobyteus-workspace/autobyteus-ios/AutoByteusMobile/AutoByteusMobile.entitlements -entitlements -format xml -o /Users/runner/Library/Developer/Xcode/DerivedData/AutoByteusMobile-cswwofbhrcnggmfwuxfpbtrwjhrw/Build/Intermediates.noindex/AutoByteusMobile.build/Debug-iphonesimulator/AutoByteusMobile.build/AutoByteus.app-Simulated.xcent
Build And Test iOS App	Generate, build, and run implementation checks	2026-09-11T00:38:59.3652850Z 
Build And Test iOS App	Generate, build, and run implementation checks	2026-09-11T00:38:59.3655180Z ProcessProductPackagingDER /Users/runner/Library/Developer/Xcode/DerivedData/AutoByteusMobile-cswwofbhrcnggmfwuxfpbtrwjhrw/Build/Intermediates.noindex/AutoByteusMobile.build/Debug-iphonesimulator/AutoByteusMobile.build/AutoByteus.app-Simulated.xcent /Users/runner/Library/Developer/Xcode/DerivedData/AutoByteusMobile-cswwofbhrcnggmfwuxfpbtrwjhrw/Build/Intermediates.noindex/AutoByteusMobile.build/Debug-iphonesimulator/AutoByteusMobile.build/AutoByteus.app-Simulated.xcent.der (in target 'AutoByteusMobile' from project 'AutoByteusMobile')
Build And Test iOS App	Generate, build, and run implementation checks	2026-09-11T00:38:59.3657510Z     cd /Users/runner/work/autobyteus-workspace/autobyteus-workspace/autobyteus-ios
Build And Test iOS App	Generate, build, and run implementation checks	2026-09-11T00:38:59.3659700Z     /usr/bin/derq query -f xml -i /Users/runner/Library/Developer/Xcode/DerivedData/AutoByteusMobile-cswwofbhrcnggmfwuxfpbtrwjhrw/Build/Intermediates.noindex/AutoByteusMobile.build/Debug-iphonesimulator/AutoByteusMobile.build/AutoByteus.app-Simulated.xcent -o /Users/runner/Library/Developer/Xcode/DerivedData/AutoByteusMobile-cswwofbhrcnggmfwuxfpbtrwjhrw/Build/Intermediates.noindex/AutoByteusMobile.build/Debug-iphonesimulator/AutoByteusMobile.build/AutoByteus.app-Simulated.xcent.der --raw
Build And Test iOS App	Generate, build, and run implementation checks	2026-09-11T00:38:59.3661800Z 
Build And Test iOS App	Generate, build, and run implementation checks	2026-09-11T00:38:59.3663260Z ProcessProductPackaging /Users/runner/work/autobyteus-workspace/autobyteus-workspace/autobyteus-ios/AutoByteusMobile/AutoByteusMobile.entitlements /Users/runner/Library/Developer/Xcode/DerivedData/AutoByteusMobile-cswwofbhrcnggmfwuxfpbtrwjhrw/Build/Intermediates.noindex/AutoByteusMobile.build/Debug-iphonesimulator/AutoByteusMobile.build/AutoByteus.app.xcent (in target 'AutoByteusMobile' from project 'AutoByteusMobile')
Build And Test iOS App	Generate, build, and run implementation checks	2026-09-11T00:38:59.3667170Z     cd /Users/runner/work/autobyteus-workspace/autobyteus-workspace/autobyteus-ios
Build And Test iOS App	Generate, build, and run implementation checks	2026-09-11T00:38:59.3668260Z     
Build And Test iOS App	Generate, build, and run implementation checks	2026-09-11T00:38:59.3669060Z     Entitlements:
Build And Test iOS App	Generate, build, and run implementation checks	2026-09-11T00:38:59.3669430Z     
Build And Test iOS App	Generate, build, and run implementation checks	2026-09-11T00:38:59.3670260Z     {
Build And Test iOS App	Generate, build, and run implementation checks	2026-09-11T00:38:59.3670600Z }
Build And Test iOS App	Generate, build, and run implementation checks	2026-09-11T00:38:59.3671110Z     
Build And Test iOS App	Generate, build, and run implementation checks	2026-09-11T00:38:59.3673140Z     builtin-productPackagingUtility /Users/runner/work/autobyteus-workspace/autobyteus-workspace/autobyteus-ios/AutoByteusMobile/AutoByteusMobile.entitlements -entitlements -format xml -o /Users/runner/Library/Developer/Xcode/DerivedData/AutoByteusMobile-cswwofbhrcnggmfwuxfpbtrwjhrw/Build/Intermediates.noindex/AutoByteusMobile.build/Debug-iphonesimulator/AutoByteusMobile.build/AutoByteus.app.xcent
Build And Test iOS App	Generate, build, and run implementation checks	2026-09-11T00:38:59.3675070Z 
Build And Test iOS App	Generate, build, and run implementation checks	2026-09-11T00:38:59.3678080Z ProcessProductPackagingDER /Users/runner/Library/Developer/Xcode/DerivedData/AutoByteusMobile-cswwofbhrcnggmfwuxfpbtrwjhrw/Build/Intermediates.noindex/AutoByteusMobile.build/Debug-iphonesimulator/AutoByteusMobile.build/AutoByteus.app.xcent /Users/runner/Library/Developer/Xcode/DerivedData/AutoByteusMobile-cswwofbhrcnggmfwuxfpbtrwjhrw/Build/Intermediates.noindex/AutoByteusMobile.build/Debug-iphonesimulator/AutoByteusMobile.build/AutoByteus.app.xcent.der (in target 'AutoByteusMobile' from project 'AutoByteusMobile')
Build And Test iOS App	Generate, build, and run implementation checks	2026-09-11T00:38:59.3680890Z     cd /Users/runner/work/autobyteus-workspace/autobyteus-workspace/autobyteus-ios
Build And Test iOS App	Generate, build, and run implementation checks	2026-09-11T00:38:59.3682980Z     /usr/bin/derq query -f xml -i /Users/runner/Library/Developer/Xcode/DerivedData/AutoByteusMobile-cswwofbhrcnggmfwuxfpbtrwjhrw/Build/Intermediates.noindex/AutoByteusMobile.build/Debug-iphonesimulator/AutoByteusMobile.build/AutoByteus.app.xcent -o /Users/runner/Library/Developer/Xcode/DerivedData/AutoByteusMobile-cswwofbhrcnggmfwuxfpbtrwjhrw/Build/Intermediates.noindex/AutoByteusMobile.build/Debug-iphonesimulator/AutoByteusMobile.build/AutoByteus.app.xcent.der --raw
Build And Test iOS App	Generate, build, and run implementation checks	2026-09-11T00:38:59.3687230Z 
Build And Test iOS App	Generate, build, and run implementation checks	2026-09-11T00:38:59.3988730Z ProcessProductPackaging "" /Users/runner/Library/Developer/Xcode/DerivedData/AutoByteusMobile-cswwofbhrcnggmfwuxfpbtrwjhrw/Build/Intermediates.noindex/AutoByteusMobile.build/Debug-iphonesimulator/AutoByteusMobileUITests.build/AutoByteusMobileUITests.xctest-Simulated.xcent (in target 'AutoByteusMobileUITests' from project 'AutoByteusMobile')
Build And Test iOS App	Generate, build, and run implementation checks	2026-09-11T00:38:59.4000010Z     cd /Users/runner/work/autobyteus-workspace/autobyteus-workspace/autobyteus-ios
Build And Test iOS App	Generate, build, and run implementation checks	2026-09-11T00:38:59.4000920Z     
Build And Test iOS App	Generate, build, and run implementation checks	2026-09-11T00:38:59.4001480Z     Entitlements:
Build And Test iOS App	Generate, build, and run implementation checks	2026-09-11T00:38:59.4001880Z     
Build And Test iOS App	Generate, build, and run implementation checks	2026-09-11T00:38:59.4002480Z     {
Build And Test iOS App	Generate, build, and run implementation checks	2026-09-11T00:38:59.4003250Z     "application-identifier" = "FAKETEAMID.org.autobyteus.mobile.ui-tests.xctrunner";
Build And Test iOS App	Generate, build, and run implementation checks	2026-09-11T00:38:59.4004130Z     "keychain-access-groups" =     (
Build And Test iOS App	Generate, build, and run implementation checks	2026-09-11T00:38:59.4004780Z         "FAKETEAMID.org.autobyteus.mobile.ui-tests.xctrunner"
Build And Test iOS App	Generate, build, and run implementation checks	2026-09-11T00:38:59.4005530Z     );
Build And Test iOS App	Generate, build, and run implementation checks	2026-09-11T00:38:59.4005890Z }
Build And Test iOS App	Generate, build, and run implementation checks	2026-09-11T00:38:59.4006310Z     
Build And Test iOS App	Generate, build, and run implementation checks	2026-09-11T00:38:59.4007800Z     builtin-productPackagingUtility -entitlements -format xml -o /Users/runner/Library/Developer/Xcode/DerivedData/AutoByteusMobile-cswwofbhrcnggmfwuxfpbtrwjhrw/Build/Intermediates.noindex/AutoByteusMobile.build/Debug-iphonesimulator/AutoByteusMobileUITests.build/AutoByteusMobileUITests.xctest-Simulated.xcent
Build And Test iOS App	Generate, build, and run implementation checks	2026-09-11T00:38:59.4009370Z 
Build And Test iOS App	Generate, build, and run implementation checks	2026-09-11T00:38:59.4011580Z ProcessProductPackagingDER /Users/runner/Library/Developer/Xcode/DerivedData/AutoByteusMobile-cswwofbhrcnggmfwuxfpbtrwjhrw/Build/Intermediates.noindex/AutoByteusMobile.build/Debug-iphonesimulator/AutoByteusMobileUITests.build/AutoByteusMobileUITests.xctest-Simulated.xcent /Users/runner/Library/Developer/Xcode/DerivedData/AutoByteusMobile-cswwofbhrcnggmfwuxfpbtrwjhrw/Build/Intermediates.noindex/AutoByteusMobile.build/Debug-iphonesimulator/AutoByteusMobileUITests.build/AutoByteusMobileUITests.xctest-Simulated.xcent.der (in target 'AutoByteusMobileUITests' from project 'AutoByteusMobile')
Build And Test iOS App	Generate, build, and run implementation checks	2026-09-11T00:38:59.4014130Z     cd /Users/runner/work/autobyteus-workspace/autobyteus-workspace/autobyteus-ios
Build And Test iOS App	Generate, build, and run implementation checks	2026-09-11T00:38:59.4016260Z     /usr/bin/derq query -f xml -i /Users/runner/Library/Developer/Xcode/DerivedData/AutoByteusMobile-cswwofbhrcnggmfwuxfpbtrwjhrw/Build/Intermediates.noindex/AutoByteusMobile.build/Debug-iphonesimulator/AutoByteusMobileUITests.build/AutoByteusMobileUITests.xctest-Simulated.xcent -o /Users/runner/Library/Developer/Xcode/DerivedData/AutoByteusMobile-cswwofbhrcnggmfwuxfpbtrwjhrw/Build/Intermediates.noindex/AutoByteusMobile.build/Debug-iphonesimulator/AutoByteusMobileUITests.build/AutoByteusMobileUITests.xctest-Simulated.xcent.der --raw
Build And Test iOS App	Generate, build, and run implementation checks	2026-09-11T00:38:59.4058040Z 
Build And Test iOS App	Generate, build, and run implementation checks	2026-09-11T00:38:59.4087450Z ProcessInfoPlistFile /Users/runner/Library/Developer/Xcode/DerivedData/AutoByteusMobile-cswwofbhrcnggmfwuxfpbtrwjhrw/Build/Products/Debug-iphonesimulator/AutoByteus\ Share.appex/Info.plist /Users/runner/work/autobyteus-workspace/autobyteus-workspace/autobyteus-ios/AutoByteusMobileShareExtension/Info.plist (in target 'AutoByteusMobileShareExtension' from project 'AutoByteusMobile')
Build And Test iOS App	Generate, build, and run implementation checks	2026-09-11T00:38:59.4089820Z     cd /Users/runner/work/autobyteus-workspace/autobyteus-workspace/autobyteus-ios
Build And Test iOS App	Generate, build, and run implementation checks	2026-09-11T00:38:59.4091620Z     builtin-infoPlistUtility /Users/runner/work/autobyteus-workspace/autobyteus-workspace/autobyteus-ios/AutoByteusMobileShareExtension/Info.plist -producttype com.apple.product-type.app-extension -expandbuildsettings -format binary -platform iphonesimulator -o /Users/runner/Library/Developer/Xcode/DerivedData/AutoByteusMobile-cswwofbhrcnggmfwuxfpbtrwjhrw/Build/Products/Debug-iphonesimulator/AutoByteus\ Share.appex/Info.plist
Build And Test iOS App	Generate, build, and run implementation checks	2026-09-11T00:38:59.4216240Z 
Build And Test iOS App	Generate, build, and run implementation checks	2026-09-11T00:38:59.4232380Z Ld /Users/runner/Library/Developer/Xcode/DerivedData/AutoByteusMobile-cswwofbhrcnggmfwuxfpbtrwjhrw/Build/Products/Debug-iphonesimulator/AutoByteus\ Share.appex/AutoByteus\ Share.debug.dylib normal (in target 'AutoByteusMobileShareExtension' from project 'AutoByteusMobile')
Build And Test iOS App	Generate, build, and run implementation checks	2026-09-11T00:38:59.4234400Z     cd /Users/runner/work/autobyteus-workspace/autobyteus-workspace/autobyteus-ios
Build And Test iOS App	Generate, build, and run implementation checks	2026-09-11T00:38:59.4271160Z     /Applications/Xcode_26.3.app/Contents/Developer/Toolchains/XcodeDefault.xctoolchain/usr/bin/clang -Xlinker -reproducible -target arm64-apple-ios17.0-simulator -dynamiclib -isysroot /Applications/Xcode_26.3.app/Contents/Developer/Platforms/iPhoneSimulator.platform/Developer/SDKs/iPhoneSimulator26.2.sdk -O0 -L/Users/runner/Library/Developer/Xcode/DerivedData/AutoByteusMobile-cswwofbhrcnggmfwuxfpbtrwjhrw/Build/Intermediates.noindex/EagerLinkingTBDs/Debug-iphonesimulator -L/Users/runner/Library/Developer/Xcode/DerivedData/AutoByteusMobile-cswwofbhrcnggmfwuxfpbtrwjhrw/Build/Products/Debug-iphonesimulator -F/Users/runner/Library/Developer/Xcode/DerivedData/AutoByteusMobile-cswwofbhrcnggmfwuxfpbtrwjhrw/Build/Intermediates.noindex/EagerLinkingTBDs/Debug-iphonesimulator -F/Users/runner/Library/Developer/Xcode/DerivedData/AutoByteusMobile-cswwofbhrcnggmfwuxfpbtrwjhrw/Build/Products/Debug-iphonesimulator -filelist /Users/runner/Library/Developer/Xcode/DerivedData/AutoByteusMobile-cswwofbhrcnggmfwuxfpbtrwjhrw/Build/Intermediates.noindex/AutoByteusMobile.build/Debug-iphonesimulator/AutoByteusMobileShareExtension.build/Objects-normal/arm64/AutoByteus\ Share.LinkFileList -install_name @rpath/AutoByteus\ Share.debug.dylib -Xlinker -rpath -Xlinker /usr/lib/swift -Xlinker -rpath -Xlinker @executable_path/Frameworks -Xlinker -rpath -Xlinker @executable_path/../../Frameworks -dead_strip -Xlinker -object_path_lto -Xlinker /Users/runner/Library/Developer/Xcode/DerivedData/AutoByteusMobile-cswwofbhrcnggmfwuxfpbtrwjhrw/Build/Intermediates.noindex/AutoByteusMobile.build/Debug-iphonesimulator/AutoByteusMobileShareExtension.build/Objects-normal/arm64/AutoByteus\ Share_lto.o -rdynamic -Xlinker -no_deduplicate -Xlinker -objc_abi_version -Xlinker 2 -Xlinker -dependency_info -Xlinker /Users/runner/Library/Developer/Xcode/DerivedData/AutoByteusMobile-cswwofbhrcnggmfwuxfpbtrwjhrw/Build/Intermediates.noindex/AutoByteusMobile.build/Debug-iphonesimulator/AutoByteusMobileShareExtension.build/Objects-normal/arm64/AutoByteus\ Share_dependency_info.dat -fapplication-extension -fobjc-link-runtime -L/Applications/Xcode_26.3.app/Contents/Developer/Toolchains/XcodeDefault.xctoolchain/usr/lib/swift/iphonesimulator -L/usr/lib/swift -Xlinker -add_ast_path -Xlinker /Users/runner/Library/Developer/Xcode/DerivedData/AutoByteusMobile-cswwofbhrcnggmfwuxfpbtrwjhrw/Build/Intermediates.noindex/AutoByteusMobile.build/Debug-iphonesimulator/AutoByteusMobileShareExtension.build/Objects-normal/arm64/AutoByteus_Share.swiftmodule @/Users/runner/Library/Developer/Xcode/DerivedData/AutoByteusMobile-cswwofbhrcnggmfwuxfpbtrwjhrw/Build/Intermediates.noindex/AutoByteusMobile.build/Debug-iphonesimulator/AutoByteusMobileShareExtension.build/Objects-normal/arm64/AutoByteus_Share-linker-args.resp -Xlinker -alias -Xlinker _NSExtensionMain -Xlinker ___debug_main_executable_dylib_entry_point -framework AutoByteusMobileCore -Xlinker -no_adhoc_codesign -o /Users/runner/Library/Developer/Xcode/DerivedData/AutoByteusMobile-cswwofbhrcnggmfwuxfpbtrwjhrw/Build/Products/Debug-iphonesimulator/AutoByteus\ Share.appex/AutoByteus\ Share.debug.dylib
Build And Test iOS App	Generate, build, and run implementation checks	2026-09-11T00:39:00.5227710Z 
Build And Test iOS App	Generate, build, and run implementation checks	2026-09-11T00:39:00.5589820Z ConstructStubExecutorLinkFileList /Users/runner/Library/Developer/Xcode/DerivedData/AutoByteusMobile-cswwofbhrcnggmfwuxfpbtrwjhrw/Build/Intermediates.noindex/AutoByteusMobile.build/Debug-iphonesimulator/AutoByteusMobileShareExtension.build/AutoByteus\ Share-ExecutorLinkFileList-normal-arm64.txt (in target 'AutoByteusMobileShareExtension' from project 'AutoByteusMobile')
Build And Test iOS App	Generate, build, and run implementation checks	2026-09-11T00:39:00.5732340Z     cd /Users/runner/work/autobyteus-workspace/autobyteus-workspace/autobyteus-ios
Build And Test iOS App	Generate, build, and run implementation checks	2026-09-11T00:39:00.5867410Z     construct-stub-executor-link-file-list /Users/runner/Library/Developer/Xcode/DerivedData/AutoByteusMobile-cswwofbhrcnggmfwuxfpbtrwjhrw/Build/Products/Debug-iphonesimulator/AutoByteus\ Share.appex/AutoByteus\ Share.debug.dylib /Applications/Xcode_26.3.app/Contents/Developer/Platforms/iPhoneSimulator.platform/Developer/usr/lib/libPreviewsJITStubExecutor_no_swift_entry_point.a /Applications/Xcode_26.3.app/Contents/Developer/Platforms/iPhoneSimulator.platform/Developer/usr/lib/libPreviewsJITStubExecutor.a --output /Users/runner/Library/Developer/Xcode/DerivedData/AutoByteusMobile-cswwofbhrcnggmfwuxfpbtrwjhrw/Build/Intermediates.noindex/AutoByteusMobile.build/Debug-iphonesimulator/AutoByteusMobileShareExtension.build/AutoByteus\ Share-ExecutorLinkFileList-normal-arm64.txt
Build And Test iOS App	Generate, build, and run implementation checks	2026-09-11T00:39:00.5941340Z note: Using stub executor library without Swift entry point. (in target 'AutoByteusMobileShareExtension' from project 'AutoByteusMobile')
Build And Test iOS App	Generate, build, and run implementation checks	2026-09-11T00:39:00.6102730Z 
Build And Test iOS App	Generate, build, and run implementation checks	2026-09-11T00:39:00.6219720Z Ld /Users/runner/Library/Developer/Xcode/DerivedData/AutoByteusMobile-cswwofbhrcnggmfwuxfpbtrwjhrw/Build/Products/Debug-iphonesimulator/AutoByteus\ Share.appex/AutoByteus\ Share normal (in target 'AutoByteusMobileShareExtension' from project 'AutoByteusMobile')
Build And Test iOS App	Generate, build, and run implementation checks	2026-09-11T00:39:00.6225910Z     cd /Users/runner/work/autobyteus-workspace/autobyteus-workspace/autobyteus-ios
Build And Test iOS App	Generate, build, and run implementation checks	2026-09-11T00:39:00.6349280Z     /Applications/Xcode_26.3.app/Contents/Developer/Toolchains/XcodeDefault.xctoolchain/usr/bin/clang -Xlinker -reproducible -target arm64-apple-ios17.0-simulator -isysroot /Applications/Xcode_26.3.app/Contents/Developer/Platforms/iPhoneSimulator.platform/Developer/SDKs/iPhoneSimulator26.2.sdk -O0 -L/Users/runner/Library/Developer/Xcode/DerivedData/AutoByteusMobile-cswwofbhrcnggmfwuxfpbtrwjhrw/Build/Products/Debug-iphonesimulator -F/Users/runner/Library/Developer/Xcode/DerivedData/AutoByteusMobile-cswwofbhrcnggmfwuxfpbtrwjhrw/Build/Products/Debug-iphonesimulator -Xlinker -rpath -Xlinker @executable_path -Xlinker -rpath -Xlinker @executable_path/Frameworks -Xlinker -rpath -Xlinker @executable_path/../../Frameworks -rdynamic -Xlinker -no_deduplicate -Xlinker -objc_abi_version -Xlinker 2 -e ___debug_blank_executor_main -Xlinker -sectcreate -Xlinker __TEXT -Xlinker __debug_dylib -Xlinker /Users/runner/Library/Developer/Xcode/DerivedData/AutoByteusMobile-cswwofbhrcnggmfwuxfpbtrwjhrw/Build/Intermediates.noindex/AutoByteusMobile.build/Debug-iphonesimulator/AutoByteusMobileShareExtension.build/AutoByteus\ Share-DebugDylibPath-normal-arm64.txt -Xlinker -sectcreate -Xlinker __TEXT -Xlinker __debug_entry -Xlinker /Users/runner/Library/Developer/Xcode/DerivedData/AutoByteusMobile-cswwofbhrcnggmfwuxfpbtrwjhrw/Build/Intermediates.noindex/AutoByteusMobile.build/Debug-iphonesimulator/AutoByteusMobileShareExtension.build/AutoByteus\ Share-DebugEntryPoint-normal-arm64.txt -Xlinker -sectcreate -Xlinker __TEXT -Xlinker __debug_instlnm -Xlinker /Users/runner/Library/Developer/Xcode/DerivedData/AutoByteusMobile-cswwofbhrcnggmfwuxfpbtrwjhrw/Build/Intermediates.noindex/AutoByteusMobile.build/Debug-iphonesimulator/AutoByteusMobileShareExtension.build/AutoByteus\ Share-DebugDylibInstallName-normal-arm64.txt -Xlinker -filelist -Xlinker /Users/runner/Library/Developer/Xcode/DerivedData/AutoByteusMobile-cswwofbhrcnggmfwuxfpbtrwjhrw/Build/Intermediates.noindex/AutoByteusMobile.build/Debug-iphonesimulator/AutoByteusMobileShareExtension.build/AutoByteus\ Share-ExecutorLinkFileList-normal-arm64.txt -Xlinker -sectcreate -Xlinker __TEXT -Xlinker __entitlements -Xlinker /Users/runner/Library/Developer/Xcode/DerivedData/AutoByteusMobile-cswwofbhrcnggmfwuxfpbtrwjhrw/Build/Intermediates.noindex/AutoByteusMobile.build/Debug-iphonesimulator/AutoByteusMobileShareExtension.build/AutoByteus\ Share.appex-Simulated.xcent -Xlinker -sectcreate -Xlinker __TEXT -Xlinker __ents_der -Xlinker /Users/runner/Library/Developer/Xcode/DerivedData/AutoByteusMobile-cswwofbhrcnggmfwuxfpbtrwjhrw/Build/Intermediates.noindex/AutoByteusMobile.build/Debug-iphonesimulator/AutoByteusMobileShareExtension.build/AutoByteus\ Share.appex-Simulated.xcent.der /Users/runner/Library/Developer/Xcode/DerivedData/AutoByteusMobile-cswwofbhrcnggmfwuxfpbtrwjhrw/Build/Products/Debug-iphonesimulator/AutoByteus\ Share.appex/AutoByteus\ Share.debug.dylib -Xlinker -no_adhoc_codesign -o /Users/runner/Library/Developer/Xcode/DerivedData/AutoByteusMobile-cswwofbhrcnggmfwuxfpbtrwjhrw/Build/Products/Debug-iphonesimulator/AutoByteus\ Share.appex/AutoByteus\ Share
Build And Test iOS App	Generate, build, and run implementation checks	2026-09-11T00:39:00.7419090Z 
Build And Test iOS App	Generate, build, and run implementation checks	2026-09-11T00:39:00.7428790Z ExtractAppIntentsMetadata (in target 'AutoByteusMobileShareExtension' from project 'AutoByteusMobile')
Build And Test iOS App	Generate, build, and run implementation checks	2026-09-11T00:39:00.7431400Z     cd /Users/runner/work/autobyteus-workspace/autobyteus-workspace/autobyteus-ios
Build And Test iOS App	Generate, build, and run implementation checks	2026-09-11T00:39:00.7467810Z     /Applications/Xcode_26.3.app/Contents/Developer/Toolchains/XcodeDefault.xctoolchain/usr/bin/appintentsmetadataprocessor --toolchain-dir /var/run/com.apple.security.cryptexd/mnt/com.apple.MobileAsset.MetalToolchain-v17.3.7003.10.eFrmP5/Metal.xctoolchain --module-name AutoByteus_Share --sdk-root /Applications/Xcode_26.3.app/Contents/Developer/Platforms/iPhoneSimulator.platform/Developer/SDKs/iPhoneSimulator26.2.sdk --xcode-version 17C529 --platform-family iOS --deployment-target 17.0 --bundle-identifier org.autobyteus.mobile.share --output /Users/runner/Library/Developer/Xcode/DerivedData/AutoByteusMobile-cswwofbhrcnggmfwuxfpbtrwjhrw/Build/Products/Debug-iphonesimulator/AutoByteus\ Share.appex --target-triple arm64-apple-ios17.0-simulator --binary-file /Users/runner/Library/Developer/Xcode/DerivedData/AutoByteusMobile-cswwofbhrcnggmfwuxfpbtrwjhrw/Build/Products/Debug-iphonesimulator/AutoByteus\ Share.appex/AutoByteus\ Share --dependency-file /Users/runner/Library/Developer/Xcode/DerivedData/AutoByteusMobile-cswwofbhrcnggmfwuxfpbtrwjhrw/Build/Intermediates.noindex/AutoByteusMobile.build/Debug-iphonesimulator/AutoByteusMobileShareExtension.build/Objects-normal/arm64/AutoByteus\ Share_dependency_info.dat --stringsdata-file /Users/runner/Library/Developer/Xcode/DerivedData/AutoByteusMobile-cswwofbhrcnggmfwuxfpbtrwjhrw/Build/Intermediates.noindex/AutoByteusMobile.build/Debug-iphonesimulator/AutoByteusMobileShareExtension.build/Objects-normal/arm64/ExtractedAppShortcutsMetadata.stringsdata --source-file-list /Users/runner/Library/Developer/Xcode/DerivedData/AutoByteusMobile-cswwofbhrcnggmfwuxfpbtrwjhrw/Build/Intermediates.noindex/AutoByteusMobile.build/Debug-iphonesimulator/AutoByteusMobileShareExtension.build/Objects-normal/arm64/AutoByteus\ Share.SwiftFileList --metadata-file-list /Users/runner/Library/Developer/Xcode/DerivedData/AutoByteusMobile-cswwofbhrcnggmfwuxfpbtrwjhrw/Build/Intermediates.noindex/AutoByteusMobile.build/Debug-iphonesimulator/AutoByteusMobileShareExtension.build/AutoByteus\ Share.DependencyMetadataFileList --static-metadata-file-list /Users/runner/Library/Developer/Xcode/DerivedData/AutoByteusMobile-cswwofbhrcnggmfwuxfpbtrwjhrw/Build/Intermediates.noindex/AutoByteusMobile.build/Debug-iphonesimulator/AutoByteusMobileShareExtension.build/AutoByteus\ Share.DependencyStaticMetadataFileList --swift-const-vals-list /Users/runner/Library/Developer/Xcode/DerivedData/AutoByteusMobile-cswwofbhrcnggmfwuxfpbtrwjhrw/Build/Intermediates.noindex/AutoByteusMobile.build/Debug-iphonesimulator/AutoByteusMobileShareExtension.build/Objects-normal/arm64/AutoByteus\ Share.SwiftConstValuesFileList --compile-time-extraction --deployment-aware-processing --validate-assistant-intents --no-app-shortcuts-localization
Build And Test iOS App	Generate, build, and run implementation checks	2026-09-11T00:39:01.1009960Z 2026-09-11 00:39:01.086 appintentsmetadataprocessor[7818:29988] Starting appintentsmetadataprocessor export
Build And Test iOS App	Generate, build, and run implementation checks	2026-09-11T00:39:01.1015500Z 2026-09-11 00:39:01.095 appintentsmetadataprocessor[7818:29988] warning: Metadata extraction skipped. No AppIntents.framework dependency found.
Build And Test iOS App	Generate, build, and run implementation checks	2026-09-11T00:39:01.1016360Z 
Build And Test iOS App	Generate, build, and run implementation checks	2026-09-11T00:39:01.1022330Z CodeSign /Users/runner/Library/Developer/Xcode/DerivedData/AutoByteusMobile-cswwofbhrcnggmfwuxfpbtrwjhrw/Build/Products/Debug-iphonesimulator/AutoByteus\ Share.appex/AutoByteus\ Share.debug.dylib (in target 'AutoByteusMobileShareExtension' from project 'AutoByteusMobile')
Build And Test iOS App	Generate, build, and run implementation checks	2026-09-11T00:39:01.1026350Z     cd /Users/runner/work/autobyteus-workspace/autobyteus-workspace/autobyteus-ios
Build And Test iOS App	Generate, build, and run implementation checks	2026-09-11T00:39:01.1027760Z     
Build And Test iOS App	Generate, build, and run implementation checks	2026-09-11T00:39:01.1029040Z     Signing Identity:     "Sign to Run Locally"
Build And Test iOS App	Generate, build, and run implementation checks	2026-09-11T00:39:01.1031040Z     
Build And Test iOS App	Generate, build, and run implementation checks	2026-09-11T00:39:01.1033610Z     /usr/bin/codesign --force --sign - --timestamp\=none --generate-entitlement-der /Users/runner/Library/Developer/Xcode/DerivedData/AutoByteusMobile-cswwofbhrcnggmfwuxfpbtrwjhrw/Build/Products/Debug-iphonesimulator/AutoByteus\ Share.appex/AutoByteus\ Share.debug.dylib
Build And Test iOS App	Generate, build, and run implementation checks	2026-09-11T00:39:01.1544720Z 
Build And Test iOS App	Generate, build, and run implementation checks	2026-09-11T00:39:01.1550160Z CodeSign /Users/runner/Library/Developer/Xcode/DerivedData/AutoByteusMobile-cswwofbhrcnggmfwuxfpbtrwjhrw/Build/Products/Debug-iphonesimulator/AutoByteus\ Share.appex (in target 'AutoByteusMobileShareExtension' from project 'AutoByteusMobile')
Build And Test iOS App	Generate, build, and run implementation checks	2026-09-11T00:39:01.1551860Z     cd /Users/runner/work/autobyteus-workspace/autobyteus-workspace/autobyteus-ios
Build And Test iOS App	Generate, build, and run implementation checks	2026-09-11T00:39:01.1552820Z     
Build And Test iOS App	Generate, build, and run implementation checks	2026-09-11T00:39:01.1553420Z     Signing Identity:     "Sign to Run Locally"
Build And Test iOS App	Generate, build, and run implementation checks	2026-09-11T00:39:01.1553930Z     
Build And Test iOS App	Generate, build, and run implementation checks	2026-09-11T00:39:01.1555770Z     /usr/bin/codesign --force --sign - --entitlements /Users/runner/Library/Developer/Xcode/DerivedData/AutoByteusMobile-cswwofbhrcnggmfwuxfpbtrwjhrw/Build/Intermediates.noindex/AutoByteusMobile.build/Debug-iphonesimulator/AutoByteusMobileShareExtension.build/AutoByteus\ Share.appex.xcent --timestamp\=none --generate-entitlement-der /Users/runner/Library/Developer/Xcode/DerivedData/AutoByteusMobile-cswwofbhrcnggmfwuxfpbtrwjhrw/Build/Products/Debug-iphonesimulator/AutoByteus\ Share.appex
Build And Test iOS App	Generate, build, and run implementation checks	2026-09-11T00:39:01.1875170Z 
Build And Test iOS App	Generate, build, and run implementation checks	2026-09-11T00:39:01.1955610Z Ld /Users/runner/Library/Developer/Xcode/DerivedData/AutoByteusMobile-cswwofbhrcnggmfwuxfpbtrwjhrw/Build/Products/Debug-iphonesimulator/AutoByteus.app/AutoByteus.debug.dylib normal (in target 'AutoByteusMobile' from project 'AutoByteusMobile')
Build And Test iOS App	Generate, build, and run implementation checks	2026-09-11T00:39:01.1957460Z     cd /Users/runner/work/autobyteus-workspace/autobyteus-workspace/autobyteus-ios
Build And Test iOS App	Generate, build, and run implementation checks	2026-09-11T00:39:01.1981310Z     /Applications/Xcode_26.3.app/Contents/Developer/Toolchains/XcodeDefault.xctoolchain/usr/bin/clang -Xlinker -reproducible -target arm64-apple-ios17.0-simulator -dynamiclib -isysroot /Applications/Xcode_26.3.app/Contents/Developer/Platforms/iPhoneSimulator.platform/Developer/SDKs/iPhoneSimulator26.2.sdk -O0 -L/Users/runner/Library/Developer/Xcode/DerivedData/AutoByteusMobile-cswwofbhrcnggmfwuxfpbtrwjhrw/Build/Intermediates.noindex/EagerLinkingTBDs/Debug-iphonesimulator -L/Users/runner/Library/Developer/Xcode/DerivedData/AutoByteusMobile-cswwofbhrcnggmfwuxfpbtrwjhrw/Build/Products/Debug-iphonesimulator -F/Users/runner/Library/Developer/Xcode/DerivedData/AutoByteusMobile-cswwofbhrcnggmfwuxfpbtrwjhrw/Build/Intermediates.noindex/EagerLinkingTBDs/Debug-iphonesimulator -F/Users/runner/Library/Developer/Xcode/DerivedData/AutoByteusMobile-cswwofbhrcnggmfwuxfpbtrwjhrw/Build/Products/Debug-iphonesimulator -filelist /Users/runner/Library/Developer/Xcode/DerivedData/AutoByteusMobile-cswwofbhrcnggmfwuxfpbtrwjhrw/Build/Intermediates.noindex/AutoByteusMobile.build/Debug-iphonesimulator/AutoByteusMobile.build/Objects-normal/arm64/AutoByteus.LinkFileList -install_name @rpath/AutoByteus.debug.dylib -Xlinker -rpath -Xlinker /usr/lib/swift -Xlinker -rpath -Xlinker @executable_path/Frameworks -dead_strip -Xlinker -object_path_lto -Xlinker /Users/runner/Library/Developer/Xcode/DerivedData/AutoByteusMobile-cswwofbhrcnggmfwuxfpbtrwjhrw/Build/Intermediates.noindex/AutoByteusMobile.build/Debug-iphonesimulator/AutoByteusMobile.build/Objects-normal/arm64/AutoByteus_lto.o -rdynamic -Xlinker -no_deduplicate -Xlinker -objc_abi_version -Xlinker 2 -Xlinker -dependency_info -Xlinker /Users/runner/Library/Developer/Xcode/DerivedData/AutoByteusMobile-cswwofbhrcnggmfwuxfpbtrwjhrw/Build/Intermediates.noindex/AutoByteusMobile.build/Debug-iphonesimulator/AutoByteusMobile.build/Objects-normal/arm64/AutoByteus_dependency_info.dat -fobjc-link-runtime -L/Applications/Xcode_26.3.app/Contents/Developer/Toolchains/XcodeDefault.xctoolchain/usr/lib/swift/iphonesimulator -L/usr/lib/swift -Xlinker -add_ast_path -Xlinker /Users/runner/Library/Developer/Xcode/DerivedData/AutoByteusMobile-cswwofbhrcnggmfwuxfpbtrwjhrw/Build/Intermediates.noindex/AutoByteusMobile.build/Debug-iphonesimulator/AutoByteusMobile.build/Objects-normal/arm64/AutoByteus.swiftmodule @/Users/runner/Library/Developer/Xcode/DerivedData/AutoByteusMobile-cswwofbhrcnggmfwuxfpbtrwjhrw/Build/Intermediates.noindex/AutoByteusMobile.build/Debug-iphonesimulator/AutoByteusMobile.build/Objects-normal/arm64/AutoByteus-linker-args.resp -Xlinker -alias -Xlinker _main -Xlinker ___debug_main_executable_dylib_entry_point -framework AutoByteusMobileCore -Xlinker -no_adhoc_codesign -o /Users/runner/Library/Developer/Xcode/DerivedData/AutoByteusMobile-cswwofbhrcnggmfwuxfpbtrwjhrw/Build/Products/Debug-iphonesimulator/AutoByteus.app/AutoByteus.debug.dylib
Build And Test iOS App	Generate, build, and run implementation checks	2026-09-11T00:39:01.8661990Z 
Build And Test iOS App	Generate, build, and run implementation checks	2026-09-11T00:39:01.8695420Z ConstructStubExecutorLinkFileList /Users/runner/Library/Developer/Xcode/DerivedData/AutoByteusMobile-cswwofbhrcnggmfwuxfpbtrwjhrw/Build/Intermediates.noindex/AutoByteusMobile.build/Debug-iphonesimulator/AutoByteusMobile.build/AutoByteus-ExecutorLinkFileList-normal-arm64.txt (in target 'AutoByteusMobile' from project 'AutoByteusMobile')
Build And Test iOS App	Generate, build, and run implementation checks	2026-09-11T00:39:01.8697590Z     cd /Users/runner/work/autobyteus-workspace/autobyteus-workspace/autobyteus-ios
Build And Test iOS App	Generate, build, and run implementation checks	2026-09-11T00:39:01.8702050Z     construct-stub-executor-link-file-list /Users/runner/Library/Developer/Xcode/DerivedData/AutoByteusMobile-cswwofbhrcnggmfwuxfpbtrwjhrw/Build/Products/Debug-iphonesimulator/AutoByteus.app/AutoByteus.debug.dylib /Applications/Xcode_26.3.app/Contents/Developer/Platforms/iPhoneSimulator.platform/Developer/usr/lib/libPreviewsJITStubExecutor_no_swift_entry_point.a /Applications/Xcode_26.3.app/Contents/Developer/Platforms/iPhoneSimulator.platform/Developer/usr/lib/libPreviewsJITStubExecutor.a --output /Users/runner/Library/Developer/Xcode/DerivedData/AutoByteusMobile-cswwofbhrcnggmfwuxfpbtrwjhrw/Build/Intermediates.noindex/AutoByteusMobile.build/Debug-iphonesimulator/AutoByteusMobile.build/AutoByteus-ExecutorLinkFileList-normal-arm64.txt
Build And Test iOS App	Generate, build, and run implementation checks	2026-09-11T00:39:01.8705990Z note: Using stub executor library with Swift entry point. (in target 'AutoByteusMobile' from project 'AutoByteusMobile')
Build And Test iOS App	Generate, build, and run implementation checks	2026-09-11T00:39:01.8708570Z 
Build And Test iOS App	Generate, build, and run implementation checks	2026-09-11T00:39:01.8711070Z Ld /Users/runner/Library/Developer/Xcode/DerivedData/AutoByteusMobile-cswwofbhrcnggmfwuxfpbtrwjhrw/Build/Products/Debug-iphonesimulator/AutoByteus.app/AutoByteus normal (in target 'AutoByteusMobile' from project 'AutoByteusMobile')
Build And Test iOS App	Generate, build, and run implementation checks	2026-09-11T00:39:01.8714490Z     cd /Users/runner/work/autobyteus-workspace/autobyteus-workspace/autobyteus-ios
Build And Test iOS App	Generate, build, and run implementation checks	2026-09-11T00:39:01.8731820Z     /Applications/Xcode_26.3.app/Contents/Developer/Toolchains/XcodeDefault.xctoolchain/usr/bin/clang -Xlinker -reproducible -target arm64-apple-ios17.0-simulator -isysroot /Applications/Xcode_26.3.app/Contents/Developer/Platforms/iPhoneSimulator.platform/Developer/SDKs/iPhoneSimulator26.2.sdk -O0 -L/Users/runner/Library/Developer/Xcode/DerivedData/AutoByteusMobile-cswwofbhrcnggmfwuxfpbtrwjhrw/Build/Products/Debug-iphonesimulator -F/Users/runner/Library/Developer/Xcode/DerivedData/AutoByteusMobile-cswwofbhrcnggmfwuxfpbtrwjhrw/Build/Products/Debug-iphonesimulator -Xlinker -rpath -Xlinker @executable_path -Xlinker -rpath -Xlinker @executable_path/Frameworks -rdynamic -Xlinker -no_deduplicate -Xlinker -objc_abi_version -Xlinker 2 -e ___debug_blank_executor_main -Xlinker -sectcreate -Xlinker __TEXT -Xlinker __debug_dylib -Xlinker /Users/runner/Library/Developer/Xcode/DerivedData/AutoByteusMobile-cswwofbhrcnggmfwuxfpbtrwjhrw/Build/Intermediates.noindex/AutoByteusMobile.build/Debug-iphonesimulator/AutoByteusMobile.build/AutoByteus-DebugDylibPath-normal-arm64.txt -Xlinker -sectcreate -Xlinker __TEXT -Xlinker __debug_instlnm -Xlinker /Users/runner/Library/Developer/Xcode/DerivedData/AutoByteusMobile-cswwofbhrcnggmfwuxfpbtrwjhrw/Build/Intermediates.noindex/AutoByteusMobile.build/Debug-iphonesimulator/AutoByteusMobile.build/AutoByteus-DebugDylibInstallName-normal-arm64.txt -Xlinker -filelist -Xlinker /Users/runner/Library/Developer/Xcode/DerivedData/AutoByteusMobile-cswwofbhrcnggmfwuxfpbtrwjhrw/Build/Intermediates.noindex/AutoByteusMobile.build/Debug-iphonesimulator/AutoByteusMobile.build/AutoByteus-ExecutorLinkFileList-normal-arm64.txt -Xlinker -sectcreate -Xlinker __TEXT -Xlinker __entitlements -Xlinker /Users/runner/Library/Developer/Xcode/DerivedData/AutoByteusMobile-cswwofbhrcnggmfwuxfpbtrwjhrw/Build/Intermediates.noindex/AutoByteusMobile.build/Debug-iphonesimulator/AutoByteusMobile.build/AutoByteus.app-Simulated.xcent -Xlinker -sectcreate -Xlinker __TEXT -Xlinker __ents_der -Xlinker /Users/runner/Library/Developer/Xcode/DerivedData/AutoByteusMobile-cswwofbhrcnggmfwuxfpbtrwjhrw/Build/Intermediates.noindex/AutoByteusMobile.build/Debug-iphonesimulator/AutoByteusMobile.build/AutoByteus.app-Simulated.xcent.der /Users/runner/Library/Developer/Xcode/DerivedData/AutoByteusMobile-cswwofbhrcnggmfwuxfpbtrwjhrw/Build/Products/Debug-iphonesimulator/AutoByteus.app/AutoByteus.debug.dylib -Xlinker -no_adhoc_codesign -o /Users/runner/Library/Developer/Xcode/DerivedData/AutoByteusMobile-cswwofbhrcnggmfwuxfpbtrwjhrw/Build/Products/Debug-iphonesimulator/AutoByteus.app/AutoByteus
Build And Test iOS App	Generate, build, and run implementation checks	2026-09-11T00:39:01.9207390Z 
Build And Test iOS App	Generate, build, and run implementation checks	2026-09-11T00:39:01.9213930Z Copy /Users/runner/Library/Developer/Xcode/DerivedData/AutoByteusMobile-cswwofbhrcnggmfwuxfpbtrwjhrw/Build/Products/Debug-iphonesimulator/AutoByteus.app/PlugIns/AutoByteus\ Share.appex /Users/runner/Library/Developer/Xcode/DerivedData/AutoByteusMobile-cswwofbhrcnggmfwuxfpbtrwjhrw/Build/Products/Debug-iphonesimulator/AutoByteus\ Share.appex (in target 'AutoByteusMobile' from project 'AutoByteusMobile')
Build And Test iOS App	Generate, build, and run implementation checks	2026-09-11T00:39:01.9215950Z     cd /Users/runner/work/autobyteus-workspace/autobyteus-workspace/autobyteus-ios
Build And Test iOS App	Generate, build, and run implementation checks	2026-09-11T00:39:01.9218470Z     builtin-copy -exclude .DS_Store -exclude CVS -exclude .svn -exclude .git -exclude .hg -exclude Headers -exclude PrivateHeaders -exclude Modules -exclude \*.tbd -resolve-src-symlinks -remove-static-executable /Users/runner/Library/Developer/Xcode/DerivedData/AutoByteusMobile-cswwofbhrcnggmfwuxfpbtrwjhrw/Build/Products/Debug-iphonesimulator/AutoByteus\ Share.appex /Users/runner/Library/Developer/Xcode/DerivedData/AutoByteusMobile-cswwofbhrcnggmfwuxfpbtrwjhrw/Build/Products/Debug-iphonesimulator/AutoByteus.app/PlugIns
Build And Test iOS App	Generate, build, and run implementation checks	2026-09-11T00:39:01.9473530Z 
Build And Test iOS App	Generate, build, and run implementation checks	2026-09-11T00:39:01.9478910Z ProcessInfoPlistFile /Users/runner/Library/Developer/Xcode/DerivedData/AutoByteusMobile-cswwofbhrcnggmfwuxfpbtrwjhrw/Build/Products/Debug-iphonesimulator/AutoByteus.app/Info.plist /Users/runner/work/autobyteus-workspace/autobyteus-workspace/autobyteus-ios/AutoByteusMobile/Info.plist (in target 'AutoByteusMobile' from project 'AutoByteusMobile')
Build And Test iOS App	Generate, build, and run implementation checks	2026-09-11T00:39:01.9480690Z     cd /Users/runner/work/autobyteus-workspace/autobyteus-workspace/autobyteus-ios
Build And Test iOS App	Generate, build, and run implementation checks	2026-09-11T00:39:01.9485140Z     builtin-infoPlistUtility /Users/runner/work/autobyteus-workspace/autobyteus-workspace/autobyteus-ios/AutoByteusMobile/Info.plist -producttype com.apple.product-type.application -genpkginfo /Users/runner/Library/Developer/Xcode/DerivedData/AutoByteusMobile-cswwofbhrcnggmfwuxfpbtrwjhrw/Build/Products/Debug-iphonesimulator/AutoByteus.app/PkgInfo -expandbuildsettings -format binary -platform iphonesimulator -additionalcontentfile /Users/runner/Library/Developer/Xcode/DerivedData/AutoByteusMobile-cswwofbhrcnggmfwuxfpbtrwjhrw/Build/Intermediates.noindex/AutoByteusMobile.build/Debug-iphonesimulator/AutoByteusMobile.build/assetcatalog_generated_info.plist -scanforprivacyfile /Users/runner/Library/Developer/Xcode/DerivedData/AutoByteusMobile-cswwofbhrcnggmfwuxfpbtrwjhrw/Build/Products/Debug-iphonesimulator/AutoByteus.app/Frameworks/AutoByteusMobileCore.framework -scanforprivacyfile /Users/runner/Library/Developer/Xcode/DerivedData/AutoByteusMobile-cswwofbhrcnggmfwuxfpbtrwjhrw/Build/Products/Debug-iphonesimulator/AutoByteus.app/PlugIns/AutoByteus\ Share.appex -o /Users/runner/Library/Developer/Xcode/DerivedData/AutoByteusMobile-cswwofbhrcnggmfwuxfpbtrwjhrw/Build/Products/Debug-iphonesimulator/AutoByteus.app/Info.plist
Build And Test iOS App	Generate, build, and run implementation checks	2026-09-11T00:39:01.9573100Z 
Build And Test iOS App	Generate, build, and run implementation checks	2026-09-11T00:39:01.9592960Z ExtractAppIntentsMetadata (in target 'AutoByteusMobile' from project 'AutoByteusMobile')
Build And Test iOS App	Generate, build, and run implementation checks	2026-09-11T00:39:01.9594380Z     cd /Users/runner/work/autobyteus-workspace/autobyteus-workspace/autobyteus-ios
Build And Test iOS App	Generate, build, and run implementation checks	2026-09-11T00:39:01.9603890Z     /Applications/Xcode_26.3.app/Contents/Developer/Toolchains/XcodeDefault.xctoolchain/usr/bin/appintentsmetadataprocessor --toolchain-dir /var/run/com.apple.security.cryptexd/mnt/com.apple.MobileAsset.MetalToolchain-v17.3.7003.10.eFrmP5/Metal.xctoolchain --module-name AutoByteus --sdk-root /Applications/Xcode_26.3.app/Contents/Developer/Platforms/iPhoneSimulator.platform/Developer/SDKs/iPhoneSimulator26.2.sdk --xcode-version 17C529 --platform-family iOS --deployment-target 17.0 --bundle-identifier org.autobyteus.mobile --output /Users/runner/Library/Developer/Xcode/DerivedData/AutoByteusMobile-cswwofbhrcnggmfwuxfpbtrwjhrw/Build/Products/Debug-iphonesimulator/AutoByteus.app --target-triple arm64-apple-ios17.0-simulator --binary-file /Users/runner/Library/Developer/Xcode/DerivedData/AutoByteusMobile-cswwofbhrcnggmfwuxfpbtrwjhrw/Build/Products/Debug-iphonesimulator/AutoByteus.app/AutoByteus --dependency-file /Users/runner/Library/Developer/Xcode/DerivedData/AutoByteusMobile-cswwofbhrcnggmfwuxfpbtrwjhrw/Build/Intermediates.noindex/AutoByteusMobile.build/Debug-iphonesimulator/AutoByteusMobile.build/Objects-normal/arm64/AutoByteus_dependency_info.dat --stringsdata-file /Users/runner/Library/Developer/Xcode/DerivedData/AutoByteusMobile-cswwofbhrcnggmfwuxfpbtrwjhrw/Build/Intermediates.noindex/AutoByteusMobile.build/Debug-iphonesimulator/AutoByteusMobile.build/Objects-normal/arm64/ExtractedAppShortcutsMetadata.stringsdata --source-file-list /Users/runner/Library/Developer/Xcode/DerivedData/AutoByteusMobile-cswwofbhrcnggmfwuxfpbtrwjhrw/Build/Intermediates.noindex/AutoByteusMobile.build/Debug-iphonesimulator/AutoByteusMobile.build/Objects-normal/arm64/AutoByteus.SwiftFileList --metadata-file-list /Users/runner/Library/Developer/Xcode/DerivedData/AutoByteusMobile-cswwofbhrcnggmfwuxfpbtrwjhrw/Build/Intermediates.noindex/AutoByteusMobile.build/Debug-iphonesimulator/AutoByteusMobile.build/AutoByteus.DependencyMetadataFileList --static-metadata-file-list /Users/runner/Library/Developer/Xcode/DerivedData/AutoByteusMobile-cswwofbhrcnggmfwuxfpbtrwjhrw/Build/Intermediates.noindex/AutoByteusMobile.build/Debug-iphonesimulator/AutoByteusMobile.build/AutoByteus.DependencyStaticMetadataFileList --swift-const-vals-list /Users/runner/Library/Developer/Xcode/DerivedData/AutoByteusMobile-cswwofbhrcnggmfwuxfpbtrwjhrw/Build/Intermediates.noindex/AutoByteusMobile.build/Debug-iphonesimulator/AutoByteusMobile.build/Objects-normal/arm64/AutoByteus.SwiftConstValuesFileList --compile-time-extraction --deployment-aware-processing --validate-assistant-intents --no-app-shortcuts-localization
Build And Test iOS App	Generate, build, and run implementation checks	2026-09-11T00:39:01.9878730Z 2026-09-11 00:39:01.979 appintentsmetadataprocessor[7827:30019] Starting appintentsmetadataprocessor export
Build And Test iOS App	Generate, build, and run implementation checks	2026-09-11T00:39:01.9889200Z 2026-09-11 00:39:01.983 appintentsmetadataprocessor[7827:30019] warning: Metadata extraction skipped. No AppIntents.framework dependency found.
Build And Test iOS App	Generate, build, and run implementation checks	2026-09-11T00:39:01.9890180Z 
Build And Test iOS App	Generate, build, and run implementation checks	2026-09-11T00:39:01.9892180Z CopySwiftLibs /Users/runner/Library/Developer/Xcode/DerivedData/AutoByteusMobile-cswwofbhrcnggmfwuxfpbtrwjhrw/Build/Products/Debug-iphonesimulator/AutoByteus.app (in target 'AutoByteusMobile' from project 'AutoByteusMobile')
Build And Test iOS App	Generate, build, and run implementation checks	2026-09-11T00:39:01.9909190Z     cd /Users/runner/work/autobyteus-workspace/autobyteus-workspace/autobyteus-ios
Build And Test iOS App	Generate, build, and run implementation checks	2026-09-11T00:39:01.9917300Z     builtin-swiftStdLibTool --copy --verbose --sign - --scan-executable /Users/runner/Library/Developer/Xcode/DerivedData/AutoByteusMobile-cswwofbhrcnggmfwuxfpbtrwjhrw/Build/Products/Debug-iphonesimulator/AutoByteus.app/AutoByteus.debug.dylib --scan-folder /Users/runner/Library/Developer/Xcode/DerivedData/AutoByteusMobile-cswwofbhrcnggmfwuxfpbtrwjhrw/Build/Products/Debug-iphonesimulator/AutoByteus.app/Frameworks --scan-folder /Users/runner/Library/Developer/Xcode/DerivedData/AutoByteusMobile-cswwofbhrcnggmfwuxfpbtrwjhrw/Build/Products/Debug-iphonesimulator/AutoByteus.app/PlugIns --scan-folder /Users/runner/Library/Developer/Xcode/DerivedData/AutoByteusMobile-cswwofbhrcnggmfwuxfpbtrwjhrw/Build/Products/Debug-iphonesimulator/AutoByteus.app/SystemExtensions --scan-folder /Users/runner/Library/Developer/Xcode/DerivedData/AutoByteusMobile-cswwofbhrcnggmfwuxfpbtrwjhrw/Build/Products/Debug-iphonesimulator/AutoByteus.app/Extensions --scan-folder /Users/runner/Library/Developer/Xcode/DerivedData/AutoByteusMobile-cswwofbhrcnggmfwuxfpbtrwjhrw/Build/Products/Debug-iphonesimulator/AutoByteusMobileCore.framework --platform iphonesimulator --toolchain /var/run/com.apple.security.cryptexd/mnt/com.apple.MobileAsset.MetalToolchain-v17.3.7003.10.eFrmP5/Metal.xctoolchain --toolchain /Applications/Xcode_26.3.app/Contents/Developer/Toolchains/XcodeDefault.xctoolchain --destination /Users/runner/Library/Developer/Xcode/DerivedData/AutoByteusMobile-cswwofbhrcnggmfwuxfpbtrwjhrw/Build/Products/Debug-iphonesimulator/AutoByteus.app/Frameworks --strip-bitcode --strip-bitcode-tool /Applications/Xcode_26.3.app/Contents/Developer/Toolchains/XcodeDefault.xctoolchain/usr/bin/bitcode_strip --emit-dependency-info /Users/runner/Library/Developer/Xcode/DerivedData/AutoByteusMobile-cswwofbhrcnggmfwuxfpbtrwjhrw/Build/Intermediates.noindex/AutoByteusMobile.build/Debug-iphonesimulator/AutoByteusMobile.build/SwiftStdLibToolInputDependencies.dep --filter-for-swift-os
Build And Test iOS App	Generate, build, and run implementation checks	2026-09-11T00:39:02.0790670Z 
Build And Test iOS App	Generate, build, and run implementation checks	2026-09-11T00:39:02.0797690Z CodeSign /Users/runner/Library/Developer/Xcode/DerivedData/AutoByteusMobile-cswwofbhrcnggmfwuxfpbtrwjhrw/Build/Products/Debug-iphonesimulator/AutoByteus.app/AutoByteus.debug.dylib (in target 'AutoByteusMobile' from project 'AutoByteusMobile')
Build And Test iOS App	Generate, build, and run implementation checks	2026-09-11T00:39:02.0801840Z     cd /Users/runner/work/autobyteus-workspace/autobyteus-workspace/autobyteus-ios
Build And Test iOS App	Generate, build, and run implementation checks	2026-09-11T00:39:02.0804050Z     
Build And Test iOS App	Generate, build, and run implementation checks	2026-09-11T00:39:02.0866680Z     Signing Identity:     "Sign to Run Locally"
Build And Test iOS App	Generate, build, and run implementation checks	2026-09-11T00:39:02.0868510Z     
Build And Test iOS App	Generate, build, and run implementation checks	2026-09-11T00:39:02.0869820Z     /usr/bin/codesign --force --sign - --timestamp\=none --generate-entitlement-der /Users/runner/Library/Developer/Xcode/DerivedData/AutoByteusMobile-cswwofbhrcnggmfwuxfpbtrwjhrw/Build/Products/Debug-iphonesimulator/AutoByteus.app/AutoByteus.debug.dylib
Build And Test iOS App	Generate, build, and run implementation checks	2026-09-11T00:39:02.1015640Z 
Build And Test iOS App	Generate, build, and run implementation checks	2026-09-11T00:39:02.1020460Z CodeSign /Users/runner/Library/Developer/Xcode/DerivedData/AutoByteusMobile-cswwofbhrcnggmfwuxfpbtrwjhrw/Build/Products/Debug-iphonesimulator/AutoByteus.app/__preview.dylib (in target 'AutoByteusMobile' from project 'AutoByteusMobile')
Build And Test iOS App	Generate, build, and run implementation checks	2026-09-11T00:39:02.1022010Z     cd /Users/runner/work/autobyteus-workspace/autobyteus-workspace/autobyteus-ios
Build And Test iOS App	Generate, build, and run implementation checks	2026-09-11T00:39:02.1022610Z     
Build And Test iOS App	Generate, build, and run implementation checks	2026-09-11T00:39:02.1023060Z     Signing Identity:     "Sign to Run Locally"
Build And Test iOS App	Generate, build, and run implementation checks	2026-09-11T00:39:02.1023940Z     
Build And Test iOS App	Generate, build, and run implementation checks	2026-09-11T00:39:02.1024920Z     /usr/bin/codesign --force --sign - --timestamp\=none --generate-entitlement-der /Users/runner/Library/Developer/Xcode/DerivedData/AutoByteusMobile-cswwofbhrcnggmfwuxfpbtrwjhrw/Build/Products/Debug-iphonesimulator/AutoByteus.app/__preview.dylib
Build And Test iOS App	Generate, build, and run implementation checks	2026-09-11T00:39:02.1336210Z /Users/runner/Library/Developer/Xcode/DerivedData/AutoByteusMobile-cswwofbhrcnggmfwuxfpbtrwjhrw/Build/Products/Debug-iphonesimulator/AutoByteus.app/__preview.dylib: replacing existing signature
Build And Test iOS App	Generate, build, and run implementation checks	2026-09-11T00:39:02.1345940Z 
Build And Test iOS App	Generate, build, and run implementation checks	2026-09-11T00:39:02.1348510Z CodeSign /Users/runner/Library/Developer/Xcode/DerivedData/AutoByteusMobile-cswwofbhrcnggmfwuxfpbtrwjhrw/Build/Products/Debug-iphonesimulator/AutoByteus.app (in target 'AutoByteusMobile' from project 'AutoByteusMobile')
Build And Test iOS App	Generate, build, and run implementation checks	2026-09-11T00:39:02.1351670Z     cd /Users/runner/work/autobyteus-workspace/autobyteus-workspace/autobyteus-ios
Build And Test iOS App	Generate, build, and run implementation checks	2026-09-11T00:39:02.1352900Z     
Build And Test iOS App	Generate, build, and run implementation checks	2026-09-11T00:39:02.1353810Z     Signing Identity:     "Sign to Run Locally"
Build And Test iOS App	Generate, build, and run implementation checks	2026-09-11T00:39:02.1357940Z     
Build And Test iOS App	Generate, build, and run implementation checks	2026-09-11T00:39:02.1362530Z     /usr/bin/codesign --force --sign - --entitlements /Users/runner/Library/Developer/Xcode/DerivedData/AutoByteusMobile-cswwofbhrcnggmfwuxfpbtrwjhrw/Build/Intermediates.noindex/AutoByteusMobile.build/Debug-iphonesimulator/AutoByteusMobile.build/AutoByteus.app.xcent --timestamp\=none --generate-entitlement-der /Users/runner/Library/Developer/Xcode/DerivedData/AutoByteusMobile-cswwofbhrcnggmfwuxfpbtrwjhrw/Build/Products/Debug-iphonesimulator/AutoByteus.app
Build And Test iOS App	Generate, build, and run implementation checks	2026-09-11T00:39:02.1624990Z 
Build And Test iOS App	Generate, build, and run implementation checks	2026-09-11T00:39:02.1641980Z ValidateEmbeddedBinary /Users/runner/Library/Developer/Xcode/DerivedData/AutoByteusMobile-cswwofbhrcnggmfwuxfpbtrwjhrw/Build/Products/Debug-iphonesimulator/AutoByteus.app/PlugIns/AutoByteus\ Share.appex (in target 'AutoByteusMobile' from project 'AutoByteusMobile')
Build And Test iOS App	Generate, build, and run implementation checks	2026-09-11T00:39:02.1659010Z     cd /Users/runner/work/autobyteus-workspace/autobyteus-workspace/autobyteus-ios
Build And Test iOS App	Generate, build, and run implementation checks	2026-09-11T00:39:02.1663270Z     /Applications/Xcode_26.3.app/Contents/Developer/usr/bin/embeddedBinaryValidationUtility /Users/runner/Library/Developer/Xcode/DerivedData/AutoByteusMobile-cswwofbhrcnggmfwuxfpbtrwjhrw/Build/Products/Debug-iphonesimulator/AutoByteus.app/PlugIns/AutoByteus\ Share.appex -signing-cert - -info-plist-path /Users/runner/Library/Developer/Xcode/DerivedData/AutoByteusMobile-cswwofbhrcnggmfwuxfpbtrwjhrw/Build/Products/Debug-iphonesimulator/AutoByteus.app/Info.plist
Build And Test iOS App	Generate, build, and run implementation checks	2026-09-11T00:39:05.1239980Z 
Build And Test iOS App	Generate, build, and run implementation checks	2026-09-11T00:39:05.1244780Z Validate /Users/runner/Library/Developer/Xcode/DerivedData/AutoByteusMobile-cswwofbhrcnggmfwuxfpbtrwjhrw/Build/Products/Debug-iphonesimulator/AutoByteus.app (in target 'AutoByteusMobile' from project 'AutoByteusMobile')
Build And Test iOS App	Generate, build, and run implementation checks	2026-09-11T00:39:05.1248070Z     cd /Users/runner/work/autobyteus-workspace/autobyteus-workspace/autobyteus-ios
Build And Test iOS App	Generate, build, and run implementation checks	2026-09-11T00:39:05.1250700Z     builtin-validationUtility /Users/runner/Library/Developer/Xcode/DerivedData/AutoByteusMobile-cswwofbhrcnggmfwuxfpbtrwjhrw/Build/Products/Debug-iphonesimulator/AutoByteus.app -shallow-bundle -infoplist-subpath Info.plist
Build And Test iOS App	Generate, build, and run implementation checks	2026-09-11T00:39:05.1252800Z 
Build And Test iOS App	Generate, build, and run implementation checks	2026-09-11T00:39:05.1255360Z Ld /Users/runner/Library/Developer/Xcode/DerivedData/AutoByteusMobile-cswwofbhrcnggmfwuxfpbtrwjhrw/Build/Products/Debug-iphonesimulator/AutoByteusMobileUITests-Runner.app/PlugIns/AutoByteusMobileUITests.xctest/AutoByteusMobileUITests normal (in target 'AutoByteusMobileUITests' from project 'AutoByteusMobile')
Build And Test iOS App	Generate, build, and run implementation checks	2026-09-11T00:39:05.1258880Z     cd /Users/runner/work/autobyteus-workspace/autobyteus-workspace/autobyteus-ios
Build And Test iOS App	Generate, build, and run implementation checks	2026-09-11T00:39:05.1274230Z     /Applications/Xcode_26.3.app/Contents/Developer/Toolchains/XcodeDefault.xctoolchain/usr/bin/clang -Xlinker -reproducible -target arm64-apple-ios17.0-simulator -bundle -isysroot /Applications/Xcode_26.3.app/Contents/Developer/Platforms/iPhoneSimulator.platform/Developer/SDKs/iPhoneSimulator26.2.sdk -O0 -L/Users/runner/Library/Developer/Xcode/DerivedData/AutoByteusMobile-cswwofbhrcnggmfwuxfpbtrwjhrw/Build/Intermediates.noindex/EagerLinkingTBDs/Debug-iphonesimulator -L/Users/runner/Library/Developer/Xcode/DerivedData/AutoByteusMobile-cswwofbhrcnggmfwuxfpbtrwjhrw/Build/Products/Debug-iphonesimulator -L/Applications/Xcode_26.3.app/Contents/Developer/Platforms/iPhoneSimulator.platform/Developer/usr/lib -F/Users/runner/Library/Developer/Xcode/DerivedData/AutoByteusMobile-cswwofbhrcnggmfwuxfpbtrwjhrw/Build/Intermediates.noindex/EagerLinkingTBDs/Debug-iphonesimulator -F/Users/runner/Library/Developer/Xcode/DerivedData/AutoByteusMobile-cswwofbhrcnggmfwuxfpbtrwjhrw/Build/Products/Debug-iphonesimulator -iframework /Applications/Xcode_26.3.app/Contents/Developer/Platforms/iPhoneSimulator.platform/Developer/Library/Frameworks -iframework /Applications/Xcode_26.3.app/Contents/Developer/Platforms/iPhoneSimulator.platform/Developer/SDKs/iPhoneSimulator26.2.sdk/Developer/Library/Frameworks -filelist /Users/runner/Library/Developer/Xcode/DerivedData/AutoByteusMobile-cswwofbhrcnggmfwuxfpbtrwjhrw/Build/Intermediates.noindex/AutoByteusMobile.build/Debug-iphonesimulator/AutoByteusMobileUITests.build/Objects-normal/arm64/AutoByteusMobileUITests.LinkFileList -Xlinker -rpath -Xlinker /usr/lib/swift -Xlinker -rpath -Xlinker @loader_path/Frameworks -Xlinker -rpath -Xlinker @executable_path/Frameworks -dead_strip -Xlinker -object_path_lto -Xlinker /Users/runner/Library/Developer/Xcode/DerivedData/AutoByteusMobile-cswwofbhrcnggmfwuxfpbtrwjhrw/Build/Intermediates.noindex/AutoByteusMobile.build/Debug-iphonesimulator/AutoByteusMobileUITests.build/Objects-normal/arm64/AutoByteusMobileUITests_lto.o -rdynamic -Xlinker -no_deduplicate -Xlinker -objc_abi_version -Xlinker 2 -Xlinker -dependency_info -Xlinker /Users/runner/Library/Developer/Xcode/DerivedData/AutoByteusMobile-cswwofbhrcnggmfwuxfpbtrwjhrw/Build/Intermediates.noindex/AutoByteusMobile.build/Debug-iphonesimulator/AutoByteusMobileUITests.build/Objects-normal/arm64/AutoByteusMobileUITests_dependency_info.dat -fobjc-link-runtime -L/Applications/Xcode_26.3.app/Contents/Developer/Toolchains/XcodeDefault.xctoolchain/usr/lib/swift/iphonesimulator -L/usr/lib/swift -Xlinker -add_ast_path -Xlinker /Users/runner/Library/Developer/Xcode/DerivedData/AutoByteusMobile-cswwofbhrcnggmfwuxfpbtrwjhrw/Build/Intermediates.noindex/AutoByteusMobile.build/Debug-iphonesimulator/AutoByteusMobileUITests.build/Objects-normal/arm64/AutoByteusMobileUITests.swiftmodule @/Users/runner/Library/Developer/Xcode/DerivedData/AutoByteusMobile-cswwofbhrcnggmfwuxfpbtrwjhrw/Build/Intermediates.noindex/AutoByteusMobile.build/Debug-iphonesimulator/AutoByteusMobileUITests.build/Objects-normal/arm64/AutoByteusMobileUITests-linker-args.resp -Xlinker -needed_framework -Xlinker XCTest -framework XCTest -Xlinker -needed-lXCTestSwiftSupport -lXCTestSwiftSupport -Xlinker -sectcreate -Xlinker __TEXT -Xlinker __entitlements -Xlinker /Users/runner/Library/Developer/Xcode/DerivedData/AutoByteusMobile-cswwofbhrcnggmfwuxfpbtrwjhrw/Build/Intermediates.noindex/AutoByteusMobile.build/Debug-iphonesimulator/AutoByteusMobileUITests.build/AutoByteusMobileUITests.xctest-Simulated.xcent -Xlinker -sectcreate -Xlinker __TEXT -Xlinker __ents_der -Xlinker /Users/runner/Library/Developer/Xcode/DerivedData/AutoByteusMobile-cswwofbhrcnggmfwuxfpbtrwjhrw/Build/Intermediates.noindex/AutoByteusMobile.build/Debug-iphonesimulator/AutoByteusMobileUITests.build/AutoByteusMobileUITests.xctest-Simulated.xcent.der -Xlinker -no_adhoc_codesign -o /Users/runner/Library/Developer/Xcode/DerivedData/AutoByteusMobile-cswwofbhrcnggmfwuxfpbtrwjhrw/Build/Products/Debug-iphonesimulator/AutoByteusMobileUITests-Runner.app/PlugIns/AutoByteusMobileUITests.xctest/AutoByteusMobileUITests
Build And Test iOS App	Generate, build, and run implementation checks	2026-09-11T00:39:06.0117530Z 
Build And Test iOS App	Generate, build, and run implementation checks	2026-09-11T00:39:06.0220030Z ExtractAppIntentsMetadata (in target 'AutoByteusMobileUITests' from project 'AutoByteusMobile')
Build And Test iOS App	Generate, build, and run implementation checks	2026-09-11T00:39:06.0308850Z     cd /Users/runner/work/autobyteus-workspace/autobyteus-workspace/autobyteus-ios
Build And Test iOS App	Generate, build, and run implementation checks	2026-09-11T00:39:06.0327440Z     /Applications/Xcode_26.3.app/Contents/Developer/Toolchains/XcodeDefault.xctoolchain/usr/bin/appintentsmetadataprocessor --toolchain-dir /var/run/com.apple.security.cryptexd/mnt/com.apple.MobileAsset.MetalToolchain-v17.3.7003.10.eFrmP5/Metal.xctoolchain --module-name AutoByteusMobileUITests --sdk-root /Applications/Xcode_26.3.app/Contents/Developer/Platforms/iPhoneSimulator.platform/Developer/SDKs/iPhoneSimulator26.2.sdk --xcode-version 17C529 --platform-family iOS --deployment-target 17.0 --bundle-identifier org.autobyteus.mobile.ui-tests --output /Users/runner/Library/Developer/Xcode/DerivedData/AutoByteusMobile-cswwofbhrcnggmfwuxfpbtrwjhrw/Build/Products/Debug-iphonesimulator/AutoByteusMobileUITests-Runner.app/PlugIns/AutoByteusMobileUITests.xctest --target-triple arm64-apple-ios17.0-simulator --binary-file /Users/runner/Library/Developer/Xcode/DerivedData/AutoByteusMobile-cswwofbhrcnggmfwuxfpbtrwjhrw/Build/Products/Debug-iphonesimulator/AutoByteusMobileUITests-Runner.app/PlugIns/AutoByteusMobileUITests.xctest/AutoByteusMobileUITests --dependency-file /Users/runner/Library/Developer/Xcode/DerivedData/AutoByteusMobile-cswwofbhrcnggmfwuxfpbtrwjhrw/Build/Intermediates.noindex/AutoByteusMobile.build/Debug-iphonesimulator/AutoByteusMobileUITests.build/Objects-normal/arm64/AutoByteusMobileUITests_dependency_info.dat --stringsdata-file /Users/runner/Library/Developer/Xcode/DerivedData/AutoByteusMobile-cswwofbhrcnggmfwuxfpbtrwjhrw/Build/Intermediates.noindex/AutoByteusMobile.build/Debug-iphonesimulator/AutoByteusMobileUITests.build/Objects-normal/arm64/ExtractedAppShortcutsMetadata.stringsdata --source-file-list /Users/runner/Library/Developer/Xcode/DerivedData/AutoByteusMobile-cswwofbhrcnggmfwuxfpbtrwjhrw/Build/Intermediates.noindex/AutoByteusMobile.build/Debug-iphonesimulator/AutoByteusMobileUITests.build/Objects-normal/arm64/AutoByteusMobileUITests.SwiftFileList --metadata-file-list /Users/runner/Library/Developer/Xcode/DerivedData/AutoByteusMobile-cswwofbhrcnggmfwuxfpbtrwjhrw/Build/Intermediates.noindex/AutoByteusMobile.build/Debug-iphonesimulator/AutoByteusMobileUITests.build/AutoByteusMobileUITests.DependencyMetadataFileList --static-metadata-file-list /Users/runner/Library/Developer/Xcode/DerivedData/AutoByteusMobile-cswwofbhrcnggmfwuxfpbtrwjhrw/Build/Intermediates.noindex/AutoByteusMobile.build/Debug-iphonesimulator/AutoByteusMobileUITests.build/AutoByteusMobileUITests.DependencyStaticMetadataFileList --swift-const-vals-list /Users/runner/Library/Developer/Xcode/DerivedData/AutoByteusMobile-cswwofbhrcnggmfwuxfpbtrwjhrw/Build/Intermediates.noindex/AutoByteusMobile.build/Debug-iphonesimulator/AutoByteusMobileUITests.build/Objects-normal/arm64/AutoByteusMobileUITests.SwiftConstValuesFileList --compile-time-extraction --deployment-aware-processing --validate-assistant-intents --no-app-shortcuts-localization
Build And Test iOS App	Generate, build, and run implementation checks	2026-09-11T00:39:06.0826850Z 2026-09-11 00:39:06.059 appintentsmetadataprocessor[7895:30230] Starting appintentsmetadataprocessor export
Build And Test iOS App	Generate, build, and run implementation checks	2026-09-11T00:39:06.0827750Z 2026-09-11 00:39:06.061 appintentsmetadataprocessor[7895:30230] warning: Metadata extraction skipped. No AppIntents.framework dependency found.
Build And Test iOS App	Generate, build, and run implementation checks	2026-09-11T00:39:06.0830010Z 
Build And Test iOS App	Generate, build, and run implementation checks	2026-09-11T00:39:06.1354730Z ProcessInfoPlistFile /Users/runner/Library/Developer/Xcode/DerivedData/AutoByteusMobile-cswwofbhrcnggmfwuxfpbtrwjhrw/Build/Products/Debug-iphonesimulator/AutoByteusMobileUITests-Runner.app/PlugIns/AutoByteusMobileUITests.xctest/Info.plist /Users/runner/work/autobyteus-workspace/autobyteus-workspace/autobyteus-ios/AutoByteusMobileUITests/Info.plist (in target 'AutoByteusMobileUITests' from project 'AutoByteusMobile')
Build And Test iOS App	Generate, build, and run implementation checks	2026-09-11T00:39:06.1466740Z     cd /Users/runner/work/autobyteus-workspace/autobyteus-workspace/autobyteus-ios
Build And Test iOS App	Generate, build, and run implementation checks	2026-09-11T00:39:06.1515020Z     builtin-infoPlistUtility /Users/runner/work/autobyteus-workspace/autobyteus-workspace/autobyteus-ios/AutoByteusMobileUITests/Info.plist -producttype com.apple.product-type.bundle.ui-testing -expandbuildsettings -format binary -platform iphonesimulator -additionalcontentfile /Users/runner/Library/Developer/Xcode/DerivedData/AutoByteusMobile-cswwofbhrcnggmfwuxfpbtrwjhrw/Build/Intermediates.noindex/AutoByteusMobile.build/Debug-iphonesimulator/AutoByteusMobileUITests.build/ProductTypeInfoPlistAdditions.plist -o /Users/runner/Library/Developer/Xcode/DerivedData/AutoByteusMobile-cswwofbhrcnggmfwuxfpbtrwjhrw/Build/Products/Debug-iphonesimulator/AutoByteusMobileUITests-Runner.app/PlugIns/AutoByteusMobileUITests.xctest/Info.plist
Build And Test iOS App	Generate, build, and run implementation checks	2026-09-11T00:39:06.1922000Z 
Build And Test iOS App	Generate, build, and run implementation checks	2026-09-11T00:39:06.1957210Z ProcessInfoPlistFile /Users/runner/Library/Developer/Xcode/DerivedData/AutoByteusMobile-cswwofbhrcnggmfwuxfpbtrwjhrw/Build/Products/Debug-iphonesimulator/AutoByteusMobileCoreTests.xctest/Info.plist /Users/runner/Library/Developer/Xcode/DerivedData/AutoByteusMobile-cswwofbhrcnggmfwuxfpbtrwjhrw/Build/Intermediates.noindex/AutoByteusMobile.build/Debug-iphonesimulator/AutoByteusMobileCoreTests.build/empty-AutoByteusMobileCoreTests.plist (in target 'AutoByteusMobileCoreTests' from project 'AutoByteusMobile')
Build And Test iOS App	Generate, build, and run implementation checks	2026-09-11T00:39:06.1959800Z     cd /Users/runner/work/autobyteus-workspace/autobyteus-workspace/autobyteus-ios
Build And Test iOS App	Generate, build, and run implementation checks	2026-09-11T00:39:06.1962430Z     builtin-infoPlistUtility /Users/runner/Library/Developer/Xcode/DerivedData/AutoByteusMobile-cswwofbhrcnggmfwuxfpbtrwjhrw/Build/Intermediates.noindex/AutoByteusMobile.build/Debug-iphonesimulator/AutoByteusMobileCoreTests.build/empty-AutoByteusMobileCoreTests.plist -producttype com.apple.product-type.bundle.unit-test -expandbuildsettings -format binary -platform iphonesimulator -o /Users/runner/Library/Developer/Xcode/DerivedData/AutoByteusMobile-cswwofbhrcnggmfwuxfpbtrwjhrw/Build/Products/Debug-iphonesimulator/AutoByteusMobileCoreTests.xctest/Info.plist
Build And Test iOS App	Generate, build, and run implementation checks	2026-09-11T00:39:06.1964990Z 
Build And Test iOS App	Generate, build, and run implementation checks	2026-09-11T00:39:06.1969740Z CopySwiftLibs /Users/runner/Library/Developer/Xcode/DerivedData/AutoByteusMobile-cswwofbhrcnggmfwuxfpbtrwjhrw/Build/Products/Debug-iphonesimulator/AutoByteusMobileCoreTests.xctest (in target 'AutoByteusMobileCoreTests' from project 'AutoByteusMobile')
Build And Test iOS App	Generate, build, and run implementation checks	2026-09-11T00:39:06.1972920Z     cd /Users/runner/work/autobyteus-workspace/autobyteus-workspace/autobyteus-ios
Build And Test iOS App	Generate, build, and run implementation checks	2026-09-11T00:39:06.1992320Z     builtin-swiftStdLibTool --copy --verbose --sign - --scan-executable /Users/runner/Library/Developer/Xcode/DerivedData/AutoByteusMobile-cswwofbhrcnggmfwuxfpbtrwjhrw/Build/Products/Debug-iphonesimulator/AutoByteusMobileCoreTests.xctest/AutoByteusMobileCoreTests --scan-folder /Users/runner/Library/Developer/Xcode/DerivedData/AutoByteusMobile-cswwofbhrcnggmfwuxfpbtrwjhrw/Build/Products/Debug-iphonesimulator/AutoByteusMobileCoreTests.xctest/Frameworks --scan-folder /Users/runner/Library/Developer/Xcode/DerivedData/AutoByteusMobile-cswwofbhrcnggmfwuxfpbtrwjhrw/Build/Products/Debug-iphonesimulator/AutoByteusMobileCoreTests.xctest/PlugIns --scan-folder /Users/runner/Library/Developer/Xcode/DerivedData/AutoByteusMobile-cswwofbhrcnggmfwuxfpbtrwjhrw/Build/Products/Debug-iphonesimulator/AutoByteusMobileCoreTests.xctest/SystemExtensions --scan-folder /Users/runner/Library/Developer/Xcode/DerivedData/AutoByteusMobile-cswwofbhrcnggmfwuxfpbtrwjhrw/Build/Products/Debug-iphonesimulator/AutoByteusMobileCoreTests.xctest/Extensions --scan-folder /Users/runner/Library/Developer/Xcode/DerivedData/AutoByteusMobile-cswwofbhrcnggmfwuxfpbtrwjhrw/Build/Products/Debug-iphonesimulator/AutoByteusMobileCore.framework --platform iphonesimulator --toolchain /var/run/com.apple.security.cryptexd/mnt/com.apple.MobileAsset.MetalToolchain-v17.3.7003.10.eFrmP5/Metal.xctoolchain --toolchain /Applications/Xcode_26.3.app/Contents/Developer/Toolchains/XcodeDefault.xctoolchain --destination /Users/runner/Library/Developer/Xcode/DerivedData/AutoByteusMobile-cswwofbhrcnggmfwuxfpbtrwjhrw/Build/Products/Debug-iphonesimulator/AutoByteusMobileCoreTests.xctest/Frameworks --strip-bitcode --scan-executable /Applications/Xcode_26.3.app/Contents/Developer/Platforms/iPhoneSimulator.platform/Developer/usr/lib/libXCTestSwiftSupport.dylib --strip-bitcode-tool /Applications/Xcode_26.3.app/Contents/Developer/Toolchains/XcodeDefault.xctoolchain/usr/bin/bitcode_strip --emit-dependency-info /Users/runner/Library/Developer/Xcode/DerivedData/AutoByteusMobile-cswwofbhrcnggmfwuxfpbtrwjhrw/Build/Intermediates.noindex/AutoByteusMobile.build/Debug-iphonesimulator/AutoByteusMobileCoreTests.build/SwiftStdLibToolInputDependencies.dep --filter-for-swift-os
Build And Test iOS App	Generate, build, and run implementation checks	2026-09-11T00:39:06.2358990Z 
Build And Test iOS App	Generate, build, and run implementation checks	2026-09-11T00:39:06.2365580Z AppIntentsSSUTraining (in target 'AutoByteusMobileUITests' from project 'AutoByteusMobile')
Build And Test iOS App	Generate, build, and run implementation checks	2026-09-11T00:39:06.2367710Z     cd /Users/runner/work/autobyteus-workspace/autobyteus-workspace/autobyteus-ios
Build And Test iOS App	Generate, build, and run implementation checks	2026-09-11T00:39:06.2380890Z     /Applications/Xcode_26.3.app/Contents/Developer/Toolchains/XcodeDefault.xctoolchain/usr/bin/appintentsnltrainingprocessor --infoplist-path /Users/runner/Library/Developer/Xcode/DerivedData/AutoByteusMobile-cswwofbhrcnggmfwuxfpbtrwjhrw/Build/Products/Debug-iphonesimulator/AutoByteusMobileUITests-Runner.app/PlugIns/AutoByteusMobileUITests.xctest/Info.plist --temp-dir-path /Users/runner/Library/Developer/Xcode/DerivedData/AutoByteusMobile-cswwofbhrcnggmfwuxfpbtrwjhrw/Build/Intermediates.noindex/AutoByteusMobile.build/Debug-iphonesimulator/AutoByteusMobileUITests.build/ssu --bundle-id org.autobyteus.mobile.ui-tests --product-path /Users/runner/Library/Developer/Xcode/DerivedData/AutoByteusMobile-cswwofbhrcnggmfwuxfpbtrwjhrw/Build/Products/Debug-iphonesimulator/AutoByteusMobileUITests-Runner.app/PlugIns/AutoByteusMobileUITests.xctest --extracted-metadata-path /Users/runner/Library/Developer/Xcode/DerivedData/AutoByteusMobile-cswwofbhrcnggmfwuxfpbtrwjhrw/Build/Products/Debug-iphonesimulator/AutoByteusMobileUITests-Runner.app/PlugIns/AutoByteusMobileUITests.xctest/Metadata.appintents --metadata-file-list /Users/runner/Library/Developer/Xcode/DerivedData/AutoByteusMobile-cswwofbhrcnggmfwuxfpbtrwjhrw/Build/Intermediates.noindex/AutoByteusMobile.build/Debug-iphonesimulator/AutoByteusMobileUITests.build/AutoByteusMobileUITests.DependencyMetadataFileList --archive-ssu-assets
Build And Test iOS App	Generate, build, and run implementation checks	2026-09-11T00:39:06.2448680Z 2026-09-11 00:39:06.239 appintentsnltrainingprocessor[7902:30263] Parsing options for appintentsnltrainingprocessor
Build And Test iOS App	Generate, build, and run implementation checks	2026-09-11T00:39:06.2457910Z 2026-09-11 00:39:06.240 appintentsnltrainingprocessor[7902:30263] No AppShortcuts found - Skipping.
Build And Test iOS App	Generate, build, and run implementation checks	2026-09-11T00:39:06.2461860Z 
Build And Test iOS App	Generate, build, and run implementation checks	2026-09-11T00:39:06.2463530Z CopySwiftLibs /Users/runner/Library/Developer/Xcode/DerivedData/AutoByteusMobile-cswwofbhrcnggmfwuxfpbtrwjhrw/Build/Products/Debug-iphonesimulator/AutoByteusMobileUITests-Runner.app/PlugIns/AutoByteusMobileUITests.xctest (in target 'AutoByteusMobileUITests' from project 'AutoByteusMobile')
Build And Test iOS App	Generate, build, and run implementation checks	2026-09-11T00:39:06.2465920Z     cd /Users/runner/work/autobyteus-workspace/autobyteus-workspace/autobyteus-ios
Build And Test iOS App	Generate, build, and run implementation checks	2026-09-11T00:39:06.2473880Z     builtin-swiftStdLibTool --copy --verbose --sign - --scan-executable /Users/runner/Library/Developer/Xcode/DerivedData/AutoByteusMobile-cswwofbhrcnggmfwuxfpbtrwjhrw/Build/Products/Debug-iphonesimulator/AutoByteusMobileUITests-Runner.app/PlugIns/AutoByteusMobileUITests.xctest/AutoByteusMobileUITests --scan-folder /Users/runner/Library/Developer/Xcode/DerivedData/AutoByteusMobile-cswwofbhrcnggmfwuxfpbtrwjhrw/Build/Products/Debug-iphonesimulator/AutoByteusMobileUITests-Runner.app/PlugIns/AutoByteusMobileUITests.xctest/Frameworks --scan-folder /Users/runner/Library/Developer/Xcode/DerivedData/AutoByteusMobile-cswwofbhrcnggmfwuxfpbtrwjhrw/Build/Products/Debug-iphonesimulator/AutoByteusMobileUITests-Runner.app/PlugIns/AutoByteusMobileUITests.xctest/PlugIns --scan-folder /Users/runner/Library/Developer/Xcode/DerivedData/AutoByteusMobile-cswwofbhrcnggmfwuxfpbtrwjhrw/Build/Products/Debug-iphonesimulator/AutoByteusMobileUITests-Runner.app/PlugIns/AutoByteusMobileUITests.xctest/SystemExtensions --scan-folder /Users/runner/Library/Developer/Xcode/DerivedData/AutoByteusMobile-cswwofbhrcnggmfwuxfpbtrwjhrw/Build/Products/Debug-iphonesimulator/AutoByteusMobileUITests-Runner.app/PlugIns/AutoByteusMobileUITests.xctest/Extensions --platform iphonesimulator --toolchain /var/run/com.apple.security.cryptexd/mnt/com.apple.MobileAsset.MetalToolchain-v17.3.7003.10.eFrmP5/Metal.xctoolchain --toolchain /Applications/Xcode_26.3.app/Contents/Developer/Toolchains/XcodeDefault.xctoolchain --destination /Users/runner/Library/Developer/Xcode/DerivedData/AutoByteusMobile-cswwofbhrcnggmfwuxfpbtrwjhrw/Build/Products/Debug-iphonesimulator/AutoByteusMobileUITests-Runner.app/PlugIns/AutoByteusMobileUITests.xctest/Frameworks --strip-bitcode --scan-executable /Applications/Xcode_26.3.app/Contents/Developer/Platforms/iPhoneSimulator.platform/Developer/usr/lib/libXCTestSwiftSupport.dylib --strip-bitcode-tool /Applications/Xcode_26.3.app/Contents/Developer/Toolchains/XcodeDefault.xctoolchain/usr/bin/bitcode_strip --emit-dependency-info /Users/runner/Library/Developer/Xcode/DerivedData/AutoByteusMobile-cswwofbhrcnggmfwuxfpbtrwjhrw/Build/Intermediates.noindex/AutoByteusMobile.build/Debug-iphonesimulator/AutoByteusMobileUITests.build/SwiftStdLibToolInputDependencies.dep --filter-for-swift-os
Build And Test iOS App	Generate, build, and run implementation checks	2026-09-11T00:39:06.2481050Z 
Build And Test iOS App	Generate, build, and run implementation checks	2026-09-11T00:39:06.2482250Z CopyPlistFile /Users/runner/Library/Developer/Xcode/DerivedData/AutoByteusMobile-cswwofbhrcnggmfwuxfpbtrwjhrw/Build/Products/Debug-iphonesimulator/AutoByteusMobileUITests-Runner.app/Info.plist /Applications/Xcode_26.3.app/Contents/Developer/Platforms/iPhoneSimulator.platform/Developer/Library/Xcode/Agents/XCTRunner.app/Info.plist (in target 'AutoByteusMobileUITests' from project 'AutoByteusMobile')
Build And Test iOS App	Generate, build, and run implementation checks	2026-09-11T00:39:06.2483780Z     cd /Users/runner/work/autobyteus-workspace/autobyteus-workspace/autobyteus-ios
Build And Test iOS App	Generate, build, and run implementation checks	2026-09-11T00:39:06.2487050Z     builtin-copyPlist --validate --convert xml1 --macro-expansion WRAPPEDPRODUCTNAME AutoByteusMobileUITests-Runner --macro-expansion WRAPPEDPRODUCTBUNDLEIDENTIFIER org.autobyteus.mobile.ui-tests.xctrunner --macro-expansion TESTPRODUCTNAME AutoByteusMobileUITests --macro-expansion TESTPRODUCTBUNDLEIDENTIFIER org.autobyteus.mobile.ui-tests --copy-value UIDeviceFamily /Users/runner/Library/Developer/Xcode/DerivedData/AutoByteusMobile-cswwofbhrcnggmfwuxfpbtrwjhrw/Build/Products/Debug-iphonesimulator/AutoByteusMobileUITests-Runner.app/PlugIns/AutoByteusMobileUITests.xctest/Info.plist --outdir /Users/runner/Library/Developer/Xcode/DerivedData/AutoByteusMobile-cswwofbhrcnggmfwuxfpbtrwjhrw/Build/Products/Debug-iphonesimulator/AutoByteusMobileUITests-Runner.app -- /Applications/Xcode_26.3.app/Contents/Developer/Platforms/iPhoneSimulator.platform/Developer/Library/Xcode/Agents/XCTRunner.app/Info.plist
Build And Test iOS App	Generate, build, and run implementation checks	2026-09-11T00:39:06.2550590Z 
Build And Test iOS App	Generate, build, and run implementation checks	2026-09-11T00:39:06.2553640Z CodeSign /Users/runner/Library/Developer/Xcode/DerivedData/AutoByteusMobile-cswwofbhrcnggmfwuxfpbtrwjhrw/Build/Products/Debug-iphonesimulator/AutoByteusMobileUITests-Runner.app/PlugIns/AutoByteusMobileUITests.xctest (in target 'AutoByteusMobileUITests' from project 'AutoByteusMobile')
Build And Test iOS App	Generate, build, and run implementation checks	2026-09-11T00:39:06.2557250Z     cd /Users/runner/work/autobyteus-workspace/autobyteus-workspace/autobyteus-ios
Build And Test iOS App	Generate, build, and run implementation checks	2026-09-11T00:39:06.2558290Z     
Build And Test iOS App	Generate, build, and run implementation checks	2026-09-11T00:39:06.2558950Z     Signing Identity:     "Sign to Run Locally"
Build And Test iOS App	Generate, build, and run implementation checks	2026-09-11T00:39:06.2559830Z     
Build And Test iOS App	Generate, build, and run implementation checks	2026-09-11T00:39:06.2562390Z     /usr/bin/codesign --force --sign - --timestamp\=none --generate-entitlement-der /Users/runner/Library/Developer/Xcode/DerivedData/AutoByteusMobile-cswwofbhrcnggmfwuxfpbtrwjhrw/Build/Products/Debug-iphonesimulator/AutoByteusMobileUITests-Runner.app/PlugIns/AutoByteusMobileUITests.xctest
Build And Test iOS App	Generate, build, and run implementation checks	2026-09-11T00:39:06.5708490Z 
Build And Test iOS App	Generate, build, and run implementation checks	2026-09-11T00:39:58.7053690Z 2026-09-11 00:39:58.355625+0000 AutoByteusMobileUITests-Runner[8287:32184] [Default] Running tests...
Build And Test iOS App	Generate, build, and run implementation checks	2026-09-11T00:40:11.8957240Z     t =      nans Interface orientation changed to Portrait
Build And Test iOS App	Generate, build, and run implementation checks	2026-09-11T00:40:12.5201110Z Test Suite 'All tests' started at 2026-09-11 00:40:11.962.
Build And Test iOS App	Generate, build, and run implementation checks	2026-09-11T00:40:12.5215740Z Test Suite 'AutoByteusMobileUITests.xctest' started at 2026-09-11 00:40:11.963.
Build And Test iOS App	Generate, build, and run implementation checks	2026-09-11T00:40:12.5235290Z Test Suite 'AutoByteusMobileUITests' started at 2026-09-11 00:40:11.963.
Build And Test iOS App	Generate, build, and run implementation checks	2026-09-11T00:40:12.5623150Z Test Case '-[AutoByteusMobileUITests.AutoByteusMobileUITests testFakeNodeOpensAndRestoresWithFakeMobileMarker]' started.
Build And Test iOS App	Generate, build, and run implementation checks	2026-09-11T00:40:12.5632050Z     t =     0.00s Start Test at 2026-09-11 00:40:11.964
Build And Test iOS App	Generate, build, and run implementation checks	2026-09-11T00:40:12.9286780Z     t =     0.96s Set Up
Build And Test iOS App	Generate, build, and run implementation checks	2026-09-11T00:40:12.9494960Z     t =     0.98s Open org.autobyteus.mobile
Build And Test iOS App	Generate, build, and run implementation checks	2026-09-11T00:40:12.9582660Z     t =     0.98s     Launch org.autobyteus.mobile
Build And Test iOS App	Generate, build, and run implementation checks	2026-09-11T00:40:26.0346170Z     t =    13.80s         Setting up automation session
Build And Test iOS App	Generate, build, and run implementation checks	2026-09-11T00:40:28.4780060Z     t =    16.46s         Wait for org.autobyteus.mobile to idle
Build And Test iOS App	Generate, build, and run implementation checks	2026-09-11T00:40:30.0788340Z     t =    18.11s Waiting 10.0s for "connection.input" TextView to exist
Build And Test iOS App	Generate, build, and run implementation checks	2026-09-11T00:40:31.1749110Z     t =    19.16s     Checking `Expect predicate `existsNoRetry == 1` for object "connection.input" TextView`
Build And Test iOS App	Generate, build, and run implementation checks	2026-09-11T00:40:31.1751870Z     t =    19.16s         Checking existence of `"connection.input" TextView`
Build And Test iOS App	Generate, build, and run implementation checks	2026-09-11T00:40:31.3612010Z     t =    19.38s Tap "connection.input" TextView
Build And Test iOS App	Generate, build, and run implementation checks	2026-09-11T00:40:31.3631950Z     t =    19.38s     Wait for org.autobyteus.mobile to idle
Build And Test iOS App	Generate, build, and run implementation checks	2026-09-11T00:40:31.3636820Z     t =    19.39s     Find the "connection.input" TextView
Build And Test iOS App	Generate, build, and run implementation checks	2026-09-11T00:40:31.3958610Z     t =    19.43s     Check for interrupting elements affecting "connection.input" TextView
Build And Test iOS App	Generate, build, and run implementation checks	2026-09-11T00:40:31.4611260Z     t =    19.49s     Synthesize event
Build And Test iOS App	Generate, build, and run implementation checks	2026-09-11T00:40:31.9136470Z     t =    19.95s     Wait for org.autobyteus.mobile to idle
Build And Test iOS App	Generate, build, and run implementation checks	2026-09-11T00:40:35.1700640Z     t =    23.01s Type 'http://127.0.0.1:2...' into "connection.input" TextView
Build And Test iOS App	Generate, build, and run implementation checks	2026-09-11T00:40:35.1857260Z     t =    23.02s     Wait for org.autobyteus.mobile to idle
Build And Test iOS App	Generate, build, and run implementation checks	2026-09-11T00:40:35.1965240Z     t =    23.16s     Find the "connection.input" TextView
Build And Test iOS App	Generate, build, and run implementation checks	2026-09-11T00:40:35.4758590Z     t =    23.48s     Check for interrupting elements affecting "connection.input" TextView
Build And Test iOS App	Generate, build, and run implementation checks	2026-09-11T00:40:35.5422470Z     t =    23.56s     Synthesize event
Build And Test iOS App	Generate, build, and run implementation checks	2026-09-11T00:40:36.3615900Z     t =    24.28s     Wait for org.autobyteus.mobile to idle
Build And Test iOS App	Generate, build, and run implementation checks	2026-09-11T00:40:36.4334060Z     t =    24.32s Tap "connection.httpAcknowledgement" Switch
Build And Test iOS App	Generate, build, and run implementation checks	2026-09-11T00:40:36.4336990Z     t =    24.32s     Wait for org.autobyteus.mobile to idle
Build And Test iOS App	Generate, build, and run implementation checks	2026-09-11T00:40:36.4582340Z     t =    24.32s     Find the "connection.httpAcknowledgement" Switch
Build And Test iOS App	Generate, build, and run implementation checks	2026-09-11T00:40:36.4913890Z     t =    24.50s     Check for interrupting elements affecting "connection.httpAcknowledgement" Switch
Build And Test iOS App	Generate, build, and run implementation checks	2026-09-11T00:40:36.5661810Z     t =    24.58s     Synthesize event
Build And Test iOS App	Generate, build, and run implementation checks	2026-09-11T00:40:36.9489400Z     t =    24.91s     Wait for org.autobyteus.mobile to idle
Build And Test iOS App	Generate, build, and run implementation checks	2026-09-11T00:40:38.2836370Z     t =    26.24s Tap "connection.connect" Button
Build And Test iOS App	Generate, build, and run implementation checks	2026-09-11T00:40:38.2943580Z     t =    26.24s     Wait for org.autobyteus.mobile to idle
Build And Test iOS App	Generate, build, and run implementation checks	2026-09-11T00:40:38.3073350Z     t =    26.27s     Find the "connection.connect" Button
Build And Test iOS App	Generate, build, and run implementation checks	2026-09-11T00:40:38.3454940Z     t =    26.37s     Check for interrupting elements affecting "connection.connect" Button
Build And Test iOS App	Generate, build, and run implementation checks	2026-09-11T00:40:38.4620050Z     t =    26.47s     Synthesize event
Build And Test iOS App	Generate, build, and run implementation checks	2026-09-11T00:40:38.8542110Z     t =    26.80s     Wait for org.autobyteus.mobile to idle
Build And Test iOS App	Generate, build, and run implementation checks	2026-09-11T00:40:39.2769340Z     t =    27.17s Waiting 20.0s for WebView (First Match) to exist
Build And Test iOS App	Generate, build, and run implementation checks	2026-09-11T00:40:40.2822480Z     t =    28.23s     Checking `Expect predicate `existsNoRetry == 1` for object WebView (First Match)`
Build And Test iOS App	Generate, build, and run implementation checks	2026-09-11T00:40:40.2834460Z     t =    28.23s         Checking existence of `WebView (First Match)`
Build And Test iOS App	Generate, build, and run implementation checks	2026-09-11T00:40:40.3413380Z     t =    28.36s         Capturing element debug description
Build And Test iOS App	Generate, build, and run implementation checks	2026-09-11T00:40:42.2185510Z     t =    29.23s     Checking `Expect predicate `existsNoRetry == 1` for object WebView (First Match)`
Build And Test iOS App	Generate, build, and run implementation checks	2026-09-11T00:40:42.2488600Z     t =    29.24s         Checking existence of `WebView (First Match)`
Build And Test iOS App	Generate, build, and run implementation checks	2026-09-11T00:40:42.5613600Z     t =    30.30s Waiting 20.0s for "AUTOBYTEUS_FAKE_MOBILE_READY" StaticText to exist
Build And Test iOS App	Generate, build, and run implementation checks	2026-09-11T00:40:43.5676510Z     t =    31.32s     Checking `Expect predicate `existsNoRetry == 1` for object "AUTOBYTEUS_FAKE_MOBILE_READY" StaticText`
Build And Test iOS App	Generate, build, and run implementation checks	2026-09-11T00:40:43.6923540Z     t =    31.33s         Checking existence of `"AUTOBYTEUS_FAKE_MOBILE_READY" StaticText`
Build And Test iOS App	Generate, build, and run implementation checks	2026-09-11T00:40:44.2168290Z     t =    32.21s         Capturing element debug description
Build And Test iOS App	Generate, build, and run implementation checks	2026-09-11T00:40:44.3430160Z     t =    32.31s     Checking `Expect predicate `existsNoRetry == 1` for object "AUTOBYTEUS_FAKE_MOBILE_READY" StaticText`
Build And Test iOS App	Generate, build, and run implementation checks	2026-09-11T00:40:44.3555290Z     t =    32.31s         Checking existence of `"AUTOBYTEUS_FAKE_MOBILE_READY" StaticText`
Build And Test iOS App	Generate, build, and run implementation checks	2026-09-11T00:40:44.3774060Z     t =    32.39s         Capturing element debug description
Build And Test iOS App	Generate, build, and run implementation checks	2026-09-11T00:40:45.3188960Z     t =    33.34s     Checking `Expect predicate `existsNoRetry == 1` for object "AUTOBYTEUS_FAKE_MOBILE_READY" StaticText`
Build And Test iOS App	Generate, build, and run implementation checks	2026-09-11T00:40:45.3239060Z     t =    33.34s         Checking existence of `"AUTOBYTEUS_FAKE_MOBILE_READY" StaticText`
Build And Test iOS App	Generate, build, and run implementation checks	2026-09-11T00:40:45.3241980Z     t =    33.36s         Capturing element debug description
Build And Test iOS App	Generate, build, and run implementation checks	2026-09-11T00:40:46.6398470Z     t =    34.38s     Checking `Expect predicate `existsNoRetry == 1` for object "AUTOBYTEUS_FAKE_MOBILE_READY" StaticText`
Build And Test iOS App	Generate, build, and run implementation checks	2026-09-11T00:40:46.6400870Z     t =    34.38s         Checking existence of `"AUTOBYTEUS_FAKE_MOBILE_READY" StaticText`
Build And Test iOS App	Generate, build, and run implementation checks	2026-09-11T00:40:47.4662170Z     t =    34.92s         Capturing element debug description
Build And Test iOS App	Generate, build, and run implementation checks	2026-09-11T00:40:47.5455740Z     t =    35.32s     Checking `Expect predicate `existsNoRetry == 1` for object "AUTOBYTEUS_FAKE_MOBILE_READY" StaticText`
Build And Test iOS App	Generate, build, and run implementation checks	2026-09-11T00:40:47.5501120Z     t =    35.32s         Checking existence of `"AUTOBYTEUS_FAKE_MOBILE_READY" StaticText`
Build And Test iOS App	Generate, build, and run implementation checks	2026-09-11T00:40:47.9556400Z     t =    35.75s         Capturing element debug description
Build And Test iOS App	Generate, build, and run implementation checks	2026-09-11T00:40:48.4525170Z     t =    36.36s     Checking `Expect predicate `existsNoRetry == 1` for object "AUTOBYTEUS_FAKE_MOBILE_READY" StaticText`
Build And Test iOS App	Generate, build, and run implementation checks	2026-09-11T00:40:48.7903610Z     t =    36.36s         Checking existence of `"AUTOBYTEUS_FAKE_MOBILE_READY" StaticText`
Build And Test iOS App	Generate, build, and run implementation checks	2026-09-11T00:40:49.0367320Z     t =    36.91s         Capturing element debug description
Build And Test iOS App	Generate, build, and run implementation checks	2026-09-11T00:40:49.4526260Z     t =    37.33s     Checking `Expect predicate `existsNoRetry == 1` for object "AUTOBYTEUS_FAKE_MOBILE_READY" StaticText`
Build And Test iOS App	Generate, build, and run implementation checks	2026-09-11T00:40:49.4532870Z     t =    37.33s         Checking existence of `"AUTOBYTEUS_FAKE_MOBILE_READY" StaticText`
Build And Test iOS App	Generate, build, and run implementation checks	2026-09-11T00:40:49.7043990Z     t =    37.58s         Capturing element debug description
Build And Test iOS App	Generate, build, and run implementation checks	2026-09-11T00:40:50.5378160Z     t =    38.31s     Checking `Expect predicate `existsNoRetry == 1` for object "AUTOBYTEUS_FAKE_MOBILE_READY" StaticText`
Build And Test iOS App	Generate, build, and run implementation checks	2026-09-11T00:40:50.5381470Z     t =    38.31s         Checking existence of `"AUTOBYTEUS_FAKE_MOBILE_READY" StaticText`
Build And Test iOS App	Generate, build, and run implementation checks	2026-09-11T00:40:51.1155860Z     t =    38.66s         Capturing element debug description
Build And Test iOS App	Generate, build, and run implementation checks	2026-09-11T00:40:51.4451860Z     t =    39.38s     Checking `Expect predicate `existsNoRetry == 1` for object "AUTOBYTEUS_FAKE_MOBILE_READY" StaticText`
Build And Test iOS App	Generate, build, and run implementation checks	2026-09-11T00:40:51.5277700Z     t =    39.38s         Checking existence of `"AUTOBYTEUS_FAKE_MOBILE_READY" StaticText`
Build And Test iOS App	Generate, build, and run implementation checks	2026-09-11T00:40:51.9996050Z     t =    39.65s         Capturing element debug description
Build And Test iOS App	Generate, build, and run implementation checks	2026-09-11T00:40:52.3639160Z     t =    40.32s     Checking `Expect predicate `existsNoRetry == 1` for object "AUTOBYTEUS_FAKE_MOBILE_READY" StaticText`
Build And Test iOS App	Generate, build, and run implementation checks	2026-09-11T00:40:52.4127900Z     t =    40.32s         Checking existence of `"AUTOBYTEUS_FAKE_MOBILE_READY" StaticText`
Build And Test iOS App	Generate, build, and run implementation checks	2026-09-11T00:40:52.5812590Z     t =    40.57s Find the Target Application 'org.autobyteus.mobile'
Build And Test iOS App	Generate, build, and run implementation checks	2026-09-11T00:40:54.8008650Z     t =    42.84s Added attachment named 'fake-mobile-opened'
Build And Test iOS App	Generate, build, and run implementation checks	2026-09-11T00:40:54.8060710Z     t =    42.84s Terminate org.autobyteus.mobile:9000
Build And Test iOS App	Generate, build, and run implementation checks	2026-09-11T00:40:55.9401450Z     t =    43.85s Open org.autobyteus.mobile
Build And Test iOS App	Generate, build, and run implementation checks	2026-09-11T00:40:55.9402800Z     t =    43.85s     Launch org.autobyteus.mobile
Build And Test iOS App	Generate, build, and run implementation checks	2026-09-11T00:41:01.9274320Z     t =    49.86s         Setting up automation session
Build And Test iOS App	Generate, build, and run implementation checks	2026-09-11T00:41:06.3789910Z     t =    51.81s         Wait for org.autobyteus.mobile to idle
Build And Test iOS App	Generate, build, and run implementation checks	2026-09-11T00:41:07.1233230Z     t =    53.70s Waiting 20.0s for WebView (First Match) to exist
Build And Test iOS App	Generate, build, and run implementation checks	2026-09-11T00:41:22.0043860Z     t =    54.77s     Checking `Expect predicate `existsNoRetry == 1` for object WebView (First Match)`
Build And Test iOS App	Generate, build, and run implementation checks	2026-09-11T00:41:22.4113200Z     t =    54.77s         Checking existence of `WebView (First Match)`
Build And Test iOS App	Generate, build, and run implementation checks	2026-09-11T00:41:28.4296260Z     t =    74.03s         Capturing element debug description
Build And Test iOS App	Generate, build, and run implementation checks	2026-09-11T00:41:28.4299310Z     t =    74.06s     Checking existence of `WebView (First Match)`
Build And Test iOS App	Generate, build, and run implementation checks	2026-09-11T00:41:37.6193940Z     t =    85.43s Collecting debug information to assist test failure triage
Build And Test iOS App	Generate, build, and run implementation checks	2026-09-11T00:41:39.2030310Z     t =    85.43s     Requesting snapshot of accessibility hierarchy for app with pid 9811
Build And Test iOS App	Generate, build, and run implementation checks	2026-09-11T00:41:39.5015180Z /Users/runner/work/autobyteus-workspace/autobyteus-workspace/autobyteus-ios/AutoByteusMobileUITests/AutoByteusMobileUITests.swift:66: error: -[AutoByteusMobileUITests.AutoByteusMobileUITests testFakeNodeOpensAndRestoresWithFakeMobileMarker] : XCTAssertTrue failed - Expected WebView to exist
Build And Test iOS App	Generate, build, and run implementation checks	2026-09-11T00:41:39.5392010Z     t =    85.59s Waiting 20.0s for "AUTOBYTEUS_FAKE_MOBILE_READY" StaticText to exist
Build And Test iOS App	Generate, build, and run implementation checks	2026-09-11T00:41:39.5396980Z     t =    86.59s     Checking `Expect predicate `existsNoRetry == 1` for object "AUTOBYTEUS_FAKE_MOBILE_READY" StaticText`
Build And Test iOS App	Generate, build, and run implementation checks	2026-09-11T00:41:39.5510860Z     t =    86.60s         Checking existence of `"AUTOBYTEUS_FAKE_MOBILE_READY" StaticText`
Build And Test iOS App	Generate, build, and run implementation checks	2026-09-11T00:41:39.5616070Z     t =    87.58s         Capturing element debug description
Build And Test iOS App	Generate, build, and run implementation checks	2026-09-11T00:41:40.4683720Z     t =    87.67s     Checking `Expect predicate `existsNoRetry == 1` for object "AUTOBYTEUS_FAKE_MOBILE_READY" StaticText`
Build And Test iOS App	Generate, build, and run implementation checks	2026-09-11T00:41:40.5504230Z     t =    87.67s         Checking existence of `"AUTOBYTEUS_FAKE_MOBILE_READY" StaticText`
Build And Test iOS App	Generate, build, and run implementation checks	2026-09-11T00:41:40.6394330Z     t =    88.63s         Capturing element debug description
Build And Test iOS App	Generate, build, and run implementation checks	2026-09-11T00:41:41.8315750Z     t =    89.69s     Checking `Expect predicate `existsNoRetry == 1` for object "AUTOBYTEUS_FAKE_MOBILE_READY" StaticText`
Build And Test iOS App	Generate, build, and run implementation checks	2026-09-11T00:41:41.8581170Z     t =    89.69s         Checking existence of `"AUTOBYTEUS_FAKE_MOBILE_READY" StaticText`
Build And Test iOS App	Generate, build, and run implementation checks	2026-09-11T00:41:41.9001110Z     t =    89.88s         Capturing element debug description
Build And Test iOS App	Generate, build, and run implementation checks	2026-09-11T00:41:42.7225190Z     t =    90.66s     Checking `Expect predicate `existsNoRetry == 1` for object "AUTOBYTEUS_FAKE_MOBILE_READY" StaticText`
Build And Test iOS App	Generate, build, and run implementation checks	2026-09-11T00:41:42.7329330Z     t =    90.66s         Checking existence of `"AUTOBYTEUS_FAKE_MOBILE_READY" StaticText`
Build And Test iOS App	Generate, build, and run implementation checks	2026-09-11T00:41:42.7549280Z     t =    90.76s         Capturing element debug description
Build And Test iOS App	Generate, build, and run implementation checks	2026-09-11T00:41:43.6226700Z     t =    91.61s     Checking `Expect predicate `existsNoRetry == 1` for object "AUTOBYTEUS_FAKE_MOBILE_READY" StaticText`
Build And Test iOS App	Generate, build, and run implementation checks	2026-09-11T00:41:43.6348200Z     t =    91.61s         Checking existence of `"AUTOBYTEUS_FAKE_MOBILE_READY" StaticText`
Build And Test iOS App	Generate, build, and run implementation checks	2026-09-11T00:41:43.6359580Z     t =    91.67s         Capturing element debug description
Build And Test iOS App	Generate, build, and run implementation checks	2026-09-11T00:41:44.6327640Z     t =    92.61s     Checking `Expect predicate `existsNoRetry == 1` for object "AUTOBYTEUS_FAKE_MOBILE_READY" StaticText`
Build And Test iOS App	Generate, build, and run implementation checks	2026-09-11T00:41:44.6388860Z     t =    92.61s         Checking existence of `"AUTOBYTEUS_FAKE_MOBILE_READY" StaticText`
Build And Test iOS App	Generate, build, and run implementation checks	2026-09-11T00:41:44.6760930Z     t =    92.68s         Capturing element debug description
Build And Test iOS App	Generate, build, and run implementation checks	2026-09-11T00:41:45.6383940Z     t =    93.62s     Checking `Expect predicate `existsNoRetry == 1` for object "AUTOBYTEUS_FAKE_MOBILE_READY" StaticText`
Build And Test iOS App	Generate, build, and run implementation checks	2026-09-11T00:41:45.6576070Z     t =    93.62s         Checking existence of `"AUTOBYTEUS_FAKE_MOBILE_READY" StaticText`
Build And Test iOS App	Generate, build, and run implementation checks	2026-09-11T00:41:45.6836970Z     t =    93.68s         Capturing element debug description
Build And Test iOS App	Generate, build, and run implementation checks	2026-09-11T00:41:46.6772270Z     t =    94.63s     Checking `Expect predicate `existsNoRetry == 1` for object "AUTOBYTEUS_FAKE_MOBILE_READY" StaticText`
Build And Test iOS App	Generate, build, and run implementation checks	2026-09-11T00:41:46.6796630Z     t =    94.63s         Checking existence of `"AUTOBYTEUS_FAKE_MOBILE_READY" StaticText`
Build And Test iOS App	Generate, build, and run implementation checks	2026-09-11T00:41:46.6908820Z     t =    94.71s         Capturing element debug description
Build And Test iOS App	Generate, build, and run implementation checks	2026-09-11T00:41:47.7106420Z     t =    95.63s     Checking `Expect predicate `existsNoRetry == 1` for object "AUTOBYTEUS_FAKE_MOBILE_READY" StaticText`
Build And Test iOS App	Generate, build, and run implementation checks	2026-09-11T00:41:47.7236460Z     t =    95.63s         Checking existence of `"AUTOBYTEUS_FAKE_MOBILE_READY" StaticText`
Build And Test iOS App	Generate, build, and run implementation checks	2026-09-11T00:41:47.8167760Z     t =    95.82s         Capturing element debug description
Build And Test iOS App	Generate, build, and run implementation checks	2026-09-11T00:41:48.6993610Z     t =    96.67s     Checking `Expect predicate `existsNoRetry == 1` for object "AUTOBYTEUS_FAKE_MOBILE_READY" StaticText`
Build And Test iOS App	Generate, build, and run implementation checks	2026-09-11T00:41:48.7097550Z     t =    96.68s         Checking existence of `"AUTOBYTEUS_FAKE_MOBILE_READY" StaticText`
Build And Test iOS App	Generate, build, and run implementation checks	2026-09-11T00:41:48.7204710Z     t =    96.73s         Capturing element debug description
Build And Test iOS App	Generate, build, and run implementation checks	2026-09-11T00:41:49.9607410Z     t =    97.62s     Checking `Expect predicate `existsNoRetry == 1` for object "AUTOBYTEUS_FAKE_MOBILE_READY" StaticText`
Build And Test iOS App	Generate, build, and run implementation checks	2026-09-11T00:41:50.0089590Z     t =    97.62s         Checking existence of `"AUTOBYTEUS_FAKE_MOBILE_READY" StaticText`
Build And Test iOS App	Generate, build, and run implementation checks	2026-09-11T00:41:50.1770750Z     t =    98.05s         Capturing element debug description
Build And Test iOS App	Generate, build, and run implementation checks	2026-09-11T00:41:50.7647530Z     t =    98.68s     Checking `Expect predicate `existsNoRetry == 1` for object "AUTOBYTEUS_FAKE_MOBILE_READY" StaticText`
Build And Test iOS App	Generate, build, and run implementation checks	2026-09-11T00:41:50.8018330Z     t =    98.68s         Checking existence of `"AUTOBYTEUS_FAKE_MOBILE_READY" StaticText`
Build And Test iOS App	Generate, build, and run implementation checks	2026-09-11T00:41:50.8135580Z     t =    98.81s         Capturing element debug description
Build And Test iOS App	Generate, build, and run implementation checks	2026-09-11T00:41:52.0943770Z     t =    99.68s     Checking `Expect predicate `existsNoRetry == 1` for object "AUTOBYTEUS_FAKE_MOBILE_READY" StaticText`
Build And Test iOS App	Generate, build, and run implementation checks	2026-09-11T00:41:52.0956570Z     t =    99.68s         Checking existence of `"AUTOBYTEUS_FAKE_MOBILE_READY" StaticText`
Build And Test iOS App	Generate, build, and run implementation checks	2026-09-11T00:41:52.1711300Z     t =   100.19s         Capturing element debug description
Build And Test iOS App	Generate, build, and run implementation checks	2026-09-11T00:41:52.6169460Z     t =   100.62s     Checking `Expect predicate `existsNoRetry == 1` for object "AUTOBYTEUS_FAKE_MOBILE_READY" StaticText`
Build And Test iOS App	Generate, build, and run implementation checks	2026-09-11T00:41:52.6263540Z     t =   100.62s         Checking existence of `"AUTOBYTEUS_FAKE_MOBILE_READY" StaticText`
Build And Test iOS App	Generate, build, and run implementation checks	2026-09-11T00:41:52.7033670Z     t =   100.73s         Capturing element debug description
Build And Test iOS App	Generate, build, and run implementation checks	2026-09-11T00:41:53.6951880Z     t =   101.63s     Checking `Expect predicate `existsNoRetry == 1` for object "AUTOBYTEUS_FAKE_MOBILE_READY" StaticText`
Build And Test iOS App	Generate, build, and run implementation checks	2026-09-11T00:41:53.7067100Z     t =   101.63s         Checking existence of `"AUTOBYTEUS_FAKE_MOBILE_READY" StaticText`
Build And Test iOS App	Generate, build, and run implementation checks	2026-09-11T00:41:53.8724110Z     t =   101.75s         Capturing element debug description
Build And Test iOS App	Generate, build, and run implementation checks	2026-09-11T00:41:54.6003450Z     t =   102.61s     Checking `Expect predicate `existsNoRetry == 1` for object "AUTOBYTEUS_FAKE_MOBILE_READY" StaticText`
Build And Test iOS App	Generate, build, and run implementation checks	2026-09-11T00:41:54.6130610Z     t =   102.61s         Checking existence of `"AUTOBYTEUS_FAKE_MOBILE_READY" StaticText`
Build And Test iOS App	Generate, build, and run implementation checks	2026-09-11T00:41:54.7141700Z     t =   102.71s         Capturing element debug description
Build And Test iOS App	Generate, build, and run implementation checks	2026-09-11T00:41:55.6639320Z     t =   103.63s     Checking `Expect predicate `existsNoRetry == 1` for object "AUTOBYTEUS_FAKE_MOBILE_READY" StaticText`
Build And Test iOS App	Generate, build, and run implementation checks	2026-09-11T00:41:55.6776610Z     t =   103.63s         Checking existence of `"AUTOBYTEUS_FAKE_MOBILE_READY" StaticText`
Build And Test iOS App	Generate, build, and run implementation checks	2026-09-11T00:41:55.7029160Z     t =   103.70s         Capturing element debug description
Build And Test iOS App	Generate, build, and run implementation checks	2026-09-11T00:41:56.6291130Z     t =   104.61s     Checking `Expect predicate `existsNoRetry == 1` for object "AUTOBYTEUS_FAKE_MOBILE_READY" StaticText`
Build And Test iOS App	Generate, build, and run implementation checks	2026-09-11T00:41:56.6319230Z     t =   104.61s         Checking existence of `"AUTOBYTEUS_FAKE_MOBILE_READY" StaticText`
Build And Test iOS App	Generate, build, and run implementation checks	2026-09-11T00:41:56.6683410Z     t =   104.67s         Capturing element debug description
Build And Test iOS App	Generate, build, and run implementation checks	2026-09-11T00:41:57.6082050Z     t =   105.60s     Checking existence of `"AUTOBYTEUS_FAKE_MOBILE_READY" StaticText`
Build And Test iOS App	Generate, build, and run implementation checks	2026-09-11T00:41:57.7117850Z     t =   105.67s Collecting debug information to assist test failure triage
Build And Test iOS App	Generate, build, and run implementation checks	2026-09-11T00:41:57.7353290Z     t =   105.67s     Requesting snapshot of accessibility hierarchy for app with pid 9811
Build And Test iOS App	Generate, build, and run implementation checks	2026-09-11T00:41:57.7900840Z /Users/runner/work/autobyteus-workspace/autobyteus-workspace/autobyteus-ios/AutoByteusMobileUITests/AutoByteusMobileUITests.swift:68: error: -[AutoByteusMobileUITests.AutoByteusMobileUITests testFakeNodeOpensAndRestoresWithFakeMobileMarker] : XCTAssertTrue failed - Expected fake /mobile marker to be visible in WKWebView
Build And Test iOS App	Generate, build, and run implementation checks	2026-09-11T00:41:57.8228630Z     t =   105.76s Find the Target Application 'org.autobyteus.mobile'
Build And Test iOS App	Generate, build, and run implementation checks	2026-09-11T00:41:58.0804020Z     t =   106.07s Added attachment named 'fake-mobile-restored'
Build And Test iOS App	Generate, build, and run implementation checks	2026-09-11T00:41:58.1408590Z     t =   106.08s Tear Down
Build And Test iOS App	Generate, build, and run implementation checks	2026-09-11T00:42:00.3405360Z Test Case '-[AutoByteusMobileUITests.AutoByteusMobileUITests testFakeNodeOpensAndRestoresWithFakeMobileMarker]' failed (108.270 seconds).
Build And Test iOS App	Generate, build, and run implementation checks	2026-09-11T00:42:00.3570210Z Test Case '-[AutoByteusMobileUITests.AutoByteusMobileUITests testUnreachableNodeShowsNativeDiagnosticWhenSmokeEnvironmentIsPresent]' started.
Build And Test iOS App	Generate, build, and run implementation checks	2026-09-11T00:42:00.4092150Z     t =     0.00s Start Test at 2026-09-11 00:42:00.237
Build And Test iOS App	Generate, build, and run implementation checks	2026-09-11T00:42:00.7355480Z     t =     0.15s Set Up
Build And Test iOS App	Generate, build, and run implementation checks	2026-09-11T00:42:00.7501480Z     t =     0.16s Open org.autobyteus.mobile
Build And Test iOS App	Generate, build, and run implementation checks	2026-09-11T00:42:00.7780920Z     t =     0.16s     Launch org.autobyteus.mobile
Build And Test iOS App	Generate, build, and run implementation checks	2026-09-11T00:42:00.7912980Z     t =     0.16s         Terminate org.autobyteus.mobile:9811
Build And Test iOS App	Generate, build, and run implementation checks	2026-09-11T00:42:05.1901430Z     t =     4.84s         Setting up automation session
Build And Test iOS App	Generate, build, and run implementation checks	2026-09-11T00:42:09.2675290Z     t =     9.01s         Wait for org.autobyteus.mobile to idle
Build And Test iOS App	Generate, build, and run implementation checks	2026-09-11T00:42:10.8565960Z     t =    10.61s Waiting 10.0s for "connection.input" TextView to exist
Build And Test iOS App	Generate, build, and run implementation checks	2026-09-11T00:42:11.8844620Z     t =    11.64s     Checking `Expect predicate `existsNoRetry == 1` for object "connection.input" TextView`
Build And Test iOS App	Generate, build, and run implementation checks	2026-09-11T00:42:11.8993530Z     t =    11.64s         Checking existence of `"connection.input" TextView`
Build And Test iOS App	Generate, build, and run implementation checks	2026-09-11T00:42:12.0760610Z     t =    11.80s Tap "connection.input" TextView
Build And Test iOS App	Generate, build, and run implementation checks	2026-09-11T00:42:12.0856080Z     t =    11.80s     Wait for org.autobyteus.mobile to idle
Build And Test iOS App	Generate, build, and run implementation checks	2026-09-11T00:42:12.0859110Z     t =    11.84s     Find the "connection.input" TextView
Build And Test iOS App	Generate, build, and run implementation checks	2026-09-11T00:42:12.1369040Z     t =    11.89s     Check for interrupting elements affecting "connection.input" TextView
Build And Test iOS App	Generate, build, and run implementation checks	2026-09-11T00:42:12.2347940Z     t =    12.00s     Synthesize event
Build And Test iOS App	Generate, build, and run implementation checks	2026-09-11T00:42:12.6212170Z     t =    12.38s     Wait for org.autobyteus.mobile to idle
Build And Test iOS App	Generate, build, and run implementation checks	2026-09-11T00:42:14.3961310Z     t =    14.15s Type 'http://127.0.0.1:9...' into "connection.input" TextView
Build And Test iOS App	Generate, build, and run implementation checks	2026-09-11T00:42:14.3962550Z     t =    14.15s     Wait for org.autobyteus.mobile to idle
Build And Test iOS App	Generate, build, and run implementation checks	2026-09-11T00:42:14.7503680Z     t =    14.40s     Find the "connection.input" TextView
Build And Test iOS App	Generate, build, and run implementation checks	2026-09-11T00:42:15.0036930Z     t =    14.74s     Check for interrupting elements affecting "connection.input" TextView
Build And Test iOS App	Generate, build, and run implementation checks	2026-09-11T00:42:15.2372500Z     t =    14.85s     Synthesize event
Build And Test iOS App	Generate, build, and run implementation checks	2026-09-11T00:42:16.0518150Z     t =    15.49s     Wait for org.autobyteus.mobile to idle
Build And Test iOS App	Generate, build, and run implementation checks	2026-09-11T00:42:16.1272860Z     t =    15.80s Tap "connection.httpAcknowledgement" Switch
Build And Test iOS App	Generate, build, and run implementation checks	2026-09-11T00:42:16.1394140Z     t =    15.80s     Wait for org.autobyteus.mobile to idle
Build And Test iOS App	Generate, build, and run implementation checks	2026-09-11T00:42:16.1600320Z     t =    15.81s     Find the "connection.httpAcknowledgement" Switch
Build And Test iOS App	Generate, build, and run implementation checks	2026-09-11T00:42:16.2796170Z     t =    15.96s     Check for interrupting elements affecting "connection.httpAcknowledgement" Switch
Build And Test iOS App	Generate, build, and run implementation checks	2026-09-11T00:42:16.4131260Z     t =    16.14s     Synthesize event
Build And Test iOS App	Generate, build, and run implementation checks	2026-09-11T00:42:16.7913380Z     t =    16.54s     Wait for org.autobyteus.mobile to idle
Build And Test iOS App	Generate, build, and run implementation checks	2026-09-11T00:42:18.1397250Z     t =    17.85s Tap "connection.connect" Button
Build And Test iOS App	Generate, build, and run implementation checks	2026-09-11T00:42:18.1502480Z     t =    17.85s     Wait for org.autobyteus.mobile to idle
Build And Test iOS App	Generate, build, and run implementation checks	2026-09-11T00:42:18.1800310Z     t =    17.86s     Find the "connection.connect" Button
Build And Test iOS App	Generate, build, and run implementation checks	2026-09-11T00:42:18.2866930Z     t =    18.03s     Check for interrupting elements affecting "connection.connect" Button
Build And Test iOS App	Generate, build, and run implementation checks	2026-09-11T00:42:18.4216020Z     t =    18.14s     Synthesize event
Build And Test iOS App	Generate, build, and run implementation checks	2026-09-11T00:42:18.9506400Z     t =    18.53s     Wait for org.autobyteus.mobile to idle
Build And Test iOS App	Generate, build, and run implementation checks	2026-09-11T00:42:19.2175700Z     t =    18.94s Waiting 15.0s for StaticText (First Match) to exist
Build And Test iOS App	Generate, build, and run implementation checks	2026-09-11T00:42:20.2178630Z     t =    19.95s     Checking `Expect predicate `existsNoRetry == 1` for object StaticText (First Match)`
Build And Test iOS App	Generate, build, and run implementation checks	2026-09-11T00:42:20.2289050Z     t =    19.95s         Checking existence of `StaticText (First Match)`
Build And Test iOS App	Generate, build, and run implementation checks	2026-09-11T00:42:20.3335980Z     t =    20.09s Find the Target Application 'org.autobyteus.mobile'
Build And Test iOS App	Generate, build, and run implementation checks	2026-09-11T00:42:20.6074170Z     t =    20.35s Added attachment named 'native-unreachable-diagnostic'
Build And Test iOS App	Generate, build, and run implementation checks	2026-09-11T00:42:20.6366790Z     t =    20.36s Tear Down
Build And Test iOS App	Generate, build, and run implementation checks	2026-09-11T00:42:20.8846840Z Test Case '-[AutoByteusMobileUITests.AutoByteusMobileUITests testUnreachableNodeShowsNativeDiagnosticWhenSmokeEnvironmentIsPresent]' passed (20.620 seconds).
Build And Test iOS App	Generate, build, and run implementation checks	2026-09-11T00:42:20.8879720Z Test Suite 'AutoByteusMobileUITests' failed at 2026-09-11 00:42:20.855.
Build And Test iOS App	Generate, build, and run implementation checks	2026-09-11T00:42:20.8913730Z 	 Executed 2 tests, with 2 failures (0 unexpected) in 128.889 (128.892) seconds
Build And Test iOS App	Generate, build, and run implementation checks	2026-09-11T00:42:20.8915360Z Test Suite 'AutoByteusMobileUITests.xctest' failed at 2026-09-11 00:42:20.856.
Build And Test iOS App	Generate, build, and run implementation checks	2026-09-11T00:42:20.8916330Z 	 Executed 2 tests, with 2 failures (0 unexpected) in 128.889 (128.893) seconds
Build And Test iOS App	Generate, build, and run implementation checks	2026-09-11T00:42:20.8917760Z Test Suite 'All tests' failed at 2026-09-11 00:42:20.856.
Build And Test iOS App	Generate, build, and run implementation checks	2026-09-11T00:42:20.8919010Z 	 Executed 2 tests, with 2 failures (0 unexpected) in 128.889 (128.893) seconds
Build And Test iOS App	Generate, build, and run implementation checks	2026-09-11T00:43:05.9248160Z 2026-09-11 00:43:05.912 xcodebuild[6399:26201] [MT] IDETestOperationsObserverDebug: 239.299 elapsed -- Testing started completed.
Build And Test iOS App	Generate, build, and run implementation checks	2026-09-11T00:43:05.9362410Z 2026-09-11 00:43:05.913 xcodebuild[6399:26201] [MT] IDETestOperationsObserverDebug: 0.000 sec, +0.000 sec -- start
Build And Test iOS App	Generate, build, and run implementation checks	2026-09-11T00:43:05.9466130Z 2026-09-11 00:43:05.913 xcodebuild[6399:26201] [MT] IDETestOperationsObserverDebug: 239.299 sec, +239.299 sec -- end
Build And Test iOS App	Generate, build, and run implementation checks	2026-09-11T00:43:06.1899010Z ** TEST FAILED **
Build And Test iOS App	Generate, build, and run implementation checks	2026-09-11T00:43:06.1911160Z 
Build And Test iOS App	Generate, build, and run implementation checks	2026-09-11T00:43:06.1932400Z 
Build And Test iOS App	Generate, build, and run implementation checks	2026-09-11T00:43:06.1933110Z Test session results, code coverage, and logs:
Build And Test iOS App	Generate, build, and run implementation checks	2026-09-11T00:43:06.1934750Z 	/Users/runner/work/_temp/ios-smoke/AutoByteusMobile.xcresult
Build And Test iOS App	Generate, build, and run implementation checks	2026-09-11T00:43:06.1951110Z 
Build And Test iOS App	Generate, build, and run implementation checks	2026-09-11T00:43:14.2093250Z Testing started
Build And Test iOS App	Generate, build, and run implementation checks	2026-09-11T00:43:14.4466640Z ##[error]Process completed with exit code 65.
